"Date","Source","Site ID","POC","Daily Mean PM2.5 Concentration","Units","Daily AQI Value","Local Site Name","Daily Obs Count","Percent Complete","AQS Parameter Code","AQS Parameter Description","Method Code","Method Description","CBSA Code","CBSA Name","State FIPS Code","State","County FIPS Code","County","Site Latitude","Site Longitude"
"01/01/2021","AQS","250250002","1","8.9","ug/m3 LC","49","BOSTON KENMORE SQ","1","100.0000","88101","PM2.5 - Local Conditions","145","R & P Model 2025 PM-2.5 Sequential Air Sampler w/VSCC","14460","Boston-Cambridge-Newton, MA-NH","25","Massachusetts","025","Suffolk","42.3488727124916","-71.0971627875593"
"01/04/2021","AQS","250250002","1","4.7","ug/m3 LC","26","BOSTON KENMORE SQ","1","100.0000","88101","PM2.5 - Local Conditions","145","R & P Model 2025 PM-2.5 Sequential Air Sampler w/VSCC","14460","Boston-Cambridge-Newton, MA-NH","25","Massachusetts","025","Suffolk","42.3488727124916","-71.0971627875593"
"01/07/2021","AQS","250250002","1","7.5","ug/m3 LC","42","BOSTON KENMORE SQ","1","100.0000","88101","PM2.5 - Local Conditions","145","R & P Model 2025 PM-2.5 Sequential Air Sampler w/VSCC","14460","Boston-Cambridge-Newton, MA-NH","25","Massachusetts","025","Suffolk","42.3488727124916","-71.0971627875593"
"01/10/2021","AQS","250250002","1","6.9","ug/m3 LC","38","BOSTON KENMORE SQ","1","100.0000","88101","PM2.5 - Local Conditions","145","R & P Model 2025 PM-2.5 Sequential Air Sampler w/VSCC","14460","Boston-Cambridge-Newton, MA-NH","25","Massachusetts","025","Suffolk","42.3488727124916","-71.0971627875593"
"01/13/2021","AQS","250250002","1","9.6","ug/m3 LC","52","BOSTON KENMORE SQ","1","100.0000","88101","PM2.5 - Local Conditions","145","R & P Model 2025 PM-2.5 Sequential Air Sampler w/VSCC","14460","Boston-Cambridge-Newton, MA-NH","25","Massachusetts","025","Suffolk","42.3488727124916","-71.0971627875593"
"01/16/2021","AQS","250250002","1","5.4","ug/m3 LC","30","BOSTON KENMORE SQ","1","100.0000","88101","PM2.5 - Local Conditions","145","R & P Model 2025 PM-2.5 Sequential Air Sampler w/VSCC","14460","Boston-Cambridge-Newton, MA-NH","25","Massachusetts","025","Suffolk","42.3488727124916","-71.0971627875593"
"01/19/2021","AQS","250250002","1","4.4","ug/m3 LC","24","BOSTON KENMORE SQ","1","100.0000","88101","PM2.5 - Local Conditions","145","R & P Model 2025 PM-2.5 Sequential Air Sampler w/VSCC","14460","Boston-Cambridge-Newton, MA-NH","25","Massachusetts","025","Suffolk","42.3488727124916","-71.0971627875593"
"01/22/2021","AQS","250250002","1","10","ug/m3 LC","53","BOSTON KENMORE SQ","1","100.0000","88101","PM2.5 - Local Conditions","145","R & P Model 2025 PM-2.5 Sequential Air Sampler w/VSCC","14460","Boston-Cambridge-Newton, MA-NH","25","Massachusetts","025","Suffolk","42.3488727124916","-71.0971627875593"
"01/25/2021","AQS","250250002","1","4.5","ug/m3 LC","25","BOSTON KENMORE SQ","1","100.0000","88101","PM2.5 - Local Conditions","145","R & P Model 2025 PM-2.5 Sequential Air Sampler w/VSCC","14460","Boston-Cambridge-Newton, MA-NH","25","Massachusetts","025","Suffolk","42.3488727124916","-71.0971627875593"
"01/28/2021","AQS","250250002","1","7.5","ug/m3 LC","42","BOSTON KENMORE SQ","1","100.0000","88101","PM2.5 - Local Conditions","145","R & P Model 2025 PM-2.5 Sequential Air Sampler w/VSCC","14460","Boston-Cambridge-Newton, MA-NH","25","Massachusetts","025","Suffolk","42.3488727124916","-71.0971627875593"
"01/31/2021","AQS","250250002","1","5.1","ug/m3 LC","28","BOSTON KENMORE SQ","1","100.0000","88101","PM2.5 - Local Conditions","145","R & P Model 2025 PM-2.5 Sequential Air Sampler w/VSCC","14460","Boston-Cambridge-Newton, MA-NH","25","Massachusetts","025","Suffolk","42.3488727124916","-71.0971627875593"
"02/03/2021","AQS","250250002","1","6.5","ug/m3 LC","36","BOSTON KENMORE SQ","1","100.0000","88101","PM2.5 - Local Conditions","145","R & P Model 2025 PM-2.5 Sequential Air Sampler w/VSCC","14460","Boston-Cambridge-Newton, MA-NH","25","Massachusetts","025","Suffolk","42.3488727124916","-71.0971627875593"
"02/06/2021","AQS","250250002","1","11.6","ug/m3 LC","56","BOSTON KENMORE SQ","1","100.0000","88101","PM2.5 - Local Conditions","145","R & P Model 2025 PM-2.5 Sequential Air Sampler w/VSCC","14460","Boston-Cambridge-Newton, MA-NH","25","Massachusetts","025","Suffolk","42.3488727124916","-71.0971627875593"
"02/09/2021","AQS","250250002","1","10.2","ug/m3 LC","53","BOSTON KENMORE SQ","1","100.0000","88101","PM2.5 - Local Conditions","145","R & P Model 2025 PM-2.5 Sequential Air Sampler w/VSCC","14460","Boston-Cambridge-Newton, MA-NH","25","Massachusetts","025","Suffolk","42.3488727124916","-71.0971627875593"
"02/12/2021","AQS","250250002","1","7.3","ug/m3 LC","41","BOSTON KENMORE SQ","1","100.0000","88101","PM2.5 - Local Conditions","145","R & P Model 2025 PM-2.5 Sequential Air Sampler w/VSCC","14460","Boston-Cambridge-Newton, MA-NH","25","Massachusetts","025","Suffolk","42.3488727124916","-71.0971627875593"
"02/21/2021","AQS","250250002","1","4.8","ug/m3 LC","27","BOSTON KENMORE SQ","1","100.0000","88101","PM2.5 - Local Conditions","145","R & P Model 2025 PM-2.5 Sequential Air Sampler w/VSCC","14460","Boston-Cambridge-Newton, MA-NH","25","Massachusetts","025","Suffolk","42.3488727124916","-71.0971627875593"
"02/24/2021","AQS","250250002","1","7.8","ug/m3 LC","43","BOSTON KENMORE SQ","1","100.0000","88101","PM2.5 - Local Conditions","145","R & P Model 2025 PM-2.5 Sequential Air Sampler w/VSCC","14460","Boston-Cambridge-Newton, MA-NH","25","Massachusetts","025","Suffolk","42.3488727124916","-71.0971627875593"
"02/27/2021","AQS","250250002","1","6.4","ug/m3 LC","36","BOSTON KENMORE SQ","1","100.0000","88101","PM2.5 - Local Conditions","145","R & P Model 2025 PM-2.5 Sequential Air Sampler w/VSCC","14460","Boston-Cambridge-Newton, MA-NH","25","Massachusetts","025","Suffolk","42.3488727124916","-71.0971627875593"
"03/02/2021","AQS","250250002","1","4.8","ug/m3 LC","27","BOSTON KENMORE SQ","1","100.0000","88101","PM2.5 - Local Conditions","145","R & P Model 2025 PM-2.5 Sequential Air Sampler w/VSCC","14460","Boston-Cambridge-Newton, MA-NH","25","Massachusetts","025","Suffolk","42.3488727124916","-71.0971627875593"
"03/05/2021","AQS","250250002","1","4.3","ug/m3 LC","24","BOSTON KENMORE SQ","1","100.0000","88101","PM2.5 - Local Conditions","145","R & P Model 2025 PM-2.5 Sequential Air Sampler w/VSCC","14460","Boston-Cambridge-Newton, MA-NH","25","Massachusetts","025","Suffolk","42.3488727124916","-71.0971627875593"
"03/08/2021","AQS","250250002","1","7","ug/m3 LC","39","BOSTON KENMORE SQ","1","100.0000","88101","PM2.5 - Local Conditions","145","R & P Model 2025 PM-2.5 Sequential Air Sampler w/VSCC","14460","Boston-Cambridge-Newton, MA-NH","25","Massachusetts","025","Suffolk","42.3488727124916","-71.0971627875593"
"03/11/2021","AQS","250250002","1","14.7","ug/m3 LC","61","BOSTON KENMORE SQ","1","100.0000","88101","PM2.5 - Local Conditions","145","R & P Model 2025 PM-2.5 Sequential Air Sampler w/VSCC","14460","Boston-Cambridge-Newton, MA-NH","25","Massachusetts","025","Suffolk","42.3488727124916","-71.0971627875593"
"03/23/2021","AQS","250250002","1","8","ug/m3 LC","44","BOSTON KENMORE SQ","1","100.0000","88101","PM2.5 - Local Conditions","145","R & P Model 2025 PM-2.5 Sequential Air Sampler w/VSCC","14460","Boston-Cambridge-Newton, MA-NH","25","Massachusetts","025","Suffolk","42.3488727124916","-71.0971627875593"
"03/26/2021","AQS","250250002","1","10.8","ug/m3 LC","54","BOSTON KENMORE SQ","1","100.0000","88101","PM2.5 - Local Conditions","145","R & P Model 2025 PM-2.5 Sequential Air Sampler w/VSCC","14460","Boston-Cambridge-Newton, MA-NH","25","Massachusetts","025","Suffolk","42.3488727124916","-71.0971627875593"
"03/29/2021","AQS","250250002","1","3.8","ug/m3 LC","21","BOSTON KENMORE SQ","1","100.0000","88101","PM2.5 - Local Conditions","145","R & P Model 2025 PM-2.5 Sequential Air Sampler w/VSCC","14460","Boston-Cambridge-Newton, MA-NH","25","Massachusetts","025","Suffolk","42.3488727124916","-71.0971627875593"
"04/01/2021","AQS","250250002","1","1.5","ug/m3 LC","8","BOSTON KENMORE SQ","1","100.0000","88101","PM2.5 - Local Conditions","145","R & P Model 2025 PM-2.5 Sequential Air Sampler w/VSCC","14460","Boston-Cambridge-Newton, MA-NH","25","Massachusetts","025","Suffolk","42.3488727124916","-71.0971627875593"
"04/04/2021","AQS","250250002","1","6.1","ug/m3 LC","34","BOSTON KENMORE SQ","1","100.0000","88101","PM2.5 - Local Conditions","145","R & P Model 2025 PM-2.5 Sequential Air Sampler w/VSCC","14460","Boston-Cambridge-Newton, MA-NH","25","Massachusetts","025","Suffolk","42.3488727124916","-71.0971627875593"
"04/07/2021","AQS","250250002","1","7.1","ug/m3 LC","39","BOSTON KENMORE SQ","1","100.0000","88101","PM2.5 - Local Conditions","145","R & P Model 2025 PM-2.5 Sequential Air Sampler w/VSCC","14460","Boston-Cambridge-Newton, MA-NH","25","Massachusetts","025","Suffolk","42.3488727124916","-71.0971627875593"
"04/16/2021","AQS","250250002","1","8.3","ug/m3 LC","46","BOSTON KENMORE SQ","1","100.0000","88101","PM2.5 - Local Conditions","145","R & P Model 2025 PM-2.5 Sequential Air Sampler w/VSCC","14460","Boston-Cambridge-Newton, MA-NH","25","Massachusetts","025","Suffolk","42.3488727124916","-71.0971627875593"
"04/22/2021","AQS","250250002","1","4.5","ug/m3 LC","25","BOSTON KENMORE SQ","1","100.0000","88101","PM2.5 - Local Conditions","145","R & P Model 2025 PM-2.5 Sequential Air Sampler w/VSCC","14460","Boston-Cambridge-Newton, MA-NH","25","Massachusetts","025","Suffolk","42.3488727124916","-71.0971627875593"
"04/25/2021","AQS","250250002","1","10.4","ug/m3 LC","53","BOSTON KENMORE SQ","1","100.0000","88101","PM2.5 - Local Conditions","145","R & P Model 2025 PM-2.5 Sequential Air Sampler w/VSCC","14460","Boston-Cambridge-Newton, MA-NH","25","Massachusetts","025","Suffolk","42.3488727124916","-71.0971627875593"
"04/28/2021","AQS","250250002","1","9.6","ug/m3 LC","52","BOSTON KENMORE SQ","1","100.0000","88101","PM2.5 - Local Conditions","145","R & P Model 2025 PM-2.5 Sequential Air Sampler w/VSCC","14460","Boston-Cambridge-Newton, MA-NH","25","Massachusetts","025","Suffolk","42.3488727124916","-71.0971627875593"
"05/01/2021","AQS","250250002","1","2.8","ug/m3 LC","16","BOSTON KENMORE SQ","1","100.0000","88101","PM2.5 - Local Conditions","145","R & P Model 2025 PM-2.5 Sequential Air Sampler w/VSCC","14460","Boston-Cambridge-Newton, MA-NH","25","Massachusetts","025","Suffolk","42.3488727124916","-71.0971627875593"
"05/04/2021","AQS","250250002","1","4.9","ug/m3 LC","27","BOSTON KENMORE SQ","1","100.0000","88101","PM2.5 - Local Conditions","145","R & P Model 2025 PM-2.5 Sequential Air Sampler w/VSCC","14460","Boston-Cambridge-Newton, MA-NH","25","Massachusetts","025","Suffolk","42.3488727124916","-71.0971627875593"
"05/07/2021","AQS","250250002","1","6.5","ug/m3 LC","36","BOSTON KENMORE SQ","1","100.0000","88101","PM2.5 - Local Conditions","145","R & P Model 2025 PM-2.5 Sequential Air Sampler w/VSCC","14460","Boston-Cambridge-Newton, MA-NH","25","Massachusetts","025","Suffolk","42.3488727124916","-71.0971627875593"
"05/10/2021","AQS","250250002","1","5.4","ug/m3 LC","30","BOSTON KENMORE SQ","1","100.0000","88101","PM2.5 - Local Conditions","145","R & P Model 2025 PM-2.5 Sequential Air Sampler w/VSCC","14460","Boston-Cambridge-Newton, MA-NH","25","Massachusetts","025","Suffolk","42.3488727124916","-71.0971627875593"
"05/13/2021","AQS","250250002","1","6.7","ug/m3 LC","37","BOSTON KENMORE SQ","1","100.0000","88101","PM2.5 - Local Conditions","145","R & P Model 2025 PM-2.5 Sequential Air Sampler w/VSCC","14460","Boston-Cambridge-Newton, MA-NH","25","Massachusetts","025","Suffolk","42.3488727124916","-71.0971627875593"
"05/16/2021","AQS","250250002","1","6.9","ug/m3 LC","38","BOSTON KENMORE SQ","1","100.0000","88101","PM2.5 - Local Conditions","145","R & P Model 2025 PM-2.5 Sequential Air Sampler w/VSCC","14460","Boston-Cambridge-Newton, MA-NH","25","Massachusetts","025","Suffolk","42.3488727124916","-71.0971627875593"
"05/19/2021","AQS","250250002","1","10","ug/m3 LC","53","BOSTON KENMORE SQ","1","100.0000","88101","PM2.5 - Local Conditions","145","R & P Model 2025 PM-2.5 Sequential Air Sampler w/VSCC","14460","Boston-Cambridge-Newton, MA-NH","25","Massachusetts","025","Suffolk","42.3488727124916","-71.0971627875593"
"05/22/2021","AQS","250250002","1","12.4","ug/m3 LC","57","BOSTON KENMORE SQ","1","100.0000","88101","PM2.5 - Local Conditions","145","R & P Model 2025 PM-2.5 Sequential Air Sampler w/VSCC","14460","Boston-Cambridge-Newton, MA-NH","25","Massachusetts","025","Suffolk","42.3488727124916","-71.0971627875593"
"05/25/2021","AQS","250250002","1","7.1","ug/m3 LC","39","BOSTON KENMORE SQ","1","100.0000","88101","PM2.5 - Local Conditions","145","R & P Model 2025 PM-2.5 Sequential Air Sampler w/VSCC","14460","Boston-Cambridge-Newton, MA-NH","25","Massachusetts","025","Suffolk","42.3488727124916","-71.0971627875593"
"05/28/2021","AQS","250250002","1","5.1","ug/m3 LC","28","BOSTON KENMORE SQ","1","100.0000","88101","PM2.5 - Local Conditions","145","R & P Model 2025 PM-2.5 Sequential Air Sampler w/VSCC","14460","Boston-Cambridge-Newton, MA-NH","25","Massachusetts","025","Suffolk","42.3488727124916","-71.0971627875593"
"05/31/2021","AQS","250250002","1","4","ug/m3 LC","22","BOSTON KENMORE SQ","1","100.0000","88101","PM2.5 - Local Conditions","145","R & P Model 2025 PM-2.5 Sequential Air Sampler w/VSCC","14460","Boston-Cambridge-Newton, MA-NH","25","Massachusetts","025","Suffolk","42.3488727124916","-71.0971627875593"
"06/03/2021","AQS","250250002","1","8.8","ug/m3 LC","49","BOSTON KENMORE SQ","1","100.0000","88101","PM2.5 - Local Conditions","145","R & P Model 2025 PM-2.5 Sequential Air Sampler w/VSCC","14460","Boston-Cambridge-Newton, MA-NH","25","Massachusetts","025","Suffolk","42.3488727124916","-71.0971627875593"
"06/06/2021","AQS","250250002","1","15.1","ug/m3 LC","62","BOSTON KENMORE SQ","1","100.0000","88101","PM2.5 - Local Conditions","145","R & P Model 2025 PM-2.5 Sequential Air Sampler w/VSCC","14460","Boston-Cambridge-Newton, MA-NH","25","Massachusetts","025","Suffolk","42.3488727124916","-71.0971627875593"
"06/09/2021","AQS","250250002","1","10.6","ug/m3 LC","54","BOSTON KENMORE SQ","1","100.0000","88101","PM2.5 - Local Conditions","145","R & P Model 2025 PM-2.5 Sequential Air Sampler w/VSCC","14460","Boston-Cambridge-Newton, MA-NH","25","Massachusetts","025","Suffolk","42.3488727124916","-71.0971627875593"
"06/12/2021","AQS","250250002","1","6.2","ug/m3 LC","34","BOSTON KENMORE SQ","1","100.0000","88101","PM2.5 - Local Conditions","145","R & P Model 2025 PM-2.5 Sequential Air Sampler w/VSCC","14460","Boston-Cambridge-Newton, MA-NH","25","Massachusetts","025","Suffolk","42.3488727124916","-71.0971627875593"
"06/15/2021","AQS","250250002","1","10.4","ug/m3 LC","53","BOSTON KENMORE SQ","1","100.0000","88101","PM2.5 - Local Conditions","145","R & P Model 2025 PM-2.5 Sequential Air Sampler w/VSCC","14460","Boston-Cambridge-Newton, MA-NH","25","Massachusetts","025","Suffolk","42.3488727124916","-71.0971627875593"
"06/18/2021","AQS","250250002","1","9.7","ug/m3 LC","52","BOSTON KENMORE SQ","1","100.0000","88101","PM2.5 - Local Conditions","145","R & P Model 2025 PM-2.5 Sequential Air Sampler w/VSCC","14460","Boston-Cambridge-Newton, MA-NH","25","Massachusetts","025","Suffolk","42.3488727124916","-71.0971627875593"
"06/21/2021","AQS","250250002","1","13.5","ug/m3 LC","59","BOSTON KENMORE SQ","1","100.0000","88101","PM2.5 - Local Conditions","145","R & P Model 2025 PM-2.5 Sequential Air Sampler w/VSCC","14460","Boston-Cambridge-Newton, MA-NH","25","Massachusetts","025","Suffolk","42.3488727124916","-71.0971627875593"
"06/24/2021","AQS","250250002","1","9.8","ug/m3 LC","52","BOSTON KENMORE SQ","1","100.0000","88101","PM2.5 - Local Conditions","145","R & P Model 2025 PM-2.5 Sequential Air Sampler w/VSCC","14460","Boston-Cambridge-Newton, MA-NH","25","Massachusetts","025","Suffolk","42.3488727124916","-71.0971627875593"
"06/27/2021","AQS","250250002","1","10.7","ug/m3 LC","54","BOSTON KENMORE SQ","1","100.0000","88101","PM2.5 - Local Conditions","145","R & P Model 2025 PM-2.5 Sequential Air Sampler w/VSCC","14460","Boston-Cambridge-Newton, MA-NH","25","Massachusetts","025","Suffolk","42.3488727124916","-71.0971627875593"
"07/03/2021","AQS","250250002","1","5.7","ug/m3 LC","32","BOSTON KENMORE SQ","1","100.0000","88101","PM2.5 - Local Conditions","145","R & P Model 2025 PM-2.5 Sequential Air Sampler w/VSCC","14460","Boston-Cambridge-Newton, MA-NH","25","Massachusetts","025","Suffolk","42.3488727124916","-71.0971627875593"
"07/06/2021","AQS","250250002","1","15.2","ug/m3 LC","62","BOSTON KENMORE SQ","1","100.0000","88101","PM2.5 - Local Conditions","145","R & P Model 2025 PM-2.5 Sequential Air Sampler w/VSCC","14460","Boston-Cambridge-Newton, MA-NH","25","Massachusetts","025","Suffolk","42.3488727124916","-71.0971627875593"
"07/09/2021","AQS","250250002","1","7.4","ug/m3 LC","41","BOSTON KENMORE SQ","1","100.0000","88101","PM2.5 - Local Conditions","145","R & P Model 2025 PM-2.5 Sequential Air Sampler w/VSCC","14460","Boston-Cambridge-Newton, MA-NH","25","Massachusetts","025","Suffolk","42.3488727124916","-71.0971627875593"
"07/12/2021","AQS","250250002","1","8","ug/m3 LC","44","BOSTON KENMORE SQ","1","100.0000","88101","PM2.5 - Local Conditions","145","R & P Model 2025 PM-2.5 Sequential Air Sampler w/VSCC","14460","Boston-Cambridge-Newton, MA-NH","25","Massachusetts","025","Suffolk","42.3488727124916","-71.0971627875593"
"07/15/2021","AQS","250250002","1","11.8","ug/m3 LC","56","BOSTON KENMORE SQ","1","100.0000","88101","PM2.5 - Local Conditions","145","R & P Model 2025 PM-2.5 Sequential Air Sampler w/VSCC","14460","Boston-Cambridge-Newton, MA-NH","25","Massachusetts","025","Suffolk","42.3488727124916","-71.0971627875593"
"07/18/2021","AQS","250250002","1","9.3","ug/m3 LC","51","BOSTON KENMORE SQ","1","100.0000","88101","PM2.5 - Local Conditions","145","R & P Model 2025 PM-2.5 Sequential Air Sampler w/VSCC","14460","Boston-Cambridge-Newton, MA-NH","25","Massachusetts","025","Suffolk","42.3488727124916","-71.0971627875593"
"07/21/2021","AQS","250250002","1","17.8","ug/m3 LC","67","BOSTON KENMORE SQ","1","100.0000","88101","PM2.5 - Local Conditions","145","R & P Model 2025 PM-2.5 Sequential Air Sampler w/VSCC","14460","Boston-Cambridge-Newton, MA-NH","25","Massachusetts","025","Suffolk","42.3488727124916","-71.0971627875593"
"07/24/2021","AQS","250250002","1","19.3","ug/m3 LC","70","BOSTON KENMORE SQ","1","100.0000","88101","PM2.5 - Local Conditions","145","R & P Model 2025 PM-2.5 Sequential Air Sampler w/VSCC","14460","Boston-Cambridge-Newton, MA-NH","25","Massachusetts","025","Suffolk","42.3488727124916","-71.0971627875593"
"07/27/2021","AQS","250250002","1","23.3","ug/m3 LC","77","BOSTON KENMORE SQ","1","100.0000","88101","PM2.5 - Local Conditions","145","R & P Model 2025 PM-2.5 Sequential Air Sampler w/VSCC","14460","Boston-Cambridge-Newton, MA-NH","25","Massachusetts","025","Suffolk","42.3488727124916","-71.0971627875593"
"08/02/2021","AQS","250250002","1","9.4","ug/m3 LC","52","BOSTON KENMORE SQ","1","100.0000","88101","PM2.5 - Local Conditions","145","R & P Model 2025 PM-2.5 Sequential Air Sampler w/VSCC","14460","Boston-Cambridge-Newton, MA-NH","25","Massachusetts","025","Suffolk","42.3488727124916","-71.0971627875593"
"08/05/2021","AQS","250250002","1","4.7","ug/m3 LC","26","BOSTON KENMORE SQ","1","100.0000","88101","PM2.5 - Local Conditions","145","R & P Model 2025 PM-2.5 Sequential Air Sampler w/VSCC","14460","Boston-Cambridge-Newton, MA-NH","25","Massachusetts","025","Suffolk","42.3488727124916","-71.0971627875593"
"08/08/2021","AQS","250250002","1","16.8","ug/m3 LC","65","BOSTON KENMORE SQ","1","100.0000","88101","PM2.5 - Local Conditions","145","R & P Model 2025 PM-2.5 Sequential Air Sampler w/VSCC","14460","Boston-Cambridge-Newton, MA-NH","25","Massachusetts","025","Suffolk","42.3488727124916","-71.0971627875593"
"08/11/2021","AQS","250250002","1","13.9","ug/m3 LC","60","BOSTON KENMORE SQ","1","100.0000","88101","PM2.5 - Local Conditions","145","R & P Model 2025 PM-2.5 Sequential Air Sampler w/VSCC","14460","Boston-Cambridge-Newton, MA-NH","25","Massachusetts","025","Suffolk","42.3488727124916","-71.0971627875593"
"08/14/2021","AQS","250250002","1","13.8","ug/m3 LC","60","BOSTON KENMORE SQ","1","100.0000","88101","PM2.5 - Local Conditions","145","R & P Model 2025 PM-2.5 Sequential Air Sampler w/VSCC","14460","Boston-Cambridge-Newton, MA-NH","25","Massachusetts","025","Suffolk","42.3488727124916","-71.0971627875593"
"08/17/2021","AQS","250250002","1","10","ug/m3 LC","53","BOSTON KENMORE SQ","1","100.0000","88101","PM2.5 - Local Conditions","145","R & P Model 2025 PM-2.5 Sequential Air Sampler w/VSCC","14460","Boston-Cambridge-Newton, MA-NH","25","Massachusetts","025","Suffolk","42.3488727124916","-71.0971627875593"
"08/26/2021","AQS","250250002","1","19.1","ug/m3 LC","70","BOSTON KENMORE SQ","1","100.0000","88101","PM2.5 - Local Conditions","145","R & P Model 2025 PM-2.5 Sequential Air Sampler w/VSCC","14460","Boston-Cambridge-Newton, MA-NH","25","Massachusetts","025","Suffolk","42.3488727124916","-71.0971627875593"
"08/29/2021","AQS","250250002","1","4.9","ug/m3 LC","27","BOSTON KENMORE SQ","1","100.0000","88101","PM2.5 - Local Conditions","145","R & P Model 2025 PM-2.5 Sequential Air Sampler w/VSCC","14460","Boston-Cambridge-Newton, MA-NH","25","Massachusetts","025","Suffolk","42.3488727124916","-71.0971627875593"
"09/01/2021","AQS","250250002","1","8","ug/m3 LC","44","BOSTON KENMORE SQ","1","100.0000","88101","PM2.5 - Local Conditions","145","R & P Model 2025 PM-2.5 Sequential Air Sampler w/VSCC","14460","Boston-Cambridge-Newton, MA-NH","25","Massachusetts","025","Suffolk","42.3488727124916","-71.0971627875593"
"09/04/2021","AQS","250250002","1","4.3","ug/m3 LC","24","BOSTON KENMORE SQ","1","100.0000","88101","PM2.5 - Local Conditions","145","R & P Model 2025 PM-2.5 Sequential Air Sampler w/VSCC","14460","Boston-Cambridge-Newton, MA-NH","25","Massachusetts","025","Suffolk","42.3488727124916","-71.0971627875593"
"09/07/2021","AQS","250250002","1","5.8","ug/m3 LC","32","BOSTON KENMORE SQ","1","100.0000","88101","PM2.5 - Local Conditions","145","R & P Model 2025 PM-2.5 Sequential Air Sampler w/VSCC","14460","Boston-Cambridge-Newton, MA-NH","25","Massachusetts","025","Suffolk","42.3488727124916","-71.0971627875593"
"09/10/2021","AQS","250250002","1","9.6","ug/m3 LC","52","BOSTON KENMORE SQ","1","100.0000","88101","PM2.5 - Local Conditions","145","R & P Model 2025 PM-2.5 Sequential Air Sampler w/VSCC","14460","Boston-Cambridge-Newton, MA-NH","25","Massachusetts","025","Suffolk","42.3488727124916","-71.0971627875593"
"09/13/2021","AQS","250250002","1","10.9","ug/m3 LC","54","BOSTON KENMORE SQ","1","100.0000","88101","PM2.5 - Local Conditions","145","R & P Model 2025 PM-2.5 Sequential Air Sampler w/VSCC","14460","Boston-Cambridge-Newton, MA-NH","25","Massachusetts","025","Suffolk","42.3488727124916","-71.0971627875593"
"09/16/2021","AQS","250250002","1","11.9","ug/m3 LC","56","BOSTON KENMORE SQ","1","100.0000","88101","PM2.5 - Local Conditions","145","R & P Model 2025 PM-2.5 Sequential Air Sampler w/VSCC","14460","Boston-Cambridge-Newton, MA-NH","25","Massachusetts","025","Suffolk","42.3488727124916","-71.0971627875593"
"09/19/2021","AQS","250250002","1","9.5","ug/m3 LC","52","BOSTON KENMORE SQ","1","100.0000","88101","PM2.5 - Local Conditions","145","R & P Model 2025 PM-2.5 Sequential Air Sampler w/VSCC","14460","Boston-Cambridge-Newton, MA-NH","25","Massachusetts","025","Suffolk","42.3488727124916","-71.0971627875593"
"09/22/2021","AQS","250250002","1","8.7","ug/m3 LC","48","BOSTON KENMORE SQ","1","100.0000","88101","PM2.5 - Local Conditions","145","R & P Model 2025 PM-2.5 Sequential Air Sampler w/VSCC","14460","Boston-Cambridge-Newton, MA-NH","25","Massachusetts","025","Suffolk","42.3488727124916","-71.0971627875593"
"09/28/2021","AQS","250250002","1","10","ug/m3 LC","53","BOSTON KENMORE SQ","1","100.0000","88101","PM2.5 - Local Conditions","145","R & P Model 2025 PM-2.5 Sequential Air Sampler w/VSCC","14460","Boston-Cambridge-Newton, MA-NH","25","Massachusetts","025","Suffolk","42.3488727124916","-71.0971627875593"
"10/01/2021","AQS","250250002","1","6.5","ug/m3 LC","36","BOSTON KENMORE SQ","1","100.0000","88101","PM2.5 - Local Conditions","145","R & P Model 2025 PM-2.5 Sequential Air Sampler w/VSCC","14460","Boston-Cambridge-Newton, MA-NH","25","Massachusetts","025","Suffolk","42.3488727124916","-71.0971627875593"
"10/04/2021","AQS","250250002","1","6.2","ug/m3 LC","34","BOSTON KENMORE SQ","1","100.0000","88101","PM2.5 - Local Conditions","145","R & P Model 2025 PM-2.5 Sequential Air Sampler w/VSCC","14460","Boston-Cambridge-Newton, MA-NH","25","Massachusetts","025","Suffolk","42.3488727124916","-71.0971627875593"
"10/07/2021","AQS","250250002","1","9.9","ug/m3 LC","52","BOSTON KENMORE SQ","1","100.0000","88101","PM2.5 - Local Conditions","145","R & P Model 2025 PM-2.5 Sequential Air Sampler w/VSCC","14460","Boston-Cambridge-Newton, MA-NH","25","Massachusetts","025","Suffolk","42.3488727124916","-71.0971627875593"
"10/10/2021","AQS","250250002","1","6.4","ug/m3 LC","36","BOSTON KENMORE SQ","1","100.0000","88101","PM2.5 - Local Conditions","145","R & P Model 2025 PM-2.5 Sequential Air Sampler w/VSCC","14460","Boston-Cambridge-Newton, MA-NH","25","Massachusetts","025","Suffolk","42.3488727124916","-71.0971627875593"
"10/13/2021","AQS","250250002","1","10.6","ug/m3 LC","54","BOSTON KENMORE SQ","1","100.0000","88101","PM2.5 - Local Conditions","145","R & P Model 2025 PM-2.5 Sequential Air Sampler w/VSCC","14460","Boston-Cambridge-Newton, MA-NH","25","Massachusetts","025","Suffolk","42.3488727124916","-71.0971627875593"
"10/16/2021","AQS","250250002","1","9.9","ug/m3 LC","52","BOSTON KENMORE SQ","1","100.0000","88101","PM2.5 - Local Conditions","145","R & P Model 2025 PM-2.5 Sequential Air Sampler w/VSCC","14460","Boston-Cambridge-Newton, MA-NH","25","Massachusetts","025","Suffolk","42.3488727124916","-71.0971627875593"
"10/19/2021","AQS","250250002","1","6.8","ug/m3 LC","38","BOSTON KENMORE SQ","1","100.0000","88101","PM2.5 - Local Conditions","145","R & P Model 2025 PM-2.5 Sequential Air Sampler w/VSCC","14460","Boston-Cambridge-Newton, MA-NH","25","Massachusetts","025","Suffolk","42.3488727124916","-71.0971627875593"
"10/22/2021","AQS","250250002","1","11.5","ug/m3 LC","55","BOSTON KENMORE SQ","1","100.0000","88101","PM2.5 - Local Conditions","145","R & P Model 2025 PM-2.5 Sequential Air Sampler w/VSCC","14460","Boston-Cambridge-Newton, MA-NH","25","Massachusetts","025","Suffolk","42.3488727124916","-71.0971627875593"
"10/25/2021","AQS","250250002","1","6.3","ug/m3 LC","35","BOSTON KENMORE SQ","1","100.0000","88101","PM2.5 - Local Conditions","145","R & P Model 2025 PM-2.5 Sequential Air Sampler w/VSCC","14460","Boston-Cambridge-Newton, MA-NH","25","Massachusetts","025","Suffolk","42.3488727124916","-71.0971627875593"
"10/28/2021","AQS","250250002","1","8.4","ug/m3 LC","47","BOSTON KENMORE SQ","1","100.0000","88101","PM2.5 - Local Conditions","145","R & P Model 2025 PM-2.5 Sequential Air Sampler w/VSCC","14460","Boston-Cambridge-Newton, MA-NH","25","Massachusetts","025","Suffolk","42.3488727124916","-71.0971627875593"
"11/03/2021","AQS","250250002","1","7.2","ug/m3 LC","40","BOSTON KENMORE SQ","1","100.0000","88101","PM2.5 - Local Conditions","145","R & P Model 2025 PM-2.5 Sequential Air Sampler w/VSCC","14460","Boston-Cambridge-Newton, MA-NH","25","Massachusetts","025","Suffolk","42.3488727124916","-71.0971627875593"
"11/06/2021","AQS","250250002","1","9.1","ug/m3 LC","51","BOSTON KENMORE SQ","1","100.0000","88101","PM2.5 - Local Conditions","145","R & P Model 2025 PM-2.5 Sequential Air Sampler w/VSCC","14460","Boston-Cambridge-Newton, MA-NH","25","Massachusetts","025","Suffolk","42.3488727124916","-71.0971627875593"
"11/09/2021","AQS","250250002","1","14","ug/m3 LC","60","BOSTON KENMORE SQ","1","100.0000","88101","PM2.5 - Local Conditions","145","R & P Model 2025 PM-2.5 Sequential Air Sampler w/VSCC","14460","Boston-Cambridge-Newton, MA-NH","25","Massachusetts","025","Suffolk","42.3488727124916","-71.0971627875593"
"11/12/2021","AQS","250250002","1","14.5","ug/m3 LC","61","BOSTON KENMORE SQ","1","100.0000","88101","PM2.5 - Local Conditions","145","R & P Model 2025 PM-2.5 Sequential Air Sampler w/VSCC","14460","Boston-Cambridge-Newton, MA-NH","25","Massachusetts","025","Suffolk","42.3488727124916","-71.0971627875593"
"11/15/2021","AQS","250250002","1","5.5","ug/m3 LC","31","BOSTON KENMORE SQ","1","100.0000","88101","PM2.5 - Local Conditions","145","R & P Model 2025 PM-2.5 Sequential Air Sampler w/VSCC","14460","Boston-Cambridge-Newton, MA-NH","25","Massachusetts","025","Suffolk","42.3488727124916","-71.0971627875593"
"11/18/2021","AQS","250250002","1","14","ug/m3 LC","60","BOSTON KENMORE SQ","1","100.0000","88101","PM2.5 - Local Conditions","145","R & P Model 2025 PM-2.5 Sequential Air Sampler w/VSCC","14460","Boston-Cambridge-Newton, MA-NH","25","Massachusetts","025","Suffolk","42.3488727124916","-71.0971627875593"
"11/21/2021","AQS","250250002","1","10.5","ug/m3 LC","54","BOSTON KENMORE SQ","1","100.0000","88101","PM2.5 - Local Conditions","145","R & P Model 2025 PM-2.5 Sequential Air Sampler w/VSCC","14460","Boston-Cambridge-Newton, MA-NH","25","Massachusetts","025","Suffolk","42.3488727124916","-71.0971627875593"
"11/24/2021","AQS","250250002","1","14.2","ug/m3 LC","61","BOSTON KENMORE SQ","1","100.0000","88101","PM2.5 - Local Conditions","145","R & P Model 2025 PM-2.5 Sequential Air Sampler w/VSCC","14460","Boston-Cambridge-Newton, MA-NH","25","Massachusetts","025","Suffolk","42.3488727124916","-71.0971627875593"
"11/27/2021","AQS","250250002","1","6.5","ug/m3 LC","36","BOSTON KENMORE SQ","1","100.0000","88101","PM2.5 - Local Conditions","145","R & P Model 2025 PM-2.5 Sequential Air Sampler w/VSCC","14460","Boston-Cambridge-Newton, MA-NH","25","Massachusetts","025","Suffolk","42.3488727124916","-71.0971627875593"
"11/30/2021","AQS","250250002","1","5.1","ug/m3 LC","28","BOSTON KENMORE SQ","1","100.0000","88101","PM2.5 - Local Conditions","145","R & P Model 2025 PM-2.5 Sequential Air Sampler w/VSCC","14460","Boston-Cambridge-Newton, MA-NH","25","Massachusetts","025","Suffolk","42.3488727124916","-71.0971627875593"
"12/03/2021","AQS","250250002","1","3.2","ug/m3 LC","18","BOSTON KENMORE SQ","1","100.0000","88101","PM2.5 - Local Conditions","145","R & P Model 2025 PM-2.5 Sequential Air Sampler w/VSCC","14460","Boston-Cambridge-Newton, MA-NH","25","Massachusetts","025","Suffolk","42.3488727124916","-71.0971627875593"
"12/06/2021","AQS","250250002","1","9.8","ug/m3 LC","52","BOSTON KENMORE SQ","1","100.0000","88101","PM2.5 - Local Conditions","145","R & P Model 2025 PM-2.5 Sequential Air Sampler w/VSCC","14460","Boston-Cambridge-Newton, MA-NH","25","Massachusetts","025","Suffolk","42.3488727124916","-71.0971627875593"
"12/09/2021","AQS","250250002","1","8.7","ug/m3 LC","48","BOSTON KENMORE SQ","1","100.0000","88101","PM2.5 - Local Conditions","145","R & P Model 2025 PM-2.5 Sequential Air Sampler w/VSCC","14460","Boston-Cambridge-Newton, MA-NH","25","Massachusetts","025","Suffolk","42.3488727124916","-71.0971627875593"
"12/15/2021","AQS","250250002","1","8.3","ug/m3 LC","46","BOSTON KENMORE SQ","1","100.0000","88101","PM2.5 - Local Conditions","145","R & P Model 2025 PM-2.5 Sequential Air Sampler w/VSCC","14460","Boston-Cambridge-Newton, MA-NH","25","Massachusetts","025","Suffolk","42.3488727124916","-71.0971627875593"
"12/18/2021","AQS","250250002","1","8.4","ug/m3 LC","47","BOSTON KENMORE SQ","1","100.0000","88101","PM2.5 - Local Conditions","145","R & P Model 2025 PM-2.5 Sequential Air Sampler w/VSCC","14460","Boston-Cambridge-Newton, MA-NH","25","Massachusetts","025","Suffolk","42.3488727124916","-71.0971627875593"
"12/21/2021","AQS","250250002","1","10.9","ug/m3 LC","54","BOSTON KENMORE SQ","1","100.0000","88101","PM2.5 - Local Conditions","145","R & P Model 2025 PM-2.5 Sequential Air Sampler w/VSCC","14460","Boston-Cambridge-Newton, MA-NH","25","Massachusetts","025","Suffolk","42.3488727124916","-71.0971627875593"
"12/24/2021","AQS","250250002","1","9.1","ug/m3 LC","51","BOSTON KENMORE SQ","1","100.0000","88101","PM2.5 - Local Conditions","145","R & P Model 2025 PM-2.5 Sequential Air Sampler w/VSCC","14460","Boston-Cambridge-Newton, MA-NH","25","Massachusetts","025","Suffolk","42.3488727124916","-71.0971627875593"
"12/27/2021","AQS","250250002","1","4.6","ug/m3 LC","26","BOSTON KENMORE SQ","1","100.0000","88101","PM2.5 - Local Conditions","145","R & P Model 2025 PM-2.5 Sequential Air Sampler w/VSCC","14460","Boston-Cambridge-Newton, MA-NH","25","Massachusetts","025","Suffolk","42.3488727124916","-71.0971627875593"
"12/30/2021","AQS","250250002","1","11.4","ug/m3 LC","55","BOSTON KENMORE SQ","1","100.0000","88101","PM2.5 - Local Conditions","145","R & P Model 2025 PM-2.5 Sequential Air Sampler w/VSCC","14460","Boston-Cambridge-Newton, MA-NH","25","Massachusetts","025","Suffolk","42.3488727124916","-71.0971627875593"
"01/01/2021","AQS","250250002","3","7.4","ug/m3 LC","41","BOSTON KENMORE SQ","1","100.0000","88101","PM2.5 - Local Conditions","236","Teledyne T640 at 5.0 LPM","14460","Boston-Cambridge-Newton, MA-NH","25","Massachusetts","025","Suffolk","42.3488727124916","-71.0971627875593"
"01/02/2021","AQS","250250002","3","3.5","ug/m3 LC","19","BOSTON KENMORE SQ","1","100.0000","88101","PM2.5 - Local Conditions","236","Teledyne T640 at 5.0 LPM","14460","Boston-Cambridge-Newton, MA-NH","25","Massachusetts","025","Suffolk","42.3488727124916","-71.0971627875593"
"01/03/2021","AQS","250250002","3","7.2","ug/m3 LC","40","BOSTON KENMORE SQ","1","100.0000","88101","PM2.5 - Local Conditions","236","Teledyne T640 at 5.0 LPM","14460","Boston-Cambridge-Newton, MA-NH","25","Massachusetts","025","Suffolk","42.3488727124916","-71.0971627875593"
"01/04/2021","AQS","250250002","3","5.5","ug/m3 LC","31","BOSTON KENMORE SQ","1","100.0000","88101","PM2.5 - Local Conditions","236","Teledyne T640 at 5.0 LPM","14460","Boston-Cambridge-Newton, MA-NH","25","Massachusetts","025","Suffolk","42.3488727124916","-71.0971627875593"
"01/05/2021","AQS","250250002","3","4.7","ug/m3 LC","26","BOSTON KENMORE SQ","1","100.0000","88101","PM2.5 - Local Conditions","236","Teledyne T640 at 5.0 LPM","14460","Boston-Cambridge-Newton, MA-NH","25","Massachusetts","025","Suffolk","42.3488727124916","-71.0971627875593"
"01/06/2021","AQS","250250002","3","4.9","ug/m3 LC","27","BOSTON KENMORE SQ","1","100.0000","88101","PM2.5 - Local Conditions","236","Teledyne T640 at 5.0 LPM","14460","Boston-Cambridge-Newton, MA-NH","25","Massachusetts","025","Suffolk","42.3488727124916","-71.0971627875593"
"01/07/2021","AQS","250250002","3","4.9","ug/m3 LC","27","BOSTON KENMORE SQ","1","100.0000","88101","PM2.5 - Local Conditions","236","Teledyne T640 at 5.0 LPM","14460","Boston-Cambridge-Newton, MA-NH","25","Massachusetts","025","Suffolk","42.3488727124916","-71.0971627875593"
"01/08/2021","AQS","250250002","3","4.8","ug/m3 LC","27","BOSTON KENMORE SQ","1","100.0000","88101","PM2.5 - Local Conditions","236","Teledyne T640 at 5.0 LPM","14460","Boston-Cambridge-Newton, MA-NH","25","Massachusetts","025","Suffolk","42.3488727124916","-71.0971627875593"
"01/09/2021","AQS","250250002","3","4.3","ug/m3 LC","24","BOSTON KENMORE SQ","1","100.0000","88101","PM2.5 - Local Conditions","236","Teledyne T640 at 5.0 LPM","14460","Boston-Cambridge-Newton, MA-NH","25","Massachusetts","025","Suffolk","42.3488727124916","-71.0971627875593"
"01/10/2021","AQS","250250002","3","6.2","ug/m3 LC","34","BOSTON KENMORE SQ","1","100.0000","88101","PM2.5 - Local Conditions","236","Teledyne T640 at 5.0 LPM","14460","Boston-Cambridge-Newton, MA-NH","25","Massachusetts","025","Suffolk","42.3488727124916","-71.0971627875593"
"01/11/2021","AQS","250250002","3","13.1","ug/m3 LC","58","BOSTON KENMORE SQ","1","100.0000","88101","PM2.5 - Local Conditions","236","Teledyne T640 at 5.0 LPM","14460","Boston-Cambridge-Newton, MA-NH","25","Massachusetts","025","Suffolk","42.3488727124916","-71.0971627875593"
"01/12/2021","AQS","250250002","3","11.7","ug/m3 LC","56","BOSTON KENMORE SQ","1","100.0000","88101","PM2.5 - Local Conditions","236","Teledyne T640 at 5.0 LPM","14460","Boston-Cambridge-Newton, MA-NH","25","Massachusetts","025","Suffolk","42.3488727124916","-71.0971627875593"
"01/13/2021","AQS","250250002","3","10.5","ug/m3 LC","54","BOSTON KENMORE SQ","1","100.0000","88101","PM2.5 - Local Conditions","236","Teledyne T640 at 5.0 LPM","14460","Boston-Cambridge-Newton, MA-NH","25","Massachusetts","025","Suffolk","42.3488727124916","-71.0971627875593"
"01/14/2021","AQS","250250002","3","27.4","ug/m3 LC","85","BOSTON KENMORE SQ","1","100.0000","88101","PM2.5 - Local Conditions","236","Teledyne T640 at 5.0 LPM","14460","Boston-Cambridge-Newton, MA-NH","25","Massachusetts","025","Suffolk","42.3488727124916","-71.0971627875593"
"01/15/2021","AQS","250250002","3","16","ug/m3 LC","64","BOSTON KENMORE SQ","1","100.0000","88101","PM2.5 - Local Conditions","236","Teledyne T640 at 5.0 LPM","14460","Boston-Cambridge-Newton, MA-NH","25","Massachusetts","025","Suffolk","42.3488727124916","-71.0971627875593"
"01/16/2021","AQS","250250002","3","5.8","ug/m3 LC","32","BOSTON KENMORE SQ","1","100.0000","88101","PM2.5 - Local Conditions","236","Teledyne T640 at 5.0 LPM","14460","Boston-Cambridge-Newton, MA-NH","25","Massachusetts","025","Suffolk","42.3488727124916","-71.0971627875593"
"01/17/2021","AQS","250250002","3","5.5","ug/m3 LC","31","BOSTON KENMORE SQ","1","100.0000","88101","PM2.5 - Local Conditions","236","Teledyne T640 at 5.0 LPM","14460","Boston-Cambridge-Newton, MA-NH","25","Massachusetts","025","Suffolk","42.3488727124916","-71.0971627875593"
"01/18/2021","AQS","250250002","3","4.7","ug/m3 LC","26","BOSTON KENMORE SQ","1","100.0000","88101","PM2.5 - Local Conditions","236","Teledyne T640 at 5.0 LPM","14460","Boston-Cambridge-Newton, MA-NH","25","Massachusetts","025","Suffolk","42.3488727124916","-71.0971627875593"
"01/19/2021","AQS","250250002","3","4.3","ug/m3 LC","24","BOSTON KENMORE SQ","1","100.0000","88101","PM2.5 - Local Conditions","236","Teledyne T640 at 5.0 LPM","14460","Boston-Cambridge-Newton, MA-NH","25","Massachusetts","025","Suffolk","42.3488727124916","-71.0971627875593"
"01/20/2021","AQS","250250002","3","6.8","ug/m3 LC","38","BOSTON KENMORE SQ","1","100.0000","88101","PM2.5 - Local Conditions","236","Teledyne T640 at 5.0 LPM","14460","Boston-Cambridge-Newton, MA-NH","25","Massachusetts","025","Suffolk","42.3488727124916","-71.0971627875593"
"01/21/2021","AQS","250250002","3","8.2","ug/m3 LC","46","BOSTON KENMORE SQ","1","100.0000","88101","PM2.5 - Local Conditions","236","Teledyne T640 at 5.0 LPM","14460","Boston-Cambridge-Newton, MA-NH","25","Massachusetts","025","Suffolk","42.3488727124916","-71.0971627875593"
"01/22/2021","AQS","250250002","3","10.4","ug/m3 LC","53","BOSTON KENMORE SQ","1","100.0000","88101","PM2.5 - Local Conditions","236","Teledyne T640 at 5.0 LPM","14460","Boston-Cambridge-Newton, MA-NH","25","Massachusetts","025","Suffolk","42.3488727124916","-71.0971627875593"
"01/23/2021","AQS","250250002","3","3.5","ug/m3 LC","19","BOSTON KENMORE SQ","1","100.0000","88101","PM2.5 - Local Conditions","236","Teledyne T640 at 5.0 LPM","14460","Boston-Cambridge-Newton, MA-NH","25","Massachusetts","025","Suffolk","42.3488727124916","-71.0971627875593"
"01/24/2021","AQS","250250002","3","2.2","ug/m3 LC","12","BOSTON KENMORE SQ","1","100.0000","88101","PM2.5 - Local Conditions","236","Teledyne T640 at 5.0 LPM","14460","Boston-Cambridge-Newton, MA-NH","25","Massachusetts","025","Suffolk","42.3488727124916","-71.0971627875593"
"01/25/2021","AQS","250250002","3","3","ug/m3 LC","17","BOSTON KENMORE SQ","1","100.0000","88101","PM2.5 - Local Conditions","236","Teledyne T640 at 5.0 LPM","14460","Boston-Cambridge-Newton, MA-NH","25","Massachusetts","025","Suffolk","42.3488727124916","-71.0971627875593"
"01/26/2021","AQS","250250002","3","6.5","ug/m3 LC","36","BOSTON KENMORE SQ","1","100.0000","88101","PM2.5 - Local Conditions","236","Teledyne T640 at 5.0 LPM","14460","Boston-Cambridge-Newton, MA-NH","25","Massachusetts","025","Suffolk","42.3488727124916","-71.0971627875593"
"01/27/2021","AQS","250250002","3","6.9","ug/m3 LC","38","BOSTON KENMORE SQ","1","100.0000","88101","PM2.5 - Local Conditions","236","Teledyne T640 at 5.0 LPM","14460","Boston-Cambridge-Newton, MA-NH","25","Massachusetts","025","Suffolk","42.3488727124916","-71.0971627875593"
"01/28/2021","AQS","250250002","3","7.1","ug/m3 LC","39","BOSTON KENMORE SQ","1","100.0000","88101","PM2.5 - Local Conditions","236","Teledyne T640 at 5.0 LPM","14460","Boston-Cambridge-Newton, MA-NH","25","Massachusetts","025","Suffolk","42.3488727124916","-71.0971627875593"
"01/29/2021","AQS","250250002","3","4.1","ug/m3 LC","23","BOSTON KENMORE SQ","1","100.0000","88101","PM2.5 - Local Conditions","236","Teledyne T640 at 5.0 LPM","14460","Boston-Cambridge-Newton, MA-NH","25","Massachusetts","025","Suffolk","42.3488727124916","-71.0971627875593"
"01/30/2021","AQS","250250002","3","4","ug/m3 LC","22","BOSTON KENMORE SQ","1","100.0000","88101","PM2.5 - Local Conditions","236","Teledyne T640 at 5.0 LPM","14460","Boston-Cambridge-Newton, MA-NH","25","Massachusetts","025","Suffolk","42.3488727124916","-71.0971627875593"
"01/31/2021","AQS","250250002","3","7.2","ug/m3 LC","40","BOSTON KENMORE SQ","1","100.0000","88101","PM2.5 - Local Conditions","236","Teledyne T640 at 5.0 LPM","14460","Boston-Cambridge-Newton, MA-NH","25","Massachusetts","025","Suffolk","42.3488727124916","-71.0971627875593"
"02/01/2021","AQS","250250002","3","8","ug/m3 LC","44","BOSTON KENMORE SQ","1","100.0000","88101","PM2.5 - Local Conditions","236","Teledyne T640 at 5.0 LPM","14460","Boston-Cambridge-Newton, MA-NH","25","Massachusetts","025","Suffolk","42.3488727124916","-71.0971627875593"
"02/02/2021","AQS","250250002","3","3","ug/m3 LC","17","BOSTON KENMORE SQ","1","100.0000","88101","PM2.5 - Local Conditions","236","Teledyne T640 at 5.0 LPM","14460","Boston-Cambridge-Newton, MA-NH","25","Massachusetts","025","Suffolk","42.3488727124916","-71.0971627875593"
"02/03/2021","AQS","250250002","3","3.2","ug/m3 LC","18","BOSTON KENMORE SQ","1","100.0000","88101","PM2.5 - Local Conditions","236","Teledyne T640 at 5.0 LPM","14460","Boston-Cambridge-Newton, MA-NH","25","Massachusetts","025","Suffolk","42.3488727124916","-71.0971627875593"
"02/04/2021","AQS","250250002","3","4.6","ug/m3 LC","26","BOSTON KENMORE SQ","1","100.0000","88101","PM2.5 - Local Conditions","236","Teledyne T640 at 5.0 LPM","14460","Boston-Cambridge-Newton, MA-NH","25","Massachusetts","025","Suffolk","42.3488727124916","-71.0971627875593"
"02/05/2021","AQS","250250002","3","11.4","ug/m3 LC","55","BOSTON KENMORE SQ","1","100.0000","88101","PM2.5 - Local Conditions","236","Teledyne T640 at 5.0 LPM","14460","Boston-Cambridge-Newton, MA-NH","25","Massachusetts","025","Suffolk","42.3488727124916","-71.0971627875593"
"02/06/2021","AQS","250250002","3","10.2","ug/m3 LC","53","BOSTON KENMORE SQ","1","100.0000","88101","PM2.5 - Local Conditions","236","Teledyne T640 at 5.0 LPM","14460","Boston-Cambridge-Newton, MA-NH","25","Massachusetts","025","Suffolk","42.3488727124916","-71.0971627875593"
"02/07/2021","AQS","250250002","3","8.9","ug/m3 LC","49","BOSTON KENMORE SQ","1","100.0000","88101","PM2.5 - Local Conditions","236","Teledyne T640 at 5.0 LPM","14460","Boston-Cambridge-Newton, MA-NH","25","Massachusetts","025","Suffolk","42.3488727124916","-71.0971627875593"
"02/08/2021","AQS","250250002","3","5.2","ug/m3 LC","29","BOSTON KENMORE SQ","1","100.0000","88101","PM2.5 - Local Conditions","236","Teledyne T640 at 5.0 LPM","14460","Boston-Cambridge-Newton, MA-NH","25","Massachusetts","025","Suffolk","42.3488727124916","-71.0971627875593"
"02/09/2021","AQS","250250002","3","11","ug/m3 LC","55","BOSTON KENMORE SQ","1","100.0000","88101","PM2.5 - Local Conditions","236","Teledyne T640 at 5.0 LPM","14460","Boston-Cambridge-Newton, MA-NH","25","Massachusetts","025","Suffolk","42.3488727124916","-71.0971627875593"
"02/10/2021","AQS","250250002","3","10.5","ug/m3 LC","54","BOSTON KENMORE SQ","1","100.0000","88101","PM2.5 - Local Conditions","236","Teledyne T640 at 5.0 LPM","14460","Boston-Cambridge-Newton, MA-NH","25","Massachusetts","025","Suffolk","42.3488727124916","-71.0971627875593"
"02/11/2021","AQS","250250002","3","8.6","ug/m3 LC","48","BOSTON KENMORE SQ","1","100.0000","88101","PM2.5 - Local Conditions","236","Teledyne T640 at 5.0 LPM","14460","Boston-Cambridge-Newton, MA-NH","25","Massachusetts","025","Suffolk","42.3488727124916","-71.0971627875593"
"02/12/2021","AQS","250250002","3","5.7","ug/m3 LC","32","BOSTON KENMORE SQ","1","100.0000","88101","PM2.5 - Local Conditions","236","Teledyne T640 at 5.0 LPM","14460","Boston-Cambridge-Newton, MA-NH","25","Massachusetts","025","Suffolk","42.3488727124916","-71.0971627875593"
"02/13/2021","AQS","250250002","3","5","ug/m3 LC","28","BOSTON KENMORE SQ","1","100.0000","88101","PM2.5 - Local Conditions","236","Teledyne T640 at 5.0 LPM","14460","Boston-Cambridge-Newton, MA-NH","25","Massachusetts","025","Suffolk","42.3488727124916","-71.0971627875593"
"02/14/2021","AQS","250250002","3","8.6","ug/m3 LC","48","BOSTON KENMORE SQ","1","100.0000","88101","PM2.5 - Local Conditions","236","Teledyne T640 at 5.0 LPM","14460","Boston-Cambridge-Newton, MA-NH","25","Massachusetts","025","Suffolk","42.3488727124916","-71.0971627875593"
"02/15/2021","AQS","250250002","3","9.2","ug/m3 LC","51","BOSTON KENMORE SQ","1","100.0000","88101","PM2.5 - Local Conditions","236","Teledyne T640 at 5.0 LPM","14460","Boston-Cambridge-Newton, MA-NH","25","Massachusetts","025","Suffolk","42.3488727124916","-71.0971627875593"
"02/16/2021","AQS","250250002","3","6.3","ug/m3 LC","35","BOSTON KENMORE SQ","1","100.0000","88101","PM2.5 - Local Conditions","236","Teledyne T640 at 5.0 LPM","14460","Boston-Cambridge-Newton, MA-NH","25","Massachusetts","025","Suffolk","42.3488727124916","-71.0971627875593"
"02/17/2021","AQS","250250002","3","4.3","ug/m3 LC","24","BOSTON KENMORE SQ","1","100.0000","88101","PM2.5 - Local Conditions","236","Teledyne T640 at 5.0 LPM","14460","Boston-Cambridge-Newton, MA-NH","25","Massachusetts","025","Suffolk","42.3488727124916","-71.0971627875593"
"02/18/2021","AQS","250250002","3","6","ug/m3 LC","33","BOSTON KENMORE SQ","1","100.0000","88101","PM2.5 - Local Conditions","236","Teledyne T640 at 5.0 LPM","14460","Boston-Cambridge-Newton, MA-NH","25","Massachusetts","025","Suffolk","42.3488727124916","-71.0971627875593"
"02/19/2021","AQS","250250002","3","7.2","ug/m3 LC","40","BOSTON KENMORE SQ","1","100.0000","88101","PM2.5 - Local Conditions","236","Teledyne T640 at 5.0 LPM","14460","Boston-Cambridge-Newton, MA-NH","25","Massachusetts","025","Suffolk","42.3488727124916","-71.0971627875593"
"02/20/2021","AQS","250250002","3","6","ug/m3 LC","33","BOSTON KENMORE SQ","1","100.0000","88101","PM2.5 - Local Conditions","236","Teledyne T640 at 5.0 LPM","14460","Boston-Cambridge-Newton, MA-NH","25","Massachusetts","025","Suffolk","42.3488727124916","-71.0971627875593"
"02/21/2021","AQS","250250002","3","5.1","ug/m3 LC","28","BOSTON KENMORE SQ","1","100.0000","88101","PM2.5 - Local Conditions","236","Teledyne T640 at 5.0 LPM","14460","Boston-Cambridge-Newton, MA-NH","25","Massachusetts","025","Suffolk","42.3488727124916","-71.0971627875593"
"02/22/2021","AQS","250250002","3","8.2","ug/m3 LC","46","BOSTON KENMORE SQ","1","100.0000","88101","PM2.5 - Local Conditions","236","Teledyne T640 at 5.0 LPM","14460","Boston-Cambridge-Newton, MA-NH","25","Massachusetts","025","Suffolk","42.3488727124916","-71.0971627875593"
"02/23/2021","AQS","250250002","3","9","ug/m3 LC","50","BOSTON KENMORE SQ","1","100.0000","88101","PM2.5 - Local Conditions","236","Teledyne T640 at 5.0 LPM","14460","Boston-Cambridge-Newton, MA-NH","25","Massachusetts","025","Suffolk","42.3488727124916","-71.0971627875593"
"02/24/2021","AQS","250250002","3","5.3","ug/m3 LC","29","BOSTON KENMORE SQ","1","100.0000","88101","PM2.5 - Local Conditions","236","Teledyne T640 at 5.0 LPM","14460","Boston-Cambridge-Newton, MA-NH","25","Massachusetts","025","Suffolk","42.3488727124916","-71.0971627875593"
"02/25/2021","AQS","250250002","3","4","ug/m3 LC","22","BOSTON KENMORE SQ","1","100.0000","88101","PM2.5 - Local Conditions","236","Teledyne T640 at 5.0 LPM","14460","Boston-Cambridge-Newton, MA-NH","25","Massachusetts","025","Suffolk","42.3488727124916","-71.0971627875593"
"02/26/2021","AQS","250250002","3","5.5","ug/m3 LC","31","BOSTON KENMORE SQ","1","100.0000","88101","PM2.5 - Local Conditions","236","Teledyne T640 at 5.0 LPM","14460","Boston-Cambridge-Newton, MA-NH","25","Massachusetts","025","Suffolk","42.3488727124916","-71.0971627875593"
"02/27/2021","AQS","250250002","3","6.9","ug/m3 LC","38","BOSTON KENMORE SQ","1","100.0000","88101","PM2.5 - Local Conditions","236","Teledyne T640 at 5.0 LPM","14460","Boston-Cambridge-Newton, MA-NH","25","Massachusetts","025","Suffolk","42.3488727124916","-71.0971627875593"
"02/28/2021","AQS","250250002","3","8","ug/m3 LC","44","BOSTON KENMORE SQ","1","100.0000","88101","PM2.5 - Local Conditions","236","Teledyne T640 at 5.0 LPM","14460","Boston-Cambridge-Newton, MA-NH","25","Massachusetts","025","Suffolk","42.3488727124916","-71.0971627875593"
"03/01/2021","AQS","250250002","3","5.6","ug/m3 LC","31","BOSTON KENMORE SQ","1","100.0000","88101","PM2.5 - Local Conditions","236","Teledyne T640 at 5.0 LPM","14460","Boston-Cambridge-Newton, MA-NH","25","Massachusetts","025","Suffolk","42.3488727124916","-71.0971627875593"
"03/02/2021","AQS","250250002","3","3.1","ug/m3 LC","17","BOSTON KENMORE SQ","1","100.0000","88101","PM2.5 - Local Conditions","236","Teledyne T640 at 5.0 LPM","14460","Boston-Cambridge-Newton, MA-NH","25","Massachusetts","025","Suffolk","42.3488727124916","-71.0971627875593"
"03/03/2021","AQS","250250002","3","6.9","ug/m3 LC","38","BOSTON KENMORE SQ","1","100.0000","88101","PM2.5 - Local Conditions","236","Teledyne T640 at 5.0 LPM","14460","Boston-Cambridge-Newton, MA-NH","25","Massachusetts","025","Suffolk","42.3488727124916","-71.0971627875593"
"03/04/2021","AQS","250250002","3","6.2","ug/m3 LC","34","BOSTON KENMORE SQ","1","100.0000","88101","PM2.5 - Local Conditions","236","Teledyne T640 at 5.0 LPM","14460","Boston-Cambridge-Newton, MA-NH","25","Massachusetts","025","Suffolk","42.3488727124916","-71.0971627875593"
"03/05/2021","AQS","250250002","3","2.8","ug/m3 LC","16","BOSTON KENMORE SQ","1","100.0000","88101","PM2.5 - Local Conditions","236","Teledyne T640 at 5.0 LPM","14460","Boston-Cambridge-Newton, MA-NH","25","Massachusetts","025","Suffolk","42.3488727124916","-71.0971627875593"
"03/06/2021","AQS","250250002","3","3.8","ug/m3 LC","21","BOSTON KENMORE SQ","1","100.0000","88101","PM2.5 - Local Conditions","236","Teledyne T640 at 5.0 LPM","14460","Boston-Cambridge-Newton, MA-NH","25","Massachusetts","025","Suffolk","42.3488727124916","-71.0971627875593"
"03/07/2021","AQS","250250002","3","4.6","ug/m3 LC","26","BOSTON KENMORE SQ","1","100.0000","88101","PM2.5 - Local Conditions","236","Teledyne T640 at 5.0 LPM","14460","Boston-Cambridge-Newton, MA-NH","25","Massachusetts","025","Suffolk","42.3488727124916","-71.0971627875593"
"03/08/2021","AQS","250250002","3","6.7","ug/m3 LC","37","BOSTON KENMORE SQ","1","100.0000","88101","PM2.5 - Local Conditions","236","Teledyne T640 at 5.0 LPM","14460","Boston-Cambridge-Newton, MA-NH","25","Massachusetts","025","Suffolk","42.3488727124916","-71.0971627875593"
"03/09/2021","AQS","250250002","3","8","ug/m3 LC","44","BOSTON KENMORE SQ","1","100.0000","88101","PM2.5 - Local Conditions","236","Teledyne T640 at 5.0 LPM","14460","Boston-Cambridge-Newton, MA-NH","25","Massachusetts","025","Suffolk","42.3488727124916","-71.0971627875593"
"03/10/2021","AQS","250250002","3","9","ug/m3 LC","50","BOSTON KENMORE SQ","1","100.0000","88101","PM2.5 - Local Conditions","236","Teledyne T640 at 5.0 LPM","14460","Boston-Cambridge-Newton, MA-NH","25","Massachusetts","025","Suffolk","42.3488727124916","-71.0971627875593"
"03/11/2021","AQS","250250002","3","17","ug/m3 LC","66","BOSTON KENMORE SQ","1","100.0000","88101","PM2.5 - Local Conditions","236","Teledyne T640 at 5.0 LPM","14460","Boston-Cambridge-Newton, MA-NH","25","Massachusetts","025","Suffolk","42.3488727124916","-71.0971627875593"
"03/12/2021","AQS","250250002","3","7.8","ug/m3 LC","43","BOSTON KENMORE SQ","1","100.0000","88101","PM2.5 - Local Conditions","236","Teledyne T640 at 5.0 LPM","14460","Boston-Cambridge-Newton, MA-NH","25","Massachusetts","025","Suffolk","42.3488727124916","-71.0971627875593"
"03/13/2021","AQS","250250002","3","2.7","ug/m3 LC","15","BOSTON KENMORE SQ","1","100.0000","88101","PM2.5 - Local Conditions","236","Teledyne T640 at 5.0 LPM","14460","Boston-Cambridge-Newton, MA-NH","25","Massachusetts","025","Suffolk","42.3488727124916","-71.0971627875593"
"03/14/2021","AQS","250250002","3","3.7","ug/m3 LC","21","BOSTON KENMORE SQ","1","100.0000","88101","PM2.5 - Local Conditions","236","Teledyne T640 at 5.0 LPM","14460","Boston-Cambridge-Newton, MA-NH","25","Massachusetts","025","Suffolk","42.3488727124916","-71.0971627875593"
"03/15/2021","AQS","250250002","3","3.7","ug/m3 LC","21","BOSTON KENMORE SQ","1","100.0000","88101","PM2.5 - Local Conditions","236","Teledyne T640 at 5.0 LPM","14460","Boston-Cambridge-Newton, MA-NH","25","Massachusetts","025","Suffolk","42.3488727124916","-71.0971627875593"
"03/16/2021","AQS","250250002","3","5.4","ug/m3 LC","30","BOSTON KENMORE SQ","1","100.0000","88101","PM2.5 - Local Conditions","236","Teledyne T640 at 5.0 LPM","14460","Boston-Cambridge-Newton, MA-NH","25","Massachusetts","025","Suffolk","42.3488727124916","-71.0971627875593"
"03/17/2021","AQS","250250002","3","7.9","ug/m3 LC","44","BOSTON KENMORE SQ","1","100.0000","88101","PM2.5 - Local Conditions","236","Teledyne T640 at 5.0 LPM","14460","Boston-Cambridge-Newton, MA-NH","25","Massachusetts","025","Suffolk","42.3488727124916","-71.0971627875593"
"03/18/2021","AQS","250250002","3","14","ug/m3 LC","60","BOSTON KENMORE SQ","1","100.0000","88101","PM2.5 - Local Conditions","236","Teledyne T640 at 5.0 LPM","14460","Boston-Cambridge-Newton, MA-NH","25","Massachusetts","025","Suffolk","42.3488727124916","-71.0971627875593"
"03/19/2021","AQS","250250002","3","5","ug/m3 LC","28","BOSTON KENMORE SQ","1","100.0000","88101","PM2.5 - Local Conditions","236","Teledyne T640 at 5.0 LPM","14460","Boston-Cambridge-Newton, MA-NH","25","Massachusetts","025","Suffolk","42.3488727124916","-71.0971627875593"
"03/20/2021","AQS","250250002","3","6.1","ug/m3 LC","34","BOSTON KENMORE SQ","1","100.0000","88101","PM2.5 - Local Conditions","236","Teledyne T640 at 5.0 LPM","14460","Boston-Cambridge-Newton, MA-NH","25","Massachusetts","025","Suffolk","42.3488727124916","-71.0971627875593"
"03/21/2021","AQS","250250002","3","7.9","ug/m3 LC","44","BOSTON KENMORE SQ","1","100.0000","88101","PM2.5 - Local Conditions","236","Teledyne T640 at 5.0 LPM","14460","Boston-Cambridge-Newton, MA-NH","25","Massachusetts","025","Suffolk","42.3488727124916","-71.0971627875593"
"03/22/2021","AQS","250250002","3","8.7","ug/m3 LC","48","BOSTON KENMORE SQ","1","100.0000","88101","PM2.5 - Local Conditions","236","Teledyne T640 at 5.0 LPM","14460","Boston-Cambridge-Newton, MA-NH","25","Massachusetts","025","Suffolk","42.3488727124916","-71.0971627875593"
"03/23/2021","AQS","250250002","3","8","ug/m3 LC","44","BOSTON KENMORE SQ","1","100.0000","88101","PM2.5 - Local Conditions","236","Teledyne T640 at 5.0 LPM","14460","Boston-Cambridge-Newton, MA-NH","25","Massachusetts","025","Suffolk","42.3488727124916","-71.0971627875593"
"03/24/2021","AQS","250250002","3","9.7","ug/m3 LC","52","BOSTON KENMORE SQ","1","100.0000","88101","PM2.5 - Local Conditions","236","Teledyne T640 at 5.0 LPM","14460","Boston-Cambridge-Newton, MA-NH","25","Massachusetts","025","Suffolk","42.3488727124916","-71.0971627875593"
"03/25/2021","AQS","250250002","3","11.7","ug/m3 LC","56","BOSTON KENMORE SQ","1","100.0000","88101","PM2.5 - Local Conditions","236","Teledyne T640 at 5.0 LPM","14460","Boston-Cambridge-Newton, MA-NH","25","Massachusetts","025","Suffolk","42.3488727124916","-71.0971627875593"
"03/26/2021","AQS","250250002","3","7.1","ug/m3 LC","39","BOSTON KENMORE SQ","1","100.0000","88101","PM2.5 - Local Conditions","236","Teledyne T640 at 5.0 LPM","14460","Boston-Cambridge-Newton, MA-NH","25","Massachusetts","025","Suffolk","42.3488727124916","-71.0971627875593"
"03/27/2021","AQS","250250002","3","3.1","ug/m3 LC","17","BOSTON KENMORE SQ","1","100.0000","88101","PM2.5 - Local Conditions","236","Teledyne T640 at 5.0 LPM","14460","Boston-Cambridge-Newton, MA-NH","25","Massachusetts","025","Suffolk","42.3488727124916","-71.0971627875593"
"03/28/2021","AQS","250250002","3","6.5","ug/m3 LC","36","BOSTON KENMORE SQ","1","100.0000","88101","PM2.5 - Local Conditions","236","Teledyne T640 at 5.0 LPM","14460","Boston-Cambridge-Newton, MA-NH","25","Massachusetts","025","Suffolk","42.3488727124916","-71.0971627875593"
"03/29/2021","AQS","250250002","3","2.5","ug/m3 LC","14","BOSTON KENMORE SQ","1","100.0000","88101","PM2.5 - Local Conditions","236","Teledyne T640 at 5.0 LPM","14460","Boston-Cambridge-Newton, MA-NH","25","Massachusetts","025","Suffolk","42.3488727124916","-71.0971627875593"
"03/30/2021","AQS","250250002","3","4.8","ug/m3 LC","27","BOSTON KENMORE SQ","1","100.0000","88101","PM2.5 - Local Conditions","236","Teledyne T640 at 5.0 LPM","14460","Boston-Cambridge-Newton, MA-NH","25","Massachusetts","025","Suffolk","42.3488727124916","-71.0971627875593"
"03/31/2021","AQS","250250002","3","7.1","ug/m3 LC","39","BOSTON KENMORE SQ","1","100.0000","88101","PM2.5 - Local Conditions","236","Teledyne T640 at 5.0 LPM","14460","Boston-Cambridge-Newton, MA-NH","25","Massachusetts","025","Suffolk","42.3488727124916","-71.0971627875593"
"04/01/2021","AQS","250250002","3","2.9","ug/m3 LC","16","BOSTON KENMORE SQ","1","100.0000","88101","PM2.5 - Local Conditions","236","Teledyne T640 at 5.0 LPM","14460","Boston-Cambridge-Newton, MA-NH","25","Massachusetts","025","Suffolk","42.3488727124916","-71.0971627875593"
"04/02/2021","AQS","250250002","3","4.1","ug/m3 LC","23","BOSTON KENMORE SQ","1","100.0000","88101","PM2.5 - Local Conditions","236","Teledyne T640 at 5.0 LPM","14460","Boston-Cambridge-Newton, MA-NH","25","Massachusetts","025","Suffolk","42.3488727124916","-71.0971627875593"
"04/03/2021","AQS","250250002","3","4.8","ug/m3 LC","27","BOSTON KENMORE SQ","1","100.0000","88101","PM2.5 - Local Conditions","236","Teledyne T640 at 5.0 LPM","14460","Boston-Cambridge-Newton, MA-NH","25","Massachusetts","025","Suffolk","42.3488727124916","-71.0971627875593"
"04/04/2021","AQS","250250002","3","5.4","ug/m3 LC","30","BOSTON KENMORE SQ","1","100.0000","88101","PM2.5 - Local Conditions","236","Teledyne T640 at 5.0 LPM","14460","Boston-Cambridge-Newton, MA-NH","25","Massachusetts","025","Suffolk","42.3488727124916","-71.0971627875593"
"04/05/2021","AQS","250250002","3","5.3","ug/m3 LC","29","BOSTON KENMORE SQ","1","100.0000","88101","PM2.5 - Local Conditions","236","Teledyne T640 at 5.0 LPM","14460","Boston-Cambridge-Newton, MA-NH","25","Massachusetts","025","Suffolk","42.3488727124916","-71.0971627875593"
"04/06/2021","AQS","250250002","3","3.3","ug/m3 LC","18","BOSTON KENMORE SQ","1","100.0000","88101","PM2.5 - Local Conditions","236","Teledyne T640 at 5.0 LPM","14460","Boston-Cambridge-Newton, MA-NH","25","Massachusetts","025","Suffolk","42.3488727124916","-71.0971627875593"
"04/07/2021","AQS","250250002","3","4.7","ug/m3 LC","26","BOSTON KENMORE SQ","1","100.0000","88101","PM2.5 - Local Conditions","236","Teledyne T640 at 5.0 LPM","14460","Boston-Cambridge-Newton, MA-NH","25","Massachusetts","025","Suffolk","42.3488727124916","-71.0971627875593"
"04/08/2021","AQS","250250002","3","4.3","ug/m3 LC","24","BOSTON KENMORE SQ","1","100.0000","88101","PM2.5 - Local Conditions","236","Teledyne T640 at 5.0 LPM","14460","Boston-Cambridge-Newton, MA-NH","25","Massachusetts","025","Suffolk","42.3488727124916","-71.0971627875593"
"04/09/2021","AQS","250250002","3","6.7","ug/m3 LC","37","BOSTON KENMORE SQ","1","100.0000","88101","PM2.5 - Local Conditions","236","Teledyne T640 at 5.0 LPM","14460","Boston-Cambridge-Newton, MA-NH","25","Massachusetts","025","Suffolk","42.3488727124916","-71.0971627875593"
"04/10/2021","AQS","250250002","3","6.7","ug/m3 LC","37","BOSTON KENMORE SQ","1","100.0000","88101","PM2.5 - Local Conditions","236","Teledyne T640 at 5.0 LPM","14460","Boston-Cambridge-Newton, MA-NH","25","Massachusetts","025","Suffolk","42.3488727124916","-71.0971627875593"
"04/11/2021","AQS","250250002","3","8.6","ug/m3 LC","48","BOSTON KENMORE SQ","1","100.0000","88101","PM2.5 - Local Conditions","236","Teledyne T640 at 5.0 LPM","14460","Boston-Cambridge-Newton, MA-NH","25","Massachusetts","025","Suffolk","42.3488727124916","-71.0971627875593"
"04/12/2021","AQS","250250002","3","5.7","ug/m3 LC","32","BOSTON KENMORE SQ","1","100.0000","88101","PM2.5 - Local Conditions","236","Teledyne T640 at 5.0 LPM","14460","Boston-Cambridge-Newton, MA-NH","25","Massachusetts","025","Suffolk","42.3488727124916","-71.0971627875593"
"04/13/2021","AQS","250250002","3","5.8","ug/m3 LC","32","BOSTON KENMORE SQ","1","100.0000","88101","PM2.5 - Local Conditions","236","Teledyne T640 at 5.0 LPM","14460","Boston-Cambridge-Newton, MA-NH","25","Massachusetts","025","Suffolk","42.3488727124916","-71.0971627875593"
"04/14/2021","AQS","250250002","3","7.3","ug/m3 LC","41","BOSTON KENMORE SQ","1","100.0000","88101","PM2.5 - Local Conditions","236","Teledyne T640 at 5.0 LPM","14460","Boston-Cambridge-Newton, MA-NH","25","Massachusetts","025","Suffolk","42.3488727124916","-71.0971627875593"
"04/15/2021","AQS","250250002","3","7.7","ug/m3 LC","43","BOSTON KENMORE SQ","1","100.0000","88101","PM2.5 - Local Conditions","236","Teledyne T640 at 5.0 LPM","14460","Boston-Cambridge-Newton, MA-NH","25","Massachusetts","025","Suffolk","42.3488727124916","-71.0971627875593"
"04/16/2021","AQS","250250002","3","2.7","ug/m3 LC","15","BOSTON KENMORE SQ","1","100.0000","88101","PM2.5 - Local Conditions","236","Teledyne T640 at 5.0 LPM","14460","Boston-Cambridge-Newton, MA-NH","25","Massachusetts","025","Suffolk","42.3488727124916","-71.0971627875593"
"04/17/2021","AQS","250250002","3","2.4","ug/m3 LC","13","BOSTON KENMORE SQ","1","100.0000","88101","PM2.5 - Local Conditions","236","Teledyne T640 at 5.0 LPM","14460","Boston-Cambridge-Newton, MA-NH","25","Massachusetts","025","Suffolk","42.3488727124916","-71.0971627875593"
"04/18/2021","AQS","250250002","3","5.5","ug/m3 LC","31","BOSTON KENMORE SQ","1","100.0000","88101","PM2.5 - Local Conditions","236","Teledyne T640 at 5.0 LPM","14460","Boston-Cambridge-Newton, MA-NH","25","Massachusetts","025","Suffolk","42.3488727124916","-71.0971627875593"
"04/19/2021","AQS","250250002","3","6.9","ug/m3 LC","38","BOSTON KENMORE SQ","1","100.0000","88101","PM2.5 - Local Conditions","236","Teledyne T640 at 5.0 LPM","14460","Boston-Cambridge-Newton, MA-NH","25","Massachusetts","025","Suffolk","42.3488727124916","-71.0971627875593"
"04/20/2021","AQS","250250002","3","7.2","ug/m3 LC","40","BOSTON KENMORE SQ","1","100.0000","88101","PM2.5 - Local Conditions","236","Teledyne T640 at 5.0 LPM","14460","Boston-Cambridge-Newton, MA-NH","25","Massachusetts","025","Suffolk","42.3488727124916","-71.0971627875593"
"04/21/2021","AQS","250250002","3","6.7","ug/m3 LC","37","BOSTON KENMORE SQ","1","100.0000","88101","PM2.5 - Local Conditions","236","Teledyne T640 at 5.0 LPM","14460","Boston-Cambridge-Newton, MA-NH","25","Massachusetts","025","Suffolk","42.3488727124916","-71.0971627875593"
"04/22/2021","AQS","250250002","3","3.5","ug/m3 LC","19","BOSTON KENMORE SQ","1","100.0000","88101","PM2.5 - Local Conditions","236","Teledyne T640 at 5.0 LPM","14460","Boston-Cambridge-Newton, MA-NH","25","Massachusetts","025","Suffolk","42.3488727124916","-71.0971627875593"
"04/23/2021","AQS","250250002","3","5.2","ug/m3 LC","29","BOSTON KENMORE SQ","1","100.0000","88101","PM2.5 - Local Conditions","236","Teledyne T640 at 5.0 LPM","14460","Boston-Cambridge-Newton, MA-NH","25","Massachusetts","025","Suffolk","42.3488727124916","-71.0971627875593"
"04/24/2021","AQS","250250002","3","10","ug/m3 LC","53","BOSTON KENMORE SQ","1","100.0000","88101","PM2.5 - Local Conditions","236","Teledyne T640 at 5.0 LPM","14460","Boston-Cambridge-Newton, MA-NH","25","Massachusetts","025","Suffolk","42.3488727124916","-71.0971627875593"
"04/25/2021","AQS","250250002","3","11.2","ug/m3 LC","55","BOSTON KENMORE SQ","1","100.0000","88101","PM2.5 - Local Conditions","236","Teledyne T640 at 5.0 LPM","14460","Boston-Cambridge-Newton, MA-NH","25","Massachusetts","025","Suffolk","42.3488727124916","-71.0971627875593"
"04/26/2021","AQS","250250002","3","3.8","ug/m3 LC","21","BOSTON KENMORE SQ","1","100.0000","88101","PM2.5 - Local Conditions","236","Teledyne T640 at 5.0 LPM","14460","Boston-Cambridge-Newton, MA-NH","25","Massachusetts","025","Suffolk","42.3488727124916","-71.0971627875593"
"04/27/2021","AQS","250250002","3","4.7","ug/m3 LC","26","BOSTON KENMORE SQ","1","100.0000","88101","PM2.5 - Local Conditions","236","Teledyne T640 at 5.0 LPM","14460","Boston-Cambridge-Newton, MA-NH","25","Massachusetts","025","Suffolk","42.3488727124916","-71.0971627875593"
"04/28/2021","AQS","250250002","3","8.7","ug/m3 LC","48","BOSTON KENMORE SQ","1","100.0000","88101","PM2.5 - Local Conditions","236","Teledyne T640 at 5.0 LPM","14460","Boston-Cambridge-Newton, MA-NH","25","Massachusetts","025","Suffolk","42.3488727124916","-71.0971627875593"
"04/29/2021","AQS","250250002","3","9.4","ug/m3 LC","52","BOSTON KENMORE SQ","1","100.0000","88101","PM2.5 - Local Conditions","236","Teledyne T640 at 5.0 LPM","14460","Boston-Cambridge-Newton, MA-NH","25","Massachusetts","025","Suffolk","42.3488727124916","-71.0971627875593"
"04/30/2021","AQS","250250002","3","2.3","ug/m3 LC","13","BOSTON KENMORE SQ","1","100.0000","88101","PM2.5 - Local Conditions","236","Teledyne T640 at 5.0 LPM","14460","Boston-Cambridge-Newton, MA-NH","25","Massachusetts","025","Suffolk","42.3488727124916","-71.0971627875593"
"05/01/2021","AQS","250250002","3","2.3","ug/m3 LC","13","BOSTON KENMORE SQ","1","100.0000","88101","PM2.5 - Local Conditions","236","Teledyne T640 at 5.0 LPM","14460","Boston-Cambridge-Newton, MA-NH","25","Massachusetts","025","Suffolk","42.3488727124916","-71.0971627875593"
"05/02/2021","AQS","250250002","3","5.1","ug/m3 LC","28","BOSTON KENMORE SQ","1","100.0000","88101","PM2.5 - Local Conditions","236","Teledyne T640 at 5.0 LPM","14460","Boston-Cambridge-Newton, MA-NH","25","Massachusetts","025","Suffolk","42.3488727124916","-71.0971627875593"
"05/03/2021","AQS","250250002","3","6","ug/m3 LC","33","BOSTON KENMORE SQ","1","100.0000","88101","PM2.5 - Local Conditions","236","Teledyne T640 at 5.0 LPM","14460","Boston-Cambridge-Newton, MA-NH","25","Massachusetts","025","Suffolk","42.3488727124916","-71.0971627875593"
"05/04/2021","AQS","250250002","3","6.3","ug/m3 LC","35","BOSTON KENMORE SQ","1","100.0000","88101","PM2.5 - Local Conditions","236","Teledyne T640 at 5.0 LPM","14460","Boston-Cambridge-Newton, MA-NH","25","Massachusetts","025","Suffolk","42.3488727124916","-71.0971627875593"
"05/05/2021","AQS","250250002","3","5.4","ug/m3 LC","30","BOSTON KENMORE SQ","1","100.0000","88101","PM2.5 - Local Conditions","236","Teledyne T640 at 5.0 LPM","14460","Boston-Cambridge-Newton, MA-NH","25","Massachusetts","025","Suffolk","42.3488727124916","-71.0971627875593"
"05/06/2021","AQS","250250002","3","2.8","ug/m3 LC","16","BOSTON KENMORE SQ","1","100.0000","88101","PM2.5 - Local Conditions","236","Teledyne T640 at 5.0 LPM","14460","Boston-Cambridge-Newton, MA-NH","25","Massachusetts","025","Suffolk","42.3488727124916","-71.0971627875593"
"05/07/2021","AQS","250250002","3","4.6","ug/m3 LC","26","BOSTON KENMORE SQ","1","100.0000","88101","PM2.5 - Local Conditions","236","Teledyne T640 at 5.0 LPM","14460","Boston-Cambridge-Newton, MA-NH","25","Massachusetts","025","Suffolk","42.3488727124916","-71.0971627875593"
"05/08/2021","AQS","250250002","3","4.3","ug/m3 LC","24","BOSTON KENMORE SQ","1","100.0000","88101","PM2.5 - Local Conditions","236","Teledyne T640 at 5.0 LPM","14460","Boston-Cambridge-Newton, MA-NH","25","Massachusetts","025","Suffolk","42.3488727124916","-71.0971627875593"
"05/09/2021","AQS","250250002","3","3.7","ug/m3 LC","21","BOSTON KENMORE SQ","1","100.0000","88101","PM2.5 - Local Conditions","236","Teledyne T640 at 5.0 LPM","14460","Boston-Cambridge-Newton, MA-NH","25","Massachusetts","025","Suffolk","42.3488727124916","-71.0971627875593"
"05/10/2021","AQS","250250002","3","5.9","ug/m3 LC","33","BOSTON KENMORE SQ","1","100.0000","88101","PM2.5 - Local Conditions","236","Teledyne T640 at 5.0 LPM","14460","Boston-Cambridge-Newton, MA-NH","25","Massachusetts","025","Suffolk","42.3488727124916","-71.0971627875593"
"05/11/2021","AQS","250250002","3","2.7","ug/m3 LC","15","BOSTON KENMORE SQ","1","100.0000","88101","PM2.5 - Local Conditions","236","Teledyne T640 at 5.0 LPM","14460","Boston-Cambridge-Newton, MA-NH","25","Massachusetts","025","Suffolk","42.3488727124916","-71.0971627875593"
"05/12/2021","AQS","250250002","3","2.6","ug/m3 LC","14","BOSTON KENMORE SQ","1","100.0000","88101","PM2.5 - Local Conditions","236","Teledyne T640 at 5.0 LPM","14460","Boston-Cambridge-Newton, MA-NH","25","Massachusetts","025","Suffolk","42.3488727124916","-71.0971627875593"
"05/13/2021","AQS","250250002","3","4.5","ug/m3 LC","25","BOSTON KENMORE SQ","1","100.0000","88101","PM2.5 - Local Conditions","236","Teledyne T640 at 5.0 LPM","14460","Boston-Cambridge-Newton, MA-NH","25","Massachusetts","025","Suffolk","42.3488727124916","-71.0971627875593"
"05/14/2021","AQS","250250002","3","6.7","ug/m3 LC","37","BOSTON KENMORE SQ","1","100.0000","88101","PM2.5 - Local Conditions","236","Teledyne T640 at 5.0 LPM","14460","Boston-Cambridge-Newton, MA-NH","25","Massachusetts","025","Suffolk","42.3488727124916","-71.0971627875593"
"05/15/2021","AQS","250250002","3","7.7","ug/m3 LC","43","BOSTON KENMORE SQ","1","100.0000","88101","PM2.5 - Local Conditions","236","Teledyne T640 at 5.0 LPM","14460","Boston-Cambridge-Newton, MA-NH","25","Massachusetts","025","Suffolk","42.3488727124916","-71.0971627875593"
"05/16/2021","AQS","250250002","3","6.9","ug/m3 LC","38","BOSTON KENMORE SQ","1","100.0000","88101","PM2.5 - Local Conditions","236","Teledyne T640 at 5.0 LPM","14460","Boston-Cambridge-Newton, MA-NH","25","Massachusetts","025","Suffolk","42.3488727124916","-71.0971627875593"
"05/17/2021","AQS","250250002","3","8.6","ug/m3 LC","48","BOSTON KENMORE SQ","1","100.0000","88101","PM2.5 - Local Conditions","236","Teledyne T640 at 5.0 LPM","14460","Boston-Cambridge-Newton, MA-NH","25","Massachusetts","025","Suffolk","42.3488727124916","-71.0971627875593"
"05/18/2021","AQS","250250002","3","8","ug/m3 LC","44","BOSTON KENMORE SQ","1","100.0000","88101","PM2.5 - Local Conditions","236","Teledyne T640 at 5.0 LPM","14460","Boston-Cambridge-Newton, MA-NH","25","Massachusetts","025","Suffolk","42.3488727124916","-71.0971627875593"
"05/19/2021","AQS","250250002","3","7.9","ug/m3 LC","44","BOSTON KENMORE SQ","1","100.0000","88101","PM2.5 - Local Conditions","236","Teledyne T640 at 5.0 LPM","14460","Boston-Cambridge-Newton, MA-NH","25","Massachusetts","025","Suffolk","42.3488727124916","-71.0971627875593"
"05/20/2021","AQS","250250002","3","6.8","ug/m3 LC","38","BOSTON KENMORE SQ","1","100.0000","88101","PM2.5 - Local Conditions","236","Teledyne T640 at 5.0 LPM","14460","Boston-Cambridge-Newton, MA-NH","25","Massachusetts","025","Suffolk","42.3488727124916","-71.0971627875593"
"05/21/2021","AQS","250250002","3","7.3","ug/m3 LC","41","BOSTON KENMORE SQ","1","100.0000","88101","PM2.5 - Local Conditions","236","Teledyne T640 at 5.0 LPM","14460","Boston-Cambridge-Newton, MA-NH","25","Massachusetts","025","Suffolk","42.3488727124916","-71.0971627875593"
"05/22/2021","AQS","250250002","3","11","ug/m3 LC","55","BOSTON KENMORE SQ","1","100.0000","88101","PM2.5 - Local Conditions","236","Teledyne T640 at 5.0 LPM","14460","Boston-Cambridge-Newton, MA-NH","25","Massachusetts","025","Suffolk","42.3488727124916","-71.0971627875593"
"05/23/2021","AQS","250250002","3","6.9","ug/m3 LC","38","BOSTON KENMORE SQ","1","100.0000","88101","PM2.5 - Local Conditions","236","Teledyne T640 at 5.0 LPM","14460","Boston-Cambridge-Newton, MA-NH","25","Massachusetts","025","Suffolk","42.3488727124916","-71.0971627875593"
"05/24/2021","AQS","250250002","3","5.2","ug/m3 LC","29","BOSTON KENMORE SQ","1","100.0000","88101","PM2.5 - Local Conditions","236","Teledyne T640 at 5.0 LPM","14460","Boston-Cambridge-Newton, MA-NH","25","Massachusetts","025","Suffolk","42.3488727124916","-71.0971627875593"
"05/25/2021","AQS","250250002","3","6.2","ug/m3 LC","34","BOSTON KENMORE SQ","1","100.0000","88101","PM2.5 - Local Conditions","236","Teledyne T640 at 5.0 LPM","14460","Boston-Cambridge-Newton, MA-NH","25","Massachusetts","025","Suffolk","42.3488727124916","-71.0971627875593"
"05/26/2021","AQS","250250002","3","12","ug/m3 LC","56","BOSTON KENMORE SQ","1","100.0000","88101","PM2.5 - Local Conditions","236","Teledyne T640 at 5.0 LPM","14460","Boston-Cambridge-Newton, MA-NH","25","Massachusetts","025","Suffolk","42.3488727124916","-71.0971627875593"
"05/27/2021","AQS","250250002","3","6.6","ug/m3 LC","37","BOSTON KENMORE SQ","1","100.0000","88101","PM2.5 - Local Conditions","236","Teledyne T640 at 5.0 LPM","14460","Boston-Cambridge-Newton, MA-NH","25","Massachusetts","025","Suffolk","42.3488727124916","-71.0971627875593"
"05/28/2021","AQS","250250002","3","4.7","ug/m3 LC","26","BOSTON KENMORE SQ","1","100.0000","88101","PM2.5 - Local Conditions","236","Teledyne T640 at 5.0 LPM","14460","Boston-Cambridge-Newton, MA-NH","25","Massachusetts","025","Suffolk","42.3488727124916","-71.0971627875593"
"05/29/2021","AQS","250250002","3","5.3","ug/m3 LC","29","BOSTON KENMORE SQ","1","100.0000","88101","PM2.5 - Local Conditions","236","Teledyne T640 at 5.0 LPM","14460","Boston-Cambridge-Newton, MA-NH","25","Massachusetts","025","Suffolk","42.3488727124916","-71.0971627875593"
"05/30/2021","AQS","250250002","3","4.2","ug/m3 LC","23","BOSTON KENMORE SQ","1","100.0000","88101","PM2.5 - Local Conditions","236","Teledyne T640 at 5.0 LPM","14460","Boston-Cambridge-Newton, MA-NH","25","Massachusetts","025","Suffolk","42.3488727124916","-71.0971627875593"
"05/31/2021","AQS","250250002","3","2.8","ug/m3 LC","16","BOSTON KENMORE SQ","1","100.0000","88101","PM2.5 - Local Conditions","236","Teledyne T640 at 5.0 LPM","14460","Boston-Cambridge-Newton, MA-NH","25","Massachusetts","025","Suffolk","42.3488727124916","-71.0971627875593"
"06/01/2021","AQS","250250002","3","6.8","ug/m3 LC","38","BOSTON KENMORE SQ","1","100.0000","88101","PM2.5 - Local Conditions","236","Teledyne T640 at 5.0 LPM","14460","Boston-Cambridge-Newton, MA-NH","25","Massachusetts","025","Suffolk","42.3488727124916","-71.0971627875593"
"06/02/2021","AQS","250250002","3","8.8","ug/m3 LC","49","BOSTON KENMORE SQ","1","100.0000","88101","PM2.5 - Local Conditions","236","Teledyne T640 at 5.0 LPM","14460","Boston-Cambridge-Newton, MA-NH","25","Massachusetts","025","Suffolk","42.3488727124916","-71.0971627875593"
"06/03/2021","AQS","250250002","3","5","ug/m3 LC","28","BOSTON KENMORE SQ","1","100.0000","88101","PM2.5 - Local Conditions","236","Teledyne T640 at 5.0 LPM","14460","Boston-Cambridge-Newton, MA-NH","25","Massachusetts","025","Suffolk","42.3488727124916","-71.0971627875593"
"06/04/2021","AQS","250250002","3","6.5","ug/m3 LC","36","BOSTON KENMORE SQ","1","100.0000","88101","PM2.5 - Local Conditions","236","Teledyne T640 at 5.0 LPM","14460","Boston-Cambridge-Newton, MA-NH","25","Massachusetts","025","Suffolk","42.3488727124916","-71.0971627875593"
"06/05/2021","AQS","250250002","3","10.1","ug/m3 LC","53","BOSTON KENMORE SQ","1","100.0000","88101","PM2.5 - Local Conditions","236","Teledyne T640 at 5.0 LPM","14460","Boston-Cambridge-Newton, MA-NH","25","Massachusetts","025","Suffolk","42.3488727124916","-71.0971627875593"
"06/06/2021","AQS","250250002","3","13.2","ug/m3 LC","59","BOSTON KENMORE SQ","1","100.0000","88101","PM2.5 - Local Conditions","236","Teledyne T640 at 5.0 LPM","14460","Boston-Cambridge-Newton, MA-NH","25","Massachusetts","025","Suffolk","42.3488727124916","-71.0971627875593"
"06/07/2021","AQS","250250002","3","15.1","ug/m3 LC","62","BOSTON KENMORE SQ","1","100.0000","88101","PM2.5 - Local Conditions","236","Teledyne T640 at 5.0 LPM","14460","Boston-Cambridge-Newton, MA-NH","25","Massachusetts","025","Suffolk","42.3488727124916","-71.0971627875593"
"06/08/2021","AQS","250250002","3","11.4","ug/m3 LC","55","BOSTON KENMORE SQ","1","100.0000","88101","PM2.5 - Local Conditions","236","Teledyne T640 at 5.0 LPM","14460","Boston-Cambridge-Newton, MA-NH","25","Massachusetts","025","Suffolk","42.3488727124916","-71.0971627875593"
"06/09/2021","AQS","250250002","3","8.5","ug/m3 LC","47","BOSTON KENMORE SQ","1","100.0000","88101","PM2.5 - Local Conditions","236","Teledyne T640 at 5.0 LPM","14460","Boston-Cambridge-Newton, MA-NH","25","Massachusetts","025","Suffolk","42.3488727124916","-71.0971627875593"
"06/10/2021","AQS","250250002","3","6.8","ug/m3 LC","38","BOSTON KENMORE SQ","1","100.0000","88101","PM2.5 - Local Conditions","236","Teledyne T640 at 5.0 LPM","14460","Boston-Cambridge-Newton, MA-NH","25","Massachusetts","025","Suffolk","42.3488727124916","-71.0971627875593"
"06/11/2021","AQS","250250002","3","7.4","ug/m3 LC","41","BOSTON KENMORE SQ","1","100.0000","88101","PM2.5 - Local Conditions","236","Teledyne T640 at 5.0 LPM","14460","Boston-Cambridge-Newton, MA-NH","25","Massachusetts","025","Suffolk","42.3488727124916","-71.0971627875593"
"06/12/2021","AQS","250250002","3","5.4","ug/m3 LC","30","BOSTON KENMORE SQ","1","100.0000","88101","PM2.5 - Local Conditions","236","Teledyne T640 at 5.0 LPM","14460","Boston-Cambridge-Newton, MA-NH","25","Massachusetts","025","Suffolk","42.3488727124916","-71.0971627875593"
"06/13/2021","AQS","250250002","3","6.5","ug/m3 LC","36","BOSTON KENMORE SQ","1","100.0000","88101","PM2.5 - Local Conditions","236","Teledyne T640 at 5.0 LPM","14460","Boston-Cambridge-Newton, MA-NH","25","Massachusetts","025","Suffolk","42.3488727124916","-71.0971627875593"
"06/14/2021","AQS","250250002","3","6","ug/m3 LC","33","BOSTON KENMORE SQ","1","100.0000","88101","PM2.5 - Local Conditions","236","Teledyne T640 at 5.0 LPM","14460","Boston-Cambridge-Newton, MA-NH","25","Massachusetts","025","Suffolk","42.3488727124916","-71.0971627875593"
"06/15/2021","AQS","250250002","3","7","ug/m3 LC","39","BOSTON KENMORE SQ","1","100.0000","88101","PM2.5 - Local Conditions","236","Teledyne T640 at 5.0 LPM","14460","Boston-Cambridge-Newton, MA-NH","25","Massachusetts","025","Suffolk","42.3488727124916","-71.0971627875593"
"06/16/2021","AQS","250250002","3","5.2","ug/m3 LC","29","BOSTON KENMORE SQ","1","100.0000","88101","PM2.5 - Local Conditions","236","Teledyne T640 at 5.0 LPM","14460","Boston-Cambridge-Newton, MA-NH","25","Massachusetts","025","Suffolk","42.3488727124916","-71.0971627875593"
"06/17/2021","AQS","250250002","3","5.1","ug/m3 LC","28","BOSTON KENMORE SQ","1","100.0000","88101","PM2.5 - Local Conditions","236","Teledyne T640 at 5.0 LPM","14460","Boston-Cambridge-Newton, MA-NH","25","Massachusetts","025","Suffolk","42.3488727124916","-71.0971627875593"
"06/18/2021","AQS","250250002","3","6","ug/m3 LC","33","BOSTON KENMORE SQ","1","100.0000","88101","PM2.5 - Local Conditions","236","Teledyne T640 at 5.0 LPM","14460","Boston-Cambridge-Newton, MA-NH","25","Massachusetts","025","Suffolk","42.3488727124916","-71.0971627875593"
"06/19/2021","AQS","250250002","3","8.4","ug/m3 LC","47","BOSTON KENMORE SQ","1","100.0000","88101","PM2.5 - Local Conditions","236","Teledyne T640 at 5.0 LPM","14460","Boston-Cambridge-Newton, MA-NH","25","Massachusetts","025","Suffolk","42.3488727124916","-71.0971627875593"
"06/20/2021","AQS","250250002","3","6.8","ug/m3 LC","38","BOSTON KENMORE SQ","1","100.0000","88101","PM2.5 - Local Conditions","236","Teledyne T640 at 5.0 LPM","14460","Boston-Cambridge-Newton, MA-NH","25","Massachusetts","025","Suffolk","42.3488727124916","-71.0971627875593"
"06/21/2021","AQS","250250002","3","10.8","ug/m3 LC","54","BOSTON KENMORE SQ","1","100.0000","88101","PM2.5 - Local Conditions","236","Teledyne T640 at 5.0 LPM","14460","Boston-Cambridge-Newton, MA-NH","25","Massachusetts","025","Suffolk","42.3488727124916","-71.0971627875593"
"06/22/2021","AQS","250250002","3","6.2","ug/m3 LC","34","BOSTON KENMORE SQ","1","100.0000","88101","PM2.5 - Local Conditions","236","Teledyne T640 at 5.0 LPM","14460","Boston-Cambridge-Newton, MA-NH","25","Massachusetts","025","Suffolk","42.3488727124916","-71.0971627875593"
"06/23/2021","AQS","250250002","3","3.7","ug/m3 LC","21","BOSTON KENMORE SQ","1","100.0000","88101","PM2.5 - Local Conditions","236","Teledyne T640 at 5.0 LPM","14460","Boston-Cambridge-Newton, MA-NH","25","Massachusetts","025","Suffolk","42.3488727124916","-71.0971627875593"
"06/24/2021","AQS","250250002","3","5.2","ug/m3 LC","29","BOSTON KENMORE SQ","1","100.0000","88101","PM2.5 - Local Conditions","236","Teledyne T640 at 5.0 LPM","14460","Boston-Cambridge-Newton, MA-NH","25","Massachusetts","025","Suffolk","42.3488727124916","-71.0971627875593"
"06/25/2021","AQS","250250002","3","5.8","ug/m3 LC","32","BOSTON KENMORE SQ","1","100.0000","88101","PM2.5 - Local Conditions","236","Teledyne T640 at 5.0 LPM","14460","Boston-Cambridge-Newton, MA-NH","25","Massachusetts","025","Suffolk","42.3488727124916","-71.0971627875593"
"06/26/2021","AQS","250250002","3","6.8","ug/m3 LC","38","BOSTON KENMORE SQ","1","100.0000","88101","PM2.5 - Local Conditions","236","Teledyne T640 at 5.0 LPM","14460","Boston-Cambridge-Newton, MA-NH","25","Massachusetts","025","Suffolk","42.3488727124916","-71.0971627875593"
"06/27/2021","AQS","250250002","3","9.1","ug/m3 LC","51","BOSTON KENMORE SQ","1","100.0000","88101","PM2.5 - Local Conditions","236","Teledyne T640 at 5.0 LPM","14460","Boston-Cambridge-Newton, MA-NH","25","Massachusetts","025","Suffolk","42.3488727124916","-71.0971627875593"
"06/28/2021","AQS","250250002","3","9.8","ug/m3 LC","52","BOSTON KENMORE SQ","1","100.0000","88101","PM2.5 - Local Conditions","236","Teledyne T640 at 5.0 LPM","14460","Boston-Cambridge-Newton, MA-NH","25","Massachusetts","025","Suffolk","42.3488727124916","-71.0971627875593"
"06/29/2021","AQS","250250002","3","8.8","ug/m3 LC","49","BOSTON KENMORE SQ","1","100.0000","88101","PM2.5 - Local Conditions","236","Teledyne T640 at 5.0 LPM","14460","Boston-Cambridge-Newton, MA-NH","25","Massachusetts","025","Suffolk","42.3488727124916","-71.0971627875593"
"06/30/2021","AQS","250250002","3","7.3","ug/m3 LC","41","BOSTON KENMORE SQ","1","100.0000","88101","PM2.5 - Local Conditions","236","Teledyne T640 at 5.0 LPM","14460","Boston-Cambridge-Newton, MA-NH","25","Massachusetts","025","Suffolk","42.3488727124916","-71.0971627875593"
"07/01/2021","AQS","250250002","3","6.5","ug/m3 LC","36","BOSTON KENMORE SQ","1","100.0000","88101","PM2.5 - Local Conditions","236","Teledyne T640 at 5.0 LPM","14460","Boston-Cambridge-Newton, MA-NH","25","Massachusetts","025","Suffolk","42.3488727124916","-71.0971627875593"
"07/02/2021","AQS","250250002","3","4.5","ug/m3 LC","25","BOSTON KENMORE SQ","1","100.0000","88101","PM2.5 - Local Conditions","236","Teledyne T640 at 5.0 LPM","14460","Boston-Cambridge-Newton, MA-NH","25","Massachusetts","025","Suffolk","42.3488727124916","-71.0971627875593"
"07/03/2021","AQS","250250002","3","3","ug/m3 LC","17","BOSTON KENMORE SQ","1","100.0000","88101","PM2.5 - Local Conditions","236","Teledyne T640 at 5.0 LPM","14460","Boston-Cambridge-Newton, MA-NH","25","Massachusetts","025","Suffolk","42.3488727124916","-71.0971627875593"
"07/04/2021","AQS","250250002","3","3.2","ug/m3 LC","18","BOSTON KENMORE SQ","1","100.0000","88101","PM2.5 - Local Conditions","236","Teledyne T640 at 5.0 LPM","14460","Boston-Cambridge-Newton, MA-NH","25","Massachusetts","025","Suffolk","42.3488727124916","-71.0971627875593"
"07/05/2021","AQS","250250002","3","4.5","ug/m3 LC","25","BOSTON KENMORE SQ","1","100.0000","88101","PM2.5 - Local Conditions","236","Teledyne T640 at 5.0 LPM","14460","Boston-Cambridge-Newton, MA-NH","25","Massachusetts","025","Suffolk","42.3488727124916","-71.0971627875593"
"07/06/2021","AQS","250250002","3","11.2","ug/m3 LC","55","BOSTON KENMORE SQ","1","100.0000","88101","PM2.5 - Local Conditions","236","Teledyne T640 at 5.0 LPM","14460","Boston-Cambridge-Newton, MA-NH","25","Massachusetts","025","Suffolk","42.3488727124916","-71.0971627875593"
"07/07/2021","AQS","250250002","3","17.1","ug/m3 LC","66","BOSTON KENMORE SQ","1","100.0000","88101","PM2.5 - Local Conditions","236","Teledyne T640 at 5.0 LPM","14460","Boston-Cambridge-Newton, MA-NH","25","Massachusetts","025","Suffolk","42.3488727124916","-71.0971627875593"
"07/08/2021","AQS","250250002","3","7.7","ug/m3 LC","43","BOSTON KENMORE SQ","1","100.0000","88101","PM2.5 - Local Conditions","236","Teledyne T640 at 5.0 LPM","14460","Boston-Cambridge-Newton, MA-NH","25","Massachusetts","025","Suffolk","42.3488727124916","-71.0971627875593"
"07/09/2021","AQS","250250002","3","4.2","ug/m3 LC","23","BOSTON KENMORE SQ","1","100.0000","88101","PM2.5 - Local Conditions","236","Teledyne T640 at 5.0 LPM","14460","Boston-Cambridge-Newton, MA-NH","25","Massachusetts","025","Suffolk","42.3488727124916","-71.0971627875593"
"07/10/2021","AQS","250250002","3","6.5","ug/m3 LC","36","BOSTON KENMORE SQ","1","100.0000","88101","PM2.5 - Local Conditions","236","Teledyne T640 at 5.0 LPM","14460","Boston-Cambridge-Newton, MA-NH","25","Massachusetts","025","Suffolk","42.3488727124916","-71.0971627875593"
"07/11/2021","AQS","250250002","3","8.3","ug/m3 LC","46","BOSTON KENMORE SQ","1","100.0000","88101","PM2.5 - Local Conditions","236","Teledyne T640 at 5.0 LPM","14460","Boston-Cambridge-Newton, MA-NH","25","Massachusetts","025","Suffolk","42.3488727124916","-71.0971627875593"
"07/12/2021","AQS","250250002","3","6.5","ug/m3 LC","36","BOSTON KENMORE SQ","1","100.0000","88101","PM2.5 - Local Conditions","236","Teledyne T640 at 5.0 LPM","14460","Boston-Cambridge-Newton, MA-NH","25","Massachusetts","025","Suffolk","42.3488727124916","-71.0971627875593"
"07/13/2021","AQS","250250002","3","6.7","ug/m3 LC","37","BOSTON KENMORE SQ","1","100.0000","88101","PM2.5 - Local Conditions","236","Teledyne T640 at 5.0 LPM","14460","Boston-Cambridge-Newton, MA-NH","25","Massachusetts","025","Suffolk","42.3488727124916","-71.0971627875593"
"07/14/2021","AQS","250250002","3","9.2","ug/m3 LC","51","BOSTON KENMORE SQ","1","100.0000","88101","PM2.5 - Local Conditions","236","Teledyne T640 at 5.0 LPM","14460","Boston-Cambridge-Newton, MA-NH","25","Massachusetts","025","Suffolk","42.3488727124916","-71.0971627875593"
"07/15/2021","AQS","250250002","3","7.6","ug/m3 LC","42","BOSTON KENMORE SQ","1","100.0000","88101","PM2.5 - Local Conditions","236","Teledyne T640 at 5.0 LPM","14460","Boston-Cambridge-Newton, MA-NH","25","Massachusetts","025","Suffolk","42.3488727124916","-71.0971627875593"
"07/16/2021","AQS","250250002","3","11.8","ug/m3 LC","56","BOSTON KENMORE SQ","1","100.0000","88101","PM2.5 - Local Conditions","236","Teledyne T640 at 5.0 LPM","14460","Boston-Cambridge-Newton, MA-NH","25","Massachusetts","025","Suffolk","42.3488727124916","-71.0971627875593"
"07/17/2021","AQS","250250002","3","9.5","ug/m3 LC","52","BOSTON KENMORE SQ","1","100.0000","88101","PM2.5 - Local Conditions","236","Teledyne T640 at 5.0 LPM","14460","Boston-Cambridge-Newton, MA-NH","25","Massachusetts","025","Suffolk","42.3488727124916","-71.0971627875593"
"07/18/2021","AQS","250250002","3","7.2","ug/m3 LC","40","BOSTON KENMORE SQ","1","100.0000","88101","PM2.5 - Local Conditions","236","Teledyne T640 at 5.0 LPM","14460","Boston-Cambridge-Newton, MA-NH","25","Massachusetts","025","Suffolk","42.3488727124916","-71.0971627875593"
"07/19/2021","AQS","250250002","3","5.2","ug/m3 LC","29","BOSTON KENMORE SQ","1","100.0000","88101","PM2.5 - Local Conditions","236","Teledyne T640 at 5.0 LPM","14460","Boston-Cambridge-Newton, MA-NH","25","Massachusetts","025","Suffolk","42.3488727124916","-71.0971627875593"
"07/20/2021","AQS","250250002","3","35.1","ug/m3 LC","99","BOSTON KENMORE SQ","1","100.0000","88101","PM2.5 - Local Conditions","236","Teledyne T640 at 5.0 LPM","14460","Boston-Cambridge-Newton, MA-NH","25","Massachusetts","025","Suffolk","42.3488727124916","-71.0971627875593"
"07/21/2021","AQS","250250002","3","17.4","ug/m3 LC","66","BOSTON KENMORE SQ","1","100.0000","88101","PM2.5 - Local Conditions","236","Teledyne T640 at 5.0 LPM","14460","Boston-Cambridge-Newton, MA-NH","25","Massachusetts","025","Suffolk","42.3488727124916","-71.0971627875593"
"07/22/2021","AQS","250250002","3","8.1","ug/m3 LC","45","BOSTON KENMORE SQ","1","100.0000","88101","PM2.5 - Local Conditions","236","Teledyne T640 at 5.0 LPM","14460","Boston-Cambridge-Newton, MA-NH","25","Massachusetts","025","Suffolk","42.3488727124916","-71.0971627875593"
"07/23/2021","AQS","250250002","3","9.6","ug/m3 LC","52","BOSTON KENMORE SQ","1","100.0000","88101","PM2.5 - Local Conditions","236","Teledyne T640 at 5.0 LPM","14460","Boston-Cambridge-Newton, MA-NH","25","Massachusetts","025","Suffolk","42.3488727124916","-71.0971627875593"
"07/24/2021","AQS","250250002","3","8.4","ug/m3 LC","47","BOSTON KENMORE SQ","1","100.0000","88101","PM2.5 - Local Conditions","236","Teledyne T640 at 5.0 LPM","14460","Boston-Cambridge-Newton, MA-NH","25","Massachusetts","025","Suffolk","42.3488727124916","-71.0971627875593"
"07/25/2021","AQS","250250002","3","11.3","ug/m3 LC","55","BOSTON KENMORE SQ","1","100.0000","88101","PM2.5 - Local Conditions","236","Teledyne T640 at 5.0 LPM","14460","Boston-Cambridge-Newton, MA-NH","25","Massachusetts","025","Suffolk","42.3488727124916","-71.0971627875593"
"07/26/2021","AQS","250250002","3","51.7","ug/m3 LC","141","BOSTON KENMORE SQ","1","100.0000","88101","PM2.5 - Local Conditions","236","Teledyne T640 at 5.0 LPM","14460","Boston-Cambridge-Newton, MA-NH","25","Massachusetts","025","Suffolk","42.3488727124916","-71.0971627875593"
"07/27/2021","AQS","250250002","3","25.6","ug/m3 LC","82","BOSTON KENMORE SQ","1","100.0000","88101","PM2.5 - Local Conditions","236","Teledyne T640 at 5.0 LPM","14460","Boston-Cambridge-Newton, MA-NH","25","Massachusetts","025","Suffolk","42.3488727124916","-71.0971627875593"
"07/28/2021","AQS","250250002","3","9.8","ug/m3 LC","52","BOSTON KENMORE SQ","1","100.0000","88101","PM2.5 - Local Conditions","236","Teledyne T640 at 5.0 LPM","14460","Boston-Cambridge-Newton, MA-NH","25","Massachusetts","025","Suffolk","42.3488727124916","-71.0971627875593"
"07/29/2021","AQS","250250002","3","8","ug/m3 LC","44","BOSTON KENMORE SQ","1","100.0000","88101","PM2.5 - Local Conditions","236","Teledyne T640 at 5.0 LPM","14460","Boston-Cambridge-Newton, MA-NH","25","Massachusetts","025","Suffolk","42.3488727124916","-71.0971627875593"
"07/30/2021","AQS","250250002","3","6.5","ug/m3 LC","36","BOSTON KENMORE SQ","1","100.0000","88101","PM2.5 - Local Conditions","236","Teledyne T640 at 5.0 LPM","14460","Boston-Cambridge-Newton, MA-NH","25","Massachusetts","025","Suffolk","42.3488727124916","-71.0971627875593"
"07/31/2021","AQS","250250002","3","3.8","ug/m3 LC","21","BOSTON KENMORE SQ","1","100.0000","88101","PM2.5 - Local Conditions","236","Teledyne T640 at 5.0 LPM","14460","Boston-Cambridge-Newton, MA-NH","25","Massachusetts","025","Suffolk","42.3488727124916","-71.0971627875593"
"08/01/2021","AQS","250250002","3","5.7","ug/m3 LC","32","BOSTON KENMORE SQ","1","100.0000","88101","PM2.5 - Local Conditions","236","Teledyne T640 at 5.0 LPM","14460","Boston-Cambridge-Newton, MA-NH","25","Massachusetts","025","Suffolk","42.3488727124916","-71.0971627875593"
"08/02/2021","AQS","250250002","3","6.5","ug/m3 LC","36","BOSTON KENMORE SQ","1","100.0000","88101","PM2.5 - Local Conditions","236","Teledyne T640 at 5.0 LPM","14460","Boston-Cambridge-Newton, MA-NH","25","Massachusetts","025","Suffolk","42.3488727124916","-71.0971627875593"
"08/03/2021","AQS","250250002","3","7.9","ug/m3 LC","44","BOSTON KENMORE SQ","1","100.0000","88101","PM2.5 - Local Conditions","236","Teledyne T640 at 5.0 LPM","14460","Boston-Cambridge-Newton, MA-NH","25","Massachusetts","025","Suffolk","42.3488727124916","-71.0971627875593"
"08/04/2021","AQS","250250002","3","9","ug/m3 LC","50","BOSTON KENMORE SQ","1","100.0000","88101","PM2.5 - Local Conditions","236","Teledyne T640 at 5.0 LPM","14460","Boston-Cambridge-Newton, MA-NH","25","Massachusetts","025","Suffolk","42.3488727124916","-71.0971627875593"
"08/05/2021","AQS","250250002","3","3","ug/m3 LC","17","BOSTON KENMORE SQ","1","100.0000","88101","PM2.5 - Local Conditions","236","Teledyne T640 at 5.0 LPM","14460","Boston-Cambridge-Newton, MA-NH","25","Massachusetts","025","Suffolk","42.3488727124916","-71.0971627875593"
"08/06/2021","AQS","250250002","3","12.7","ug/m3 LC","58","BOSTON KENMORE SQ","1","100.0000","88101","PM2.5 - Local Conditions","236","Teledyne T640 at 5.0 LPM","14460","Boston-Cambridge-Newton, MA-NH","25","Massachusetts","025","Suffolk","42.3488727124916","-71.0971627875593"
"08/07/2021","AQS","250250002","3","13.6","ug/m3 LC","59","BOSTON KENMORE SQ","1","100.0000","88101","PM2.5 - Local Conditions","236","Teledyne T640 at 5.0 LPM","14460","Boston-Cambridge-Newton, MA-NH","25","Massachusetts","025","Suffolk","42.3488727124916","-71.0971627875593"
"08/08/2021","AQS","250250002","3","14.9","ug/m3 LC","62","BOSTON KENMORE SQ","1","100.0000","88101","PM2.5 - Local Conditions","236","Teledyne T640 at 5.0 LPM","14460","Boston-Cambridge-Newton, MA-NH","25","Massachusetts","025","Suffolk","42.3488727124916","-71.0971627875593"
"08/09/2021","AQS","250250002","3","13.5","ug/m3 LC","59","BOSTON KENMORE SQ","1","100.0000","88101","PM2.5 - Local Conditions","236","Teledyne T640 at 5.0 LPM","14460","Boston-Cambridge-Newton, MA-NH","25","Massachusetts","025","Suffolk","42.3488727124916","-71.0971627875593"
"08/10/2021","AQS","250250002","3","5.8","ug/m3 LC","32","BOSTON KENMORE SQ","1","100.0000","88101","PM2.5 - Local Conditions","236","Teledyne T640 at 5.0 LPM","14460","Boston-Cambridge-Newton, MA-NH","25","Massachusetts","025","Suffolk","42.3488727124916","-71.0971627875593"
"08/11/2021","AQS","250250002","3","11.5","ug/m3 LC","55","BOSTON KENMORE SQ","1","100.0000","88101","PM2.5 - Local Conditions","236","Teledyne T640 at 5.0 LPM","14460","Boston-Cambridge-Newton, MA-NH","25","Massachusetts","025","Suffolk","42.3488727124916","-71.0971627875593"
"08/12/2021","AQS","250250002","3","10.5","ug/m3 LC","54","BOSTON KENMORE SQ","1","100.0000","88101","PM2.5 - Local Conditions","236","Teledyne T640 at 5.0 LPM","14460","Boston-Cambridge-Newton, MA-NH","25","Massachusetts","025","Suffolk","42.3488727124916","-71.0971627875593"
"08/13/2021","AQS","250250002","3","9.6","ug/m3 LC","52","BOSTON KENMORE SQ","1","100.0000","88101","PM2.5 - Local Conditions","236","Teledyne T640 at 5.0 LPM","14460","Boston-Cambridge-Newton, MA-NH","25","Massachusetts","025","Suffolk","42.3488727124916","-71.0971627875593"
"08/14/2021","AQS","250250002","3","8.9","ug/m3 LC","49","BOSTON KENMORE SQ","1","100.0000","88101","PM2.5 - Local Conditions","236","Teledyne T640 at 5.0 LPM","14460","Boston-Cambridge-Newton, MA-NH","25","Massachusetts","025","Suffolk","42.3488727124916","-71.0971627875593"
"08/15/2021","AQS","250250002","3","5.9","ug/m3 LC","33","BOSTON KENMORE SQ","1","100.0000","88101","PM2.5 - Local Conditions","236","Teledyne T640 at 5.0 LPM","14460","Boston-Cambridge-Newton, MA-NH","25","Massachusetts","025","Suffolk","42.3488727124916","-71.0971627875593"
"08/16/2021","AQS","250250002","3","6.7","ug/m3 LC","37","BOSTON KENMORE SQ","1","100.0000","88101","PM2.5 - Local Conditions","236","Teledyne T640 at 5.0 LPM","14460","Boston-Cambridge-Newton, MA-NH","25","Massachusetts","025","Suffolk","42.3488727124916","-71.0971627875593"
"08/17/2021","AQS","250250002","3","7.8","ug/m3 LC","43","BOSTON KENMORE SQ","1","100.0000","88101","PM2.5 - Local Conditions","236","Teledyne T640 at 5.0 LPM","14460","Boston-Cambridge-Newton, MA-NH","25","Massachusetts","025","Suffolk","42.3488727124916","-71.0971627875593"
"08/18/2021","AQS","250250002","3","6.5","ug/m3 LC","36","BOSTON KENMORE SQ","1","100.0000","88101","PM2.5 - Local Conditions","236","Teledyne T640 at 5.0 LPM","14460","Boston-Cambridge-Newton, MA-NH","25","Massachusetts","025","Suffolk","42.3488727124916","-71.0971627875593"
"08/19/2021","AQS","250250002","3","6.8","ug/m3 LC","38","BOSTON KENMORE SQ","1","100.0000","88101","PM2.5 - Local Conditions","236","Teledyne T640 at 5.0 LPM","14460","Boston-Cambridge-Newton, MA-NH","25","Massachusetts","025","Suffolk","42.3488727124916","-71.0971627875593"
"08/20/2021","AQS","250250002","3","5.1","ug/m3 LC","28","BOSTON KENMORE SQ","1","100.0000","88101","PM2.5 - Local Conditions","236","Teledyne T640 at 5.0 LPM","14460","Boston-Cambridge-Newton, MA-NH","25","Massachusetts","025","Suffolk","42.3488727124916","-71.0971627875593"
"08/21/2021","AQS","250250002","3","5.1","ug/m3 LC","28","BOSTON KENMORE SQ","1","100.0000","88101","PM2.5 - Local Conditions","236","Teledyne T640 at 5.0 LPM","14460","Boston-Cambridge-Newton, MA-NH","25","Massachusetts","025","Suffolk","42.3488727124916","-71.0971627875593"
"08/22/2021","AQS","250250002","3","5.2","ug/m3 LC","29","BOSTON KENMORE SQ","1","100.0000","88101","PM2.5 - Local Conditions","236","Teledyne T640 at 5.0 LPM","14460","Boston-Cambridge-Newton, MA-NH","25","Massachusetts","025","Suffolk","42.3488727124916","-71.0971627875593"
"08/23/2021","AQS","250250002","3","6.2","ug/m3 LC","34","BOSTON KENMORE SQ","1","100.0000","88101","PM2.5 - Local Conditions","236","Teledyne T640 at 5.0 LPM","14460","Boston-Cambridge-Newton, MA-NH","25","Massachusetts","025","Suffolk","42.3488727124916","-71.0971627875593"
"08/24/2021","AQS","250250002","3","5.6","ug/m3 LC","31","BOSTON KENMORE SQ","1","100.0000","88101","PM2.5 - Local Conditions","236","Teledyne T640 at 5.0 LPM","14460","Boston-Cambridge-Newton, MA-NH","25","Massachusetts","025","Suffolk","42.3488727124916","-71.0971627875593"
"08/25/2021","AQS","250250002","3","18","ug/m3 LC","68","BOSTON KENMORE SQ","1","100.0000","88101","PM2.5 - Local Conditions","236","Teledyne T640 at 5.0 LPM","14460","Boston-Cambridge-Newton, MA-NH","25","Massachusetts","025","Suffolk","42.3488727124916","-71.0971627875593"
"08/26/2021","AQS","250250002","3","17.9","ug/m3 LC","67","BOSTON KENMORE SQ","1","100.0000","88101","PM2.5 - Local Conditions","236","Teledyne T640 at 5.0 LPM","14460","Boston-Cambridge-Newton, MA-NH","25","Massachusetts","025","Suffolk","42.3488727124916","-71.0971627875593"
"08/27/2021","AQS","250250002","3","14.3","ug/m3 LC","61","BOSTON KENMORE SQ","1","100.0000","88101","PM2.5 - Local Conditions","236","Teledyne T640 at 5.0 LPM","14460","Boston-Cambridge-Newton, MA-NH","25","Massachusetts","025","Suffolk","42.3488727124916","-71.0971627875593"
"08/28/2021","AQS","250250002","3","4.9","ug/m3 LC","27","BOSTON KENMORE SQ","1","100.0000","88101","PM2.5 - Local Conditions","236","Teledyne T640 at 5.0 LPM","14460","Boston-Cambridge-Newton, MA-NH","25","Massachusetts","025","Suffolk","42.3488727124916","-71.0971627875593"
"08/29/2021","AQS","250250002","3","5.1","ug/m3 LC","28","BOSTON KENMORE SQ","1","100.0000","88101","PM2.5 - Local Conditions","236","Teledyne T640 at 5.0 LPM","14460","Boston-Cambridge-Newton, MA-NH","25","Massachusetts","025","Suffolk","42.3488727124916","-71.0971627875593"
"08/30/2021","AQS","250250002","3","8","ug/m3 LC","44","BOSTON KENMORE SQ","1","100.0000","88101","PM2.5 - Local Conditions","236","Teledyne T640 at 5.0 LPM","14460","Boston-Cambridge-Newton, MA-NH","25","Massachusetts","025","Suffolk","42.3488727124916","-71.0971627875593"
"08/31/2021","AQS","250250002","3","8","ug/m3 LC","44","BOSTON KENMORE SQ","1","100.0000","88101","PM2.5 - Local Conditions","236","Teledyne T640 at 5.0 LPM","14460","Boston-Cambridge-Newton, MA-NH","25","Massachusetts","025","Suffolk","42.3488727124916","-71.0971627875593"
"09/01/2021","AQS","250250002","3","7.6","ug/m3 LC","42","BOSTON KENMORE SQ","1","100.0000","88101","PM2.5 - Local Conditions","236","Teledyne T640 at 5.0 LPM","14460","Boston-Cambridge-Newton, MA-NH","25","Massachusetts","025","Suffolk","42.3488727124916","-71.0971627875593"
"09/02/2021","AQS","250250002","3","3.7","ug/m3 LC","21","BOSTON KENMORE SQ","1","100.0000","88101","PM2.5 - Local Conditions","236","Teledyne T640 at 5.0 LPM","14460","Boston-Cambridge-Newton, MA-NH","25","Massachusetts","025","Suffolk","42.3488727124916","-71.0971627875593"
"09/03/2021","AQS","250250002","3","3.8","ug/m3 LC","21","BOSTON KENMORE SQ","1","100.0000","88101","PM2.5 - Local Conditions","236","Teledyne T640 at 5.0 LPM","14460","Boston-Cambridge-Newton, MA-NH","25","Massachusetts","025","Suffolk","42.3488727124916","-71.0971627875593"
"09/04/2021","AQS","250250002","3","3","ug/m3 LC","17","BOSTON KENMORE SQ","1","100.0000","88101","PM2.5 - Local Conditions","236","Teledyne T640 at 5.0 LPM","14460","Boston-Cambridge-Newton, MA-NH","25","Massachusetts","025","Suffolk","42.3488727124916","-71.0971627875593"
"09/05/2021","AQS","250250002","3","5.7","ug/m3 LC","32","BOSTON KENMORE SQ","1","100.0000","88101","PM2.5 - Local Conditions","236","Teledyne T640 at 5.0 LPM","14460","Boston-Cambridge-Newton, MA-NH","25","Massachusetts","025","Suffolk","42.3488727124916","-71.0971627875593"
"09/06/2021","AQS","250250002","3","5.9","ug/m3 LC","33","BOSTON KENMORE SQ","1","100.0000","88101","PM2.5 - Local Conditions","236","Teledyne T640 at 5.0 LPM","14460","Boston-Cambridge-Newton, MA-NH","25","Massachusetts","025","Suffolk","42.3488727124916","-71.0971627875593"
"09/07/2021","AQS","250250002","3","4","ug/m3 LC","22","BOSTON KENMORE SQ","1","100.0000","88101","PM2.5 - Local Conditions","236","Teledyne T640 at 5.0 LPM","14460","Boston-Cambridge-Newton, MA-NH","25","Massachusetts","025","Suffolk","42.3488727124916","-71.0971627875593"
"09/08/2021","AQS","250250002","3","7.8","ug/m3 LC","43","BOSTON KENMORE SQ","1","100.0000","88101","PM2.5 - Local Conditions","236","Teledyne T640 at 5.0 LPM","14460","Boston-Cambridge-Newton, MA-NH","25","Massachusetts","025","Suffolk","42.3488727124916","-71.0971627875593"
"09/09/2021","AQS","250250002","3","7.3","ug/m3 LC","41","BOSTON KENMORE SQ","1","100.0000","88101","PM2.5 - Local Conditions","236","Teledyne T640 at 5.0 LPM","14460","Boston-Cambridge-Newton, MA-NH","25","Massachusetts","025","Suffolk","42.3488727124916","-71.0971627875593"
"09/10/2021","AQS","250250002","3","5","ug/m3 LC","28","BOSTON KENMORE SQ","1","100.0000","88101","PM2.5 - Local Conditions","236","Teledyne T640 at 5.0 LPM","14460","Boston-Cambridge-Newton, MA-NH","25","Massachusetts","025","Suffolk","42.3488727124916","-71.0971627875593"
"09/11/2021","AQS","250250002","3","5.5","ug/m3 LC","31","BOSTON KENMORE SQ","1","100.0000","88101","PM2.5 - Local Conditions","236","Teledyne T640 at 5.0 LPM","14460","Boston-Cambridge-Newton, MA-NH","25","Massachusetts","025","Suffolk","42.3488727124916","-71.0971627875593"
"09/12/2021","AQS","250250002","3","8.2","ug/m3 LC","46","BOSTON KENMORE SQ","1","100.0000","88101","PM2.5 - Local Conditions","236","Teledyne T640 at 5.0 LPM","14460","Boston-Cambridge-Newton, MA-NH","25","Massachusetts","025","Suffolk","42.3488727124916","-71.0971627875593"
"09/13/2021","AQS","250250002","3","8","ug/m3 LC","44","BOSTON KENMORE SQ","1","100.0000","88101","PM2.5 - Local Conditions","236","Teledyne T640 at 5.0 LPM","14460","Boston-Cambridge-Newton, MA-NH","25","Massachusetts","025","Suffolk","42.3488727124916","-71.0971627875593"
"09/14/2021","AQS","250250002","3","5","ug/m3 LC","28","BOSTON KENMORE SQ","1","100.0000","88101","PM2.5 - Local Conditions","236","Teledyne T640 at 5.0 LPM","14460","Boston-Cambridge-Newton, MA-NH","25","Massachusetts","025","Suffolk","42.3488727124916","-71.0971627875593"
"09/15/2021","AQS","250250002","3","12.1","ug/m3 LC","57","BOSTON KENMORE SQ","1","100.0000","88101","PM2.5 - Local Conditions","236","Teledyne T640 at 5.0 LPM","14460","Boston-Cambridge-Newton, MA-NH","25","Massachusetts","025","Suffolk","42.3488727124916","-71.0971627875593"
"09/16/2021","AQS","250250002","3","7.1","ug/m3 LC","39","BOSTON KENMORE SQ","1","100.0000","88101","PM2.5 - Local Conditions","236","Teledyne T640 at 5.0 LPM","14460","Boston-Cambridge-Newton, MA-NH","25","Massachusetts","025","Suffolk","42.3488727124916","-71.0971627875593"
"09/17/2021","AQS","250250002","3","7","ug/m3 LC","39","BOSTON KENMORE SQ","1","100.0000","88101","PM2.5 - Local Conditions","236","Teledyne T640 at 5.0 LPM","14460","Boston-Cambridge-Newton, MA-NH","25","Massachusetts","025","Suffolk","42.3488727124916","-71.0971627875593"
"09/18/2021","AQS","250250002","3","7.2","ug/m3 LC","40","BOSTON KENMORE SQ","1","100.0000","88101","PM2.5 - Local Conditions","236","Teledyne T640 at 5.0 LPM","14460","Boston-Cambridge-Newton, MA-NH","25","Massachusetts","025","Suffolk","42.3488727124916","-71.0971627875593"
"09/19/2021","AQS","250250002","3","5.4","ug/m3 LC","30","BOSTON KENMORE SQ","1","100.0000","88101","PM2.5 - Local Conditions","236","Teledyne T640 at 5.0 LPM","14460","Boston-Cambridge-Newton, MA-NH","25","Massachusetts","025","Suffolk","42.3488727124916","-71.0971627875593"
"09/20/2021","AQS","250250002","3","5.3","ug/m3 LC","29","BOSTON KENMORE SQ","1","100.0000","88101","PM2.5 - Local Conditions","236","Teledyne T640 at 5.0 LPM","14460","Boston-Cambridge-Newton, MA-NH","25","Massachusetts","025","Suffolk","42.3488727124916","-71.0971627875593"
"09/21/2021","AQS","250250002","3","6.2","ug/m3 LC","34","BOSTON KENMORE SQ","1","100.0000","88101","PM2.5 - Local Conditions","236","Teledyne T640 at 5.0 LPM","14460","Boston-Cambridge-Newton, MA-NH","25","Massachusetts","025","Suffolk","42.3488727124916","-71.0971627875593"
"09/22/2021","AQS","250250002","3","6.8","ug/m3 LC","38","BOSTON KENMORE SQ","1","100.0000","88101","PM2.5 - Local Conditions","236","Teledyne T640 at 5.0 LPM","14460","Boston-Cambridge-Newton, MA-NH","25","Massachusetts","025","Suffolk","42.3488727124916","-71.0971627875593"
"09/23/2021","AQS","250250002","3","6.2","ug/m3 LC","34","BOSTON KENMORE SQ","1","100.0000","88101","PM2.5 - Local Conditions","236","Teledyne T640 at 5.0 LPM","14460","Boston-Cambridge-Newton, MA-NH","25","Massachusetts","025","Suffolk","42.3488727124916","-71.0971627875593"
"09/24/2021","AQS","250250002","3","6","ug/m3 LC","33","BOSTON KENMORE SQ","1","100.0000","88101","PM2.5 - Local Conditions","236","Teledyne T640 at 5.0 LPM","14460","Boston-Cambridge-Newton, MA-NH","25","Massachusetts","025","Suffolk","42.3488727124916","-71.0971627875593"
"09/25/2021","AQS","250250002","3","5.1","ug/m3 LC","28","BOSTON KENMORE SQ","1","100.0000","88101","PM2.5 - Local Conditions","236","Teledyne T640 at 5.0 LPM","14460","Boston-Cambridge-Newton, MA-NH","25","Massachusetts","025","Suffolk","42.3488727124916","-71.0971627875593"
"09/26/2021","AQS","250250002","3","5.2","ug/m3 LC","29","BOSTON KENMORE SQ","1","100.0000","88101","PM2.5 - Local Conditions","236","Teledyne T640 at 5.0 LPM","14460","Boston-Cambridge-Newton, MA-NH","25","Massachusetts","025","Suffolk","42.3488727124916","-71.0971627875593"
"09/27/2021","AQS","250250002","3","5.2","ug/m3 LC","29","BOSTON KENMORE SQ","1","100.0000","88101","PM2.5 - Local Conditions","236","Teledyne T640 at 5.0 LPM","14460","Boston-Cambridge-Newton, MA-NH","25","Massachusetts","025","Suffolk","42.3488727124916","-71.0971627875593"
"09/28/2021","AQS","250250002","3","7.4","ug/m3 LC","41","BOSTON KENMORE SQ","1","100.0000","88101","PM2.5 - Local Conditions","236","Teledyne T640 at 5.0 LPM","14460","Boston-Cambridge-Newton, MA-NH","25","Massachusetts","025","Suffolk","42.3488727124916","-71.0971627875593"
"09/29/2021","AQS","250250002","3","4.2","ug/m3 LC","23","BOSTON KENMORE SQ","1","100.0000","88101","PM2.5 - Local Conditions","236","Teledyne T640 at 5.0 LPM","14460","Boston-Cambridge-Newton, MA-NH","25","Massachusetts","025","Suffolk","42.3488727124916","-71.0971627875593"
"09/30/2021","AQS","250250002","3","3.5","ug/m3 LC","19","BOSTON KENMORE SQ","1","100.0000","88101","PM2.5 - Local Conditions","236","Teledyne T640 at 5.0 LPM","14460","Boston-Cambridge-Newton, MA-NH","25","Massachusetts","025","Suffolk","42.3488727124916","-71.0971627875593"
"10/01/2021","AQS","250250002","3","4.4","ug/m3 LC","24","BOSTON KENMORE SQ","1","100.0000","88101","PM2.5 - Local Conditions","236","Teledyne T640 at 5.0 LPM","14460","Boston-Cambridge-Newton, MA-NH","25","Massachusetts","025","Suffolk","42.3488727124916","-71.0971627875593"
"10/02/2021","AQS","250250002","3","5.6","ug/m3 LC","31","BOSTON KENMORE SQ","1","100.0000","88101","PM2.5 - Local Conditions","236","Teledyne T640 at 5.0 LPM","14460","Boston-Cambridge-Newton, MA-NH","25","Massachusetts","025","Suffolk","42.3488727124916","-71.0971627875593"
"10/03/2021","AQS","250250002","3","6.6","ug/m3 LC","37","BOSTON KENMORE SQ","1","100.0000","88101","PM2.5 - Local Conditions","236","Teledyne T640 at 5.0 LPM","14460","Boston-Cambridge-Newton, MA-NH","25","Massachusetts","025","Suffolk","42.3488727124916","-71.0971627875593"
"10/04/2021","AQS","250250002","3","5.4","ug/m3 LC","30","BOSTON KENMORE SQ","1","100.0000","88101","PM2.5 - Local Conditions","236","Teledyne T640 at 5.0 LPM","14460","Boston-Cambridge-Newton, MA-NH","25","Massachusetts","025","Suffolk","42.3488727124916","-71.0971627875593"
"10/05/2021","AQS","250250002","3","4.3","ug/m3 LC","24","BOSTON KENMORE SQ","1","100.0000","88101","PM2.5 - Local Conditions","236","Teledyne T640 at 5.0 LPM","14460","Boston-Cambridge-Newton, MA-NH","25","Massachusetts","025","Suffolk","42.3488727124916","-71.0971627875593"
"10/06/2021","AQS","250250002","3","6.4","ug/m3 LC","36","BOSTON KENMORE SQ","1","100.0000","88101","PM2.5 - Local Conditions","236","Teledyne T640 at 5.0 LPM","14460","Boston-Cambridge-Newton, MA-NH","25","Massachusetts","025","Suffolk","42.3488727124916","-71.0971627875593"
"10/07/2021","AQS","250250002","3","5.8","ug/m3 LC","32","BOSTON KENMORE SQ","1","100.0000","88101","PM2.5 - Local Conditions","236","Teledyne T640 at 5.0 LPM","14460","Boston-Cambridge-Newton, MA-NH","25","Massachusetts","025","Suffolk","42.3488727124916","-71.0971627875593"
"10/08/2021","AQS","250250002","3","8.8","ug/m3 LC","49","BOSTON KENMORE SQ","1","100.0000","88101","PM2.5 - Local Conditions","236","Teledyne T640 at 5.0 LPM","14460","Boston-Cambridge-Newton, MA-NH","25","Massachusetts","025","Suffolk","42.3488727124916","-71.0971627875593"
"10/09/2021","AQS","250250002","3","7.3","ug/m3 LC","41","BOSTON KENMORE SQ","1","100.0000","88101","PM2.5 - Local Conditions","236","Teledyne T640 at 5.0 LPM","14460","Boston-Cambridge-Newton, MA-NH","25","Massachusetts","025","Suffolk","42.3488727124916","-71.0971627875593"
"10/10/2021","AQS","250250002","3","6.5","ug/m3 LC","36","BOSTON KENMORE SQ","1","100.0000","88101","PM2.5 - Local Conditions","236","Teledyne T640 at 5.0 LPM","14460","Boston-Cambridge-Newton, MA-NH","25","Massachusetts","025","Suffolk","42.3488727124916","-71.0971627875593"
"10/11/2021","AQS","250250002","3","8.4","ug/m3 LC","47","BOSTON KENMORE SQ","1","100.0000","88101","PM2.5 - Local Conditions","236","Teledyne T640 at 5.0 LPM","14460","Boston-Cambridge-Newton, MA-NH","25","Massachusetts","025","Suffolk","42.3488727124916","-71.0971627875593"
"10/12/2021","AQS","250250002","3","7","ug/m3 LC","39","BOSTON KENMORE SQ","1","100.0000","88101","PM2.5 - Local Conditions","236","Teledyne T640 at 5.0 LPM","14460","Boston-Cambridge-Newton, MA-NH","25","Massachusetts","025","Suffolk","42.3488727124916","-71.0971627875593"
"10/13/2021","AQS","250250002","3","7.8","ug/m3 LC","43","BOSTON KENMORE SQ","1","100.0000","88101","PM2.5 - Local Conditions","236","Teledyne T640 at 5.0 LPM","14460","Boston-Cambridge-Newton, MA-NH","25","Massachusetts","025","Suffolk","42.3488727124916","-71.0971627875593"
"10/14/2021","AQS","250250002","3","8.8","ug/m3 LC","49","BOSTON KENMORE SQ","1","100.0000","88101","PM2.5 - Local Conditions","236","Teledyne T640 at 5.0 LPM","14460","Boston-Cambridge-Newton, MA-NH","25","Massachusetts","025","Suffolk","42.3488727124916","-71.0971627875593"
"10/15/2021","AQS","250250002","3","10.8","ug/m3 LC","54","BOSTON KENMORE SQ","1","100.0000","88101","PM2.5 - Local Conditions","236","Teledyne T640 at 5.0 LPM","14460","Boston-Cambridge-Newton, MA-NH","25","Massachusetts","025","Suffolk","42.3488727124916","-71.0971627875593"
"10/16/2021","AQS","250250002","3","7.1","ug/m3 LC","39","BOSTON KENMORE SQ","1","100.0000","88101","PM2.5 - Local Conditions","236","Teledyne T640 at 5.0 LPM","14460","Boston-Cambridge-Newton, MA-NH","25","Massachusetts","025","Suffolk","42.3488727124916","-71.0971627875593"
"10/17/2021","AQS","250250002","3","2.7","ug/m3 LC","15","BOSTON KENMORE SQ","1","100.0000","88101","PM2.5 - Local Conditions","236","Teledyne T640 at 5.0 LPM","14460","Boston-Cambridge-Newton, MA-NH","25","Massachusetts","025","Suffolk","42.3488727124916","-71.0971627875593"
"10/18/2021","AQS","250250002","3","2.7","ug/m3 LC","15","BOSTON KENMORE SQ","1","100.0000","88101","PM2.5 - Local Conditions","236","Teledyne T640 at 5.0 LPM","14460","Boston-Cambridge-Newton, MA-NH","25","Massachusetts","025","Suffolk","42.3488727124916","-71.0971627875593"
"10/19/2021","AQS","250250002","3","3.3","ug/m3 LC","18","BOSTON KENMORE SQ","1","100.0000","88101","PM2.5 - Local Conditions","236","Teledyne T640 at 5.0 LPM","14460","Boston-Cambridge-Newton, MA-NH","25","Massachusetts","025","Suffolk","42.3488727124916","-71.0971627875593"
"10/23/2021","AQS","250250002","3","3.7","ug/m3 LC","21","BOSTON KENMORE SQ","1","100.0000","88101","PM2.5 - Local Conditions","236","Teledyne T640 at 5.0 LPM","14460","Boston-Cambridge-Newton, MA-NH","25","Massachusetts","025","Suffolk","42.3488727124916","-71.0971627875593"
"10/24/2021","AQS","250250002","3","5","ug/m3 LC","28","BOSTON KENMORE SQ","1","100.0000","88101","PM2.5 - Local Conditions","236","Teledyne T640 at 5.0 LPM","14460","Boston-Cambridge-Newton, MA-NH","25","Massachusetts","025","Suffolk","42.3488727124916","-71.0971627875593"
"10/27/2021","AQS","250250002","3","4.5","ug/m3 LC","25","BOSTON KENMORE SQ","1","100.0000","88101","PM2.5 - Local Conditions","236","Teledyne T640 at 5.0 LPM","14460","Boston-Cambridge-Newton, MA-NH","25","Massachusetts","025","Suffolk","42.3488727124916","-71.0971627875593"
"10/28/2021","AQS","250250002","3","6.2","ug/m3 LC","34","BOSTON KENMORE SQ","1","100.0000","88101","PM2.5 - Local Conditions","236","Teledyne T640 at 5.0 LPM","14460","Boston-Cambridge-Newton, MA-NH","25","Massachusetts","025","Suffolk","42.3488727124916","-71.0971627875593"
"10/29/2021","AQS","250250002","3","7.2","ug/m3 LC","40","BOSTON KENMORE SQ","1","100.0000","88101","PM2.5 - Local Conditions","236","Teledyne T640 at 5.0 LPM","14460","Boston-Cambridge-Newton, MA-NH","25","Massachusetts","025","Suffolk","42.3488727124916","-71.0971627875593"
"10/30/2021","AQS","250250002","3","6.1","ug/m3 LC","34","BOSTON KENMORE SQ","1","100.0000","88101","PM2.5 - Local Conditions","236","Teledyne T640 at 5.0 LPM","14460","Boston-Cambridge-Newton, MA-NH","25","Massachusetts","025","Suffolk","42.3488727124916","-71.0971627875593"
"10/31/2021","AQS","250250002","3","3.5","ug/m3 LC","19","BOSTON KENMORE SQ","1","100.0000","88101","PM2.5 - Local Conditions","236","Teledyne T640 at 5.0 LPM","14460","Boston-Cambridge-Newton, MA-NH","25","Massachusetts","025","Suffolk","42.3488727124916","-71.0971627875593"
"11/01/2021","AQS","250250002","3","3.6","ug/m3 LC","20","BOSTON KENMORE SQ","1","100.0000","88101","PM2.5 - Local Conditions","236","Teledyne T640 at 5.0 LPM","14460","Boston-Cambridge-Newton, MA-NH","25","Massachusetts","025","Suffolk","42.3488727124916","-71.0971627875593"
"11/02/2021","AQS","250250002","3","4.3","ug/m3 LC","24","BOSTON KENMORE SQ","1","100.0000","88101","PM2.5 - Local Conditions","236","Teledyne T640 at 5.0 LPM","14460","Boston-Cambridge-Newton, MA-NH","25","Massachusetts","025","Suffolk","42.3488727124916","-71.0971627875593"
"11/03/2021","AQS","250250002","3","4.5","ug/m3 LC","25","BOSTON KENMORE SQ","1","100.0000","88101","PM2.5 - Local Conditions","236","Teledyne T640 at 5.0 LPM","14460","Boston-Cambridge-Newton, MA-NH","25","Massachusetts","025","Suffolk","42.3488727124916","-71.0971627875593"
"11/04/2021","AQS","250250002","3","5.5","ug/m3 LC","31","BOSTON KENMORE SQ","1","100.0000","88101","PM2.5 - Local Conditions","236","Teledyne T640 at 5.0 LPM","14460","Boston-Cambridge-Newton, MA-NH","25","Massachusetts","025","Suffolk","42.3488727124916","-71.0971627875593"
"11/05/2021","AQS","250250002","3","6.9","ug/m3 LC","38","BOSTON KENMORE SQ","1","100.0000","88101","PM2.5 - Local Conditions","236","Teledyne T640 at 5.0 LPM","14460","Boston-Cambridge-Newton, MA-NH","25","Massachusetts","025","Suffolk","42.3488727124916","-71.0971627875593"
"11/06/2021","AQS","250250002","3","9.2","ug/m3 LC","51","BOSTON KENMORE SQ","1","100.0000","88101","PM2.5 - Local Conditions","236","Teledyne T640 at 5.0 LPM","14460","Boston-Cambridge-Newton, MA-NH","25","Massachusetts","025","Suffolk","42.3488727124916","-71.0971627875593"
"11/07/2021","AQS","250250002","3","12.7","ug/m3 LC","58","BOSTON KENMORE SQ","1","100.0000","88101","PM2.5 - Local Conditions","236","Teledyne T640 at 5.0 LPM","14460","Boston-Cambridge-Newton, MA-NH","25","Massachusetts","025","Suffolk","42.3488727124916","-71.0971627875593"
"11/08/2021","AQS","250250002","3","13.7","ug/m3 LC","60","BOSTON KENMORE SQ","1","100.0000","88101","PM2.5 - Local Conditions","236","Teledyne T640 at 5.0 LPM","14460","Boston-Cambridge-Newton, MA-NH","25","Massachusetts","025","Suffolk","42.3488727124916","-71.0971627875593"
"11/09/2021","AQS","250250002","3","13.1","ug/m3 LC","58","BOSTON KENMORE SQ","1","100.0000","88101","PM2.5 - Local Conditions","236","Teledyne T640 at 5.0 LPM","14460","Boston-Cambridge-Newton, MA-NH","25","Massachusetts","025","Suffolk","42.3488727124916","-71.0971627875593"
"11/10/2021","AQS","250250002","3","10.1","ug/m3 LC","53","BOSTON KENMORE SQ","1","100.0000","88101","PM2.5 - Local Conditions","236","Teledyne T640 at 5.0 LPM","14460","Boston-Cambridge-Newton, MA-NH","25","Massachusetts","025","Suffolk","42.3488727124916","-71.0971627875593"
"11/11/2021","AQS","250250002","3","6.3","ug/m3 LC","35","BOSTON KENMORE SQ","1","100.0000","88101","PM2.5 - Local Conditions","236","Teledyne T640 at 5.0 LPM","14460","Boston-Cambridge-Newton, MA-NH","25","Massachusetts","025","Suffolk","42.3488727124916","-71.0971627875593"
"11/12/2021","AQS","250250002","3","6.1","ug/m3 LC","34","BOSTON KENMORE SQ","1","100.0000","88101","PM2.5 - Local Conditions","236","Teledyne T640 at 5.0 LPM","14460","Boston-Cambridge-Newton, MA-NH","25","Massachusetts","025","Suffolk","42.3488727124916","-71.0971627875593"
"11/13/2021","AQS","250250002","3","5","ug/m3 LC","28","BOSTON KENMORE SQ","1","100.0000","88101","PM2.5 - Local Conditions","236","Teledyne T640 at 5.0 LPM","14460","Boston-Cambridge-Newton, MA-NH","25","Massachusetts","025","Suffolk","42.3488727124916","-71.0971627875593"
"11/14/2021","AQS","250250002","3","4.9","ug/m3 LC","27","BOSTON KENMORE SQ","1","100.0000","88101","PM2.5 - Local Conditions","236","Teledyne T640 at 5.0 LPM","14460","Boston-Cambridge-Newton, MA-NH","25","Massachusetts","025","Suffolk","42.3488727124916","-71.0971627875593"
"11/15/2021","AQS","250250002","3","4.9","ug/m3 LC","27","BOSTON KENMORE SQ","1","100.0000","88101","PM2.5 - Local Conditions","236","Teledyne T640 at 5.0 LPM","14460","Boston-Cambridge-Newton, MA-NH","25","Massachusetts","025","Suffolk","42.3488727124916","-71.0971627875593"
"11/16/2021","AQS","250250002","3","2.8","ug/m3 LC","16","BOSTON KENMORE SQ","1","100.0000","88101","PM2.5 - Local Conditions","236","Teledyne T640 at 5.0 LPM","14460","Boston-Cambridge-Newton, MA-NH","25","Massachusetts","025","Suffolk","42.3488727124916","-71.0971627875593"
"11/17/2021","AQS","250250002","3","5.7","ug/m3 LC","32","BOSTON KENMORE SQ","1","100.0000","88101","PM2.5 - Local Conditions","236","Teledyne T640 at 5.0 LPM","14460","Boston-Cambridge-Newton, MA-NH","25","Massachusetts","025","Suffolk","42.3488727124916","-71.0971627875593"
"11/18/2021","AQS","250250002","3","14.2","ug/m3 LC","61","BOSTON KENMORE SQ","1","100.0000","88101","PM2.5 - Local Conditions","236","Teledyne T640 at 5.0 LPM","14460","Boston-Cambridge-Newton, MA-NH","25","Massachusetts","025","Suffolk","42.3488727124916","-71.0971627875593"
"11/19/2021","AQS","250250002","3","2.8","ug/m3 LC","16","BOSTON KENMORE SQ","1","100.0000","88101","PM2.5 - Local Conditions","236","Teledyne T640 at 5.0 LPM","14460","Boston-Cambridge-Newton, MA-NH","25","Massachusetts","025","Suffolk","42.3488727124916","-71.0971627875593"
"11/20/2021","AQS","250250002","3","3.5","ug/m3 LC","19","BOSTON KENMORE SQ","1","100.0000","88101","PM2.5 - Local Conditions","236","Teledyne T640 at 5.0 LPM","14460","Boston-Cambridge-Newton, MA-NH","25","Massachusetts","025","Suffolk","42.3488727124916","-71.0971627875593"
"11/21/2021","AQS","250250002","3","6.2","ug/m3 LC","34","BOSTON KENMORE SQ","1","100.0000","88101","PM2.5 - Local Conditions","236","Teledyne T640 at 5.0 LPM","14460","Boston-Cambridge-Newton, MA-NH","25","Massachusetts","025","Suffolk","42.3488727124916","-71.0971627875593"
"11/22/2021","AQS","250250002","3","4.6","ug/m3 LC","26","BOSTON KENMORE SQ","1","100.0000","88101","PM2.5 - Local Conditions","236","Teledyne T640 at 5.0 LPM","14460","Boston-Cambridge-Newton, MA-NH","25","Massachusetts","025","Suffolk","42.3488727124916","-71.0971627875593"
"11/23/2021","AQS","250250002","3","2.5","ug/m3 LC","14","BOSTON KENMORE SQ","1","100.0000","88101","PM2.5 - Local Conditions","236","Teledyne T640 at 5.0 LPM","14460","Boston-Cambridge-Newton, MA-NH","25","Massachusetts","025","Suffolk","42.3488727124916","-71.0971627875593"
"11/24/2021","AQS","250250002","3","3.2","ug/m3 LC","18","BOSTON KENMORE SQ","1","100.0000","88101","PM2.5 - Local Conditions","236","Teledyne T640 at 5.0 LPM","14460","Boston-Cambridge-Newton, MA-NH","25","Massachusetts","025","Suffolk","42.3488727124916","-71.0971627875593"
"11/25/2021","AQS","250250002","3","6","ug/m3 LC","33","BOSTON KENMORE SQ","1","100.0000","88101","PM2.5 - Local Conditions","236","Teledyne T640 at 5.0 LPM","14460","Boston-Cambridge-Newton, MA-NH","25","Massachusetts","025","Suffolk","42.3488727124916","-71.0971627875593"
"11/26/2021","AQS","250250002","3","6.5","ug/m3 LC","36","BOSTON KENMORE SQ","1","100.0000","88101","PM2.5 - Local Conditions","236","Teledyne T640 at 5.0 LPM","14460","Boston-Cambridge-Newton, MA-NH","25","Massachusetts","025","Suffolk","42.3488727124916","-71.0971627875593"
"11/27/2021","AQS","250250002","3","2.1","ug/m3 LC","12","BOSTON KENMORE SQ","1","100.0000","88101","PM2.5 - Local Conditions","236","Teledyne T640 at 5.0 LPM","14460","Boston-Cambridge-Newton, MA-NH","25","Massachusetts","025","Suffolk","42.3488727124916","-71.0971627875593"
"11/28/2021","AQS","250250002","3","5.5","ug/m3 LC","31","BOSTON KENMORE SQ","1","100.0000","88101","PM2.5 - Local Conditions","236","Teledyne T640 at 5.0 LPM","14460","Boston-Cambridge-Newton, MA-NH","25","Massachusetts","025","Suffolk","42.3488727124916","-71.0971627875593"
"11/29/2021","AQS","250250002","3","7.2","ug/m3 LC","40","BOSTON KENMORE SQ","1","100.0000","88101","PM2.5 - Local Conditions","236","Teledyne T640 at 5.0 LPM","14460","Boston-Cambridge-Newton, MA-NH","25","Massachusetts","025","Suffolk","42.3488727124916","-71.0971627875593"
"11/30/2021","AQS","250250002","3","5.4","ug/m3 LC","30","BOSTON KENMORE SQ","1","100.0000","88101","PM2.5 - Local Conditions","236","Teledyne T640 at 5.0 LPM","14460","Boston-Cambridge-Newton, MA-NH","25","Massachusetts","025","Suffolk","42.3488727124916","-71.0971627875593"
"12/01/2021","AQS","250250002","3","10.5","ug/m3 LC","54","BOSTON KENMORE SQ","1","100.0000","88101","PM2.5 - Local Conditions","236","Teledyne T640 at 5.0 LPM","14460","Boston-Cambridge-Newton, MA-NH","25","Massachusetts","025","Suffolk","42.3488727124916","-71.0971627875593"
"12/02/2021","AQS","250250002","3","10.5","ug/m3 LC","54","BOSTON KENMORE SQ","1","100.0000","88101","PM2.5 - Local Conditions","236","Teledyne T640 at 5.0 LPM","14460","Boston-Cambridge-Newton, MA-NH","25","Massachusetts","025","Suffolk","42.3488727124916","-71.0971627875593"
"12/03/2021","AQS","250250002","3","2.6","ug/m3 LC","14","BOSTON KENMORE SQ","1","100.0000","88101","PM2.5 - Local Conditions","236","Teledyne T640 at 5.0 LPM","14460","Boston-Cambridge-Newton, MA-NH","25","Massachusetts","025","Suffolk","42.3488727124916","-71.0971627875593"
"12/04/2021","AQS","250250002","3","6.5","ug/m3 LC","36","BOSTON KENMORE SQ","1","100.0000","88101","PM2.5 - Local Conditions","236","Teledyne T640 at 5.0 LPM","14460","Boston-Cambridge-Newton, MA-NH","25","Massachusetts","025","Suffolk","42.3488727124916","-71.0971627875593"
"12/05/2021","AQS","250250002","3","5.5","ug/m3 LC","31","BOSTON KENMORE SQ","1","100.0000","88101","PM2.5 - Local Conditions","236","Teledyne T640 at 5.0 LPM","14460","Boston-Cambridge-Newton, MA-NH","25","Massachusetts","025","Suffolk","42.3488727124916","-71.0971627875593"
"12/06/2021","AQS","250250002","3","9.9","ug/m3 LC","52","BOSTON KENMORE SQ","1","100.0000","88101","PM2.5 - Local Conditions","236","Teledyne T640 at 5.0 LPM","14460","Boston-Cambridge-Newton, MA-NH","25","Massachusetts","025","Suffolk","42.3488727124916","-71.0971627875593"
"12/07/2021","AQS","250250002","3","2.9","ug/m3 LC","16","BOSTON KENMORE SQ","1","100.0000","88101","PM2.5 - Local Conditions","236","Teledyne T640 at 5.0 LPM","14460","Boston-Cambridge-Newton, MA-NH","25","Massachusetts","025","Suffolk","42.3488727124916","-71.0971627875593"
"12/08/2021","AQS","250250002","3","6.3","ug/m3 LC","35","BOSTON KENMORE SQ","1","100.0000","88101","PM2.5 - Local Conditions","236","Teledyne T640 at 5.0 LPM","14460","Boston-Cambridge-Newton, MA-NH","25","Massachusetts","025","Suffolk","42.3488727124916","-71.0971627875593"
"12/09/2021","AQS","250250002","3","6","ug/m3 LC","33","BOSTON KENMORE SQ","1","100.0000","88101","PM2.5 - Local Conditions","236","Teledyne T640 at 5.0 LPM","14460","Boston-Cambridge-Newton, MA-NH","25","Massachusetts","025","Suffolk","42.3488727124916","-71.0971627875593"
"12/10/2021","AQS","250250002","3","11","ug/m3 LC","55","BOSTON KENMORE SQ","1","100.0000","88101","PM2.5 - Local Conditions","236","Teledyne T640 at 5.0 LPM","14460","Boston-Cambridge-Newton, MA-NH","25","Massachusetts","025","Suffolk","42.3488727124916","-71.0971627875593"
"12/11/2021","AQS","250250002","3","13.2","ug/m3 LC","59","BOSTON KENMORE SQ","1","100.0000","88101","PM2.5 - Local Conditions","236","Teledyne T640 at 5.0 LPM","14460","Boston-Cambridge-Newton, MA-NH","25","Massachusetts","025","Suffolk","42.3488727124916","-71.0971627875593"
"12/12/2021","AQS","250250002","3","2.4","ug/m3 LC","13","BOSTON KENMORE SQ","1","100.0000","88101","PM2.5 - Local Conditions","236","Teledyne T640 at 5.0 LPM","14460","Boston-Cambridge-Newton, MA-NH","25","Massachusetts","025","Suffolk","42.3488727124916","-71.0971627875593"
"12/13/2021","AQS","250250002","3","4.5","ug/m3 LC","25","BOSTON KENMORE SQ","1","100.0000","88101","PM2.5 - Local Conditions","236","Teledyne T640 at 5.0 LPM","14460","Boston-Cambridge-Newton, MA-NH","25","Massachusetts","025","Suffolk","42.3488727124916","-71.0971627875593"
"12/14/2021","AQS","250250002","3","4.4","ug/m3 LC","24","BOSTON KENMORE SQ","1","100.0000","88101","PM2.5 - Local Conditions","236","Teledyne T640 at 5.0 LPM","14460","Boston-Cambridge-Newton, MA-NH","25","Massachusetts","025","Suffolk","42.3488727124916","-71.0971627875593"
"12/15/2021","AQS","250250002","3","5.5","ug/m3 LC","31","BOSTON KENMORE SQ","1","100.0000","88101","PM2.5 - Local Conditions","236","Teledyne T640 at 5.0 LPM","14460","Boston-Cambridge-Newton, MA-NH","25","Massachusetts","025","Suffolk","42.3488727124916","-71.0971627875593"
"12/16/2021","AQS","250250002","3","8","ug/m3 LC","44","BOSTON KENMORE SQ","1","100.0000","88101","PM2.5 - Local Conditions","236","Teledyne T640 at 5.0 LPM","14460","Boston-Cambridge-Newton, MA-NH","25","Massachusetts","025","Suffolk","42.3488727124916","-71.0971627875593"
"12/17/2021","AQS","250250002","3","5.4","ug/m3 LC","30","BOSTON KENMORE SQ","1","100.0000","88101","PM2.5 - Local Conditions","236","Teledyne T640 at 5.0 LPM","14460","Boston-Cambridge-Newton, MA-NH","25","Massachusetts","025","Suffolk","42.3488727124916","-71.0971627875593"
"12/18/2021","AQS","250250002","3","5.7","ug/m3 LC","32","BOSTON KENMORE SQ","1","100.0000","88101","PM2.5 - Local Conditions","236","Teledyne T640 at 5.0 LPM","14460","Boston-Cambridge-Newton, MA-NH","25","Massachusetts","025","Suffolk","42.3488727124916","-71.0971627875593"
"12/19/2021","AQS","250250002","3","3.9","ug/m3 LC","22","BOSTON KENMORE SQ","1","100.0000","88101","PM2.5 - Local Conditions","236","Teledyne T640 at 5.0 LPM","14460","Boston-Cambridge-Newton, MA-NH","25","Massachusetts","025","Suffolk","42.3488727124916","-71.0971627875593"
"12/20/2021","AQS","250250002","3","5.7","ug/m3 LC","32","BOSTON KENMORE SQ","1","100.0000","88101","PM2.5 - Local Conditions","236","Teledyne T640 at 5.0 LPM","14460","Boston-Cambridge-Newton, MA-NH","25","Massachusetts","025","Suffolk","42.3488727124916","-71.0971627875593"
"12/21/2021","AQS","250250002","3","10.8","ug/m3 LC","54","BOSTON KENMORE SQ","1","100.0000","88101","PM2.5 - Local Conditions","236","Teledyne T640 at 5.0 LPM","14460","Boston-Cambridge-Newton, MA-NH","25","Massachusetts","025","Suffolk","42.3488727124916","-71.0971627875593"
"12/22/2021","AQS","250250002","3","12.2","ug/m3 LC","57","BOSTON KENMORE SQ","1","100.0000","88101","PM2.5 - Local Conditions","236","Teledyne T640 at 5.0 LPM","14460","Boston-Cambridge-Newton, MA-NH","25","Massachusetts","025","Suffolk","42.3488727124916","-71.0971627875593"
"12/23/2021","AQS","250250002","3","2.8","ug/m3 LC","16","BOSTON KENMORE SQ","1","100.0000","88101","PM2.5 - Local Conditions","236","Teledyne T640 at 5.0 LPM","14460","Boston-Cambridge-Newton, MA-NH","25","Massachusetts","025","Suffolk","42.3488727124916","-71.0971627875593"
"12/24/2021","AQS","250250002","3","7.2","ug/m3 LC","40","BOSTON KENMORE SQ","1","100.0000","88101","PM2.5 - Local Conditions","236","Teledyne T640 at 5.0 LPM","14460","Boston-Cambridge-Newton, MA-NH","25","Massachusetts","025","Suffolk","42.3488727124916","-71.0971627875593"
"12/25/2021","AQS","250250002","3","14.9","ug/m3 LC","62","BOSTON KENMORE SQ","1","100.0000","88101","PM2.5 - Local Conditions","236","Teledyne T640 at 5.0 LPM","14460","Boston-Cambridge-Newton, MA-NH","25","Massachusetts","025","Suffolk","42.3488727124916","-71.0971627875593"
"12/26/2021","AQS","250250002","3","4.5","ug/m3 LC","25","BOSTON KENMORE SQ","1","100.0000","88101","PM2.5 - Local Conditions","236","Teledyne T640 at 5.0 LPM","14460","Boston-Cambridge-Newton, MA-NH","25","Massachusetts","025","Suffolk","42.3488727124916","-71.0971627875593"
"12/27/2021","AQS","250250002","3","5.4","ug/m3 LC","30","BOSTON KENMORE SQ","1","100.0000","88101","PM2.5 - Local Conditions","236","Teledyne T640 at 5.0 LPM","14460","Boston-Cambridge-Newton, MA-NH","25","Massachusetts","025","Suffolk","42.3488727124916","-71.0971627875593"
"12/28/2021","AQS","250250002","3","8.5","ug/m3 LC","47","BOSTON KENMORE SQ","1","100.0000","88101","PM2.5 - Local Conditions","236","Teledyne T640 at 5.0 LPM","14460","Boston-Cambridge-Newton, MA-NH","25","Massachusetts","025","Suffolk","42.3488727124916","-71.0971627875593"
"12/29/2021","AQS","250250002","3","10.9","ug/m3 LC","54","BOSTON KENMORE SQ","1","100.0000","88101","PM2.5 - Local Conditions","236","Teledyne T640 at 5.0 LPM","14460","Boston-Cambridge-Newton, MA-NH","25","Massachusetts","025","Suffolk","42.3488727124916","-71.0971627875593"
"12/30/2021","AQS","250250002","3","13.2","ug/m3 LC","59","BOSTON KENMORE SQ","1","100.0000","88101","PM2.5 - Local Conditions","236","Teledyne T640 at 5.0 LPM","14460","Boston-Cambridge-Newton, MA-NH","25","Massachusetts","025","Suffolk","42.3488727124916","-71.0971627875593"
"12/31/2021","AQS","250250002","3","19.6","ug/m3 LC","71","BOSTON KENMORE SQ","1","100.0000","88101","PM2.5 - Local Conditions","236","Teledyne T640 at 5.0 LPM","14460","Boston-Cambridge-Newton, MA-NH","25","Massachusetts","025","Suffolk","42.3488727124916","-71.0971627875593"
"01/01/2021","AQS","250250002","23","6","ug/m3 LC","33","BOSTON KENMORE SQ","1","100.0000","88101","PM2.5 - Local Conditions","736","Teledyne T640 at 5.0 LPM (Corrected)","14460","Boston-Cambridge-Newton, MA-NH","25","Massachusetts","025","Suffolk","42.3488727124916","-71.0971627875593"
"01/02/2021","AQS","250250002","23","2.8","ug/m3 LC","16","BOSTON KENMORE SQ","1","100.0000","88101","PM2.5 - Local Conditions","736","Teledyne T640 at 5.0 LPM (Corrected)","14460","Boston-Cambridge-Newton, MA-NH","25","Massachusetts","025","Suffolk","42.3488727124916","-71.0971627875593"
"01/03/2021","AQS","250250002","23","5.9","ug/m3 LC","33","BOSTON KENMORE SQ","1","100.0000","88101","PM2.5 - Local Conditions","736","Teledyne T640 at 5.0 LPM (Corrected)","14460","Boston-Cambridge-Newton, MA-NH","25","Massachusetts","025","Suffolk","42.3488727124916","-71.0971627875593"
"01/04/2021","AQS","250250002","23","4.5","ug/m3 LC","25","BOSTON KENMORE SQ","1","100.0000","88101","PM2.5 - Local Conditions","736","Teledyne T640 at 5.0 LPM (Corrected)","14460","Boston-Cambridge-Newton, MA-NH","25","Massachusetts","025","Suffolk","42.3488727124916","-71.0971627875593"
"01/05/2021","AQS","250250002","23","3.8","ug/m3 LC","21","BOSTON KENMORE SQ","1","100.0000","88101","PM2.5 - Local Conditions","736","Teledyne T640 at 5.0 LPM (Corrected)","14460","Boston-Cambridge-Newton, MA-NH","25","Massachusetts","025","Suffolk","42.3488727124916","-71.0971627875593"
"01/06/2021","AQS","250250002","23","4","ug/m3 LC","22","BOSTON KENMORE SQ","1","100.0000","88101","PM2.5 - Local Conditions","736","Teledyne T640 at 5.0 LPM (Corrected)","14460","Boston-Cambridge-Newton, MA-NH","25","Massachusetts","025","Suffolk","42.3488727124916","-71.0971627875593"
"01/07/2021","AQS","250250002","23","4","ug/m3 LC","22","BOSTON KENMORE SQ","1","100.0000","88101","PM2.5 - Local Conditions","736","Teledyne T640 at 5.0 LPM (Corrected)","14460","Boston-Cambridge-Newton, MA-NH","25","Massachusetts","025","Suffolk","42.3488727124916","-71.0971627875593"
"01/08/2021","AQS","250250002","23","3.9","ug/m3 LC","22","BOSTON KENMORE SQ","1","100.0000","88101","PM2.5 - Local Conditions","736","Teledyne T640 at 5.0 LPM (Corrected)","14460","Boston-Cambridge-Newton, MA-NH","25","Massachusetts","025","Suffolk","42.3488727124916","-71.0971627875593"
"01/09/2021","AQS","250250002","23","3.5","ug/m3 LC","19","BOSTON KENMORE SQ","1","100.0000","88101","PM2.5 - Local Conditions","736","Teledyne T640 at 5.0 LPM (Corrected)","14460","Boston-Cambridge-Newton, MA-NH","25","Massachusetts","025","Suffolk","42.3488727124916","-71.0971627875593"
"01/10/2021","AQS","250250002","23","5.2","ug/m3 LC","29","BOSTON KENMORE SQ","1","100.0000","88101","PM2.5 - Local Conditions","736","Teledyne T640 at 5.0 LPM (Corrected)","14460","Boston-Cambridge-Newton, MA-NH","25","Massachusetts","025","Suffolk","42.3488727124916","-71.0971627875593"
"01/11/2021","AQS","250250002","23","11.2","ug/m3 LC","55","BOSTON KENMORE SQ","1","100.0000","88101","PM2.5 - Local Conditions","736","Teledyne T640 at 5.0 LPM (Corrected)","14460","Boston-Cambridge-Newton, MA-NH","25","Massachusetts","025","Suffolk","42.3488727124916","-71.0971627875593"
"01/12/2021","AQS","250250002","23","10","ug/m3 LC","53","BOSTON KENMORE SQ","1","100.0000","88101","PM2.5 - Local Conditions","736","Teledyne T640 at 5.0 LPM (Corrected)","14460","Boston-Cambridge-Newton, MA-NH","25","Massachusetts","025","Suffolk","42.3488727124916","-71.0971627875593"
"01/13/2021","AQS","250250002","23","8.8","ug/m3 LC","49","BOSTON KENMORE SQ","1","100.0000","88101","PM2.5 - Local Conditions","736","Teledyne T640 at 5.0 LPM (Corrected)","14460","Boston-Cambridge-Newton, MA-NH","25","Massachusetts","025","Suffolk","42.3488727124916","-71.0971627875593"
"01/14/2021","AQS","250250002","23","25.5","ug/m3 LC","82","BOSTON KENMORE SQ","1","100.0000","88101","PM2.5 - Local Conditions","736","Teledyne T640 at 5.0 LPM (Corrected)","14460","Boston-Cambridge-Newton, MA-NH","25","Massachusetts","025","Suffolk","42.3488727124916","-71.0971627875593"
"01/15/2021","AQS","250250002","23","14.4","ug/m3 LC","61","BOSTON KENMORE SQ","1","100.0000","88101","PM2.5 - Local Conditions","736","Teledyne T640 at 5.0 LPM (Corrected)","14460","Boston-Cambridge-Newton, MA-NH","25","Massachusetts","025","Suffolk","42.3488727124916","-71.0971627875593"
"01/16/2021","AQS","250250002","23","4.8","ug/m3 LC","27","BOSTON KENMORE SQ","1","100.0000","88101","PM2.5 - Local Conditions","736","Teledyne T640 at 5.0 LPM (Corrected)","14460","Boston-Cambridge-Newton, MA-NH","25","Massachusetts","025","Suffolk","42.3488727124916","-71.0971627875593"
"01/17/2021","AQS","250250002","23","4.5","ug/m3 LC","25","BOSTON KENMORE SQ","1","100.0000","88101","PM2.5 - Local Conditions","736","Teledyne T640 at 5.0 LPM (Corrected)","14460","Boston-Cambridge-Newton, MA-NH","25","Massachusetts","025","Suffolk","42.3488727124916","-71.0971627875593"
"01/18/2021","AQS","250250002","23","3.9","ug/m3 LC","22","BOSTON KENMORE SQ","1","100.0000","88101","PM2.5 - Local Conditions","736","Teledyne T640 at 5.0 LPM (Corrected)","14460","Boston-Cambridge-Newton, MA-NH","25","Massachusetts","025","Suffolk","42.3488727124916","-71.0971627875593"
"01/19/2021","AQS","250250002","23","3.5","ug/m3 LC","19","BOSTON KENMORE SQ","1","100.0000","88101","PM2.5 - Local Conditions","736","Teledyne T640 at 5.0 LPM (Corrected)","14460","Boston-Cambridge-Newton, MA-NH","25","Massachusetts","025","Suffolk","42.3488727124916","-71.0971627875593"
"01/20/2021","AQS","250250002","23","5.5","ug/m3 LC","31","BOSTON KENMORE SQ","1","100.0000","88101","PM2.5 - Local Conditions","736","Teledyne T640 at 5.0 LPM (Corrected)","14460","Boston-Cambridge-Newton, MA-NH","25","Massachusetts","025","Suffolk","42.3488727124916","-71.0971627875593"
"01/21/2021","AQS","250250002","23","6.9","ug/m3 LC","38","BOSTON KENMORE SQ","1","100.0000","88101","PM2.5 - Local Conditions","736","Teledyne T640 at 5.0 LPM (Corrected)","14460","Boston-Cambridge-Newton, MA-NH","25","Massachusetts","025","Suffolk","42.3488727124916","-71.0971627875593"
"01/22/2021","AQS","250250002","23","8.9","ug/m3 LC","49","BOSTON KENMORE SQ","1","100.0000","88101","PM2.5 - Local Conditions","736","Teledyne T640 at 5.0 LPM (Corrected)","14460","Boston-Cambridge-Newton, MA-NH","25","Massachusetts","025","Suffolk","42.3488727124916","-71.0971627875593"
"01/23/2021","AQS","250250002","23","2.9","ug/m3 LC","16","BOSTON KENMORE SQ","1","100.0000","88101","PM2.5 - Local Conditions","736","Teledyne T640 at 5.0 LPM (Corrected)","14460","Boston-Cambridge-Newton, MA-NH","25","Massachusetts","025","Suffolk","42.3488727124916","-71.0971627875593"
"01/24/2021","AQS","250250002","23","1.7","ug/m3 LC","9","BOSTON KENMORE SQ","1","100.0000","88101","PM2.5 - Local Conditions","736","Teledyne T640 at 5.0 LPM (Corrected)","14460","Boston-Cambridge-Newton, MA-NH","25","Massachusetts","025","Suffolk","42.3488727124916","-71.0971627875593"
"01/25/2021","AQS","250250002","23","2.4","ug/m3 LC","13","BOSTON KENMORE SQ","1","100.0000","88101","PM2.5 - Local Conditions","736","Teledyne T640 at 5.0 LPM (Corrected)","14460","Boston-Cambridge-Newton, MA-NH","25","Massachusetts","025","Suffolk","42.3488727124916","-71.0971627875593"
"01/26/2021","AQS","250250002","23","5.3","ug/m3 LC","29","BOSTON KENMORE SQ","1","100.0000","88101","PM2.5 - Local Conditions","736","Teledyne T640 at 5.0 LPM (Corrected)","14460","Boston-Cambridge-Newton, MA-NH","25","Massachusetts","025","Suffolk","42.3488727124916","-71.0971627875593"
"01/27/2021","AQS","250250002","23","5.6","ug/m3 LC","31","BOSTON KENMORE SQ","1","100.0000","88101","PM2.5 - Local Conditions","736","Teledyne T640 at 5.0 LPM (Corrected)","14460","Boston-Cambridge-Newton, MA-NH","25","Massachusetts","025","Suffolk","42.3488727124916","-71.0971627875593"
"01/28/2021","AQS","250250002","23","5.8","ug/m3 LC","32","BOSTON KENMORE SQ","1","100.0000","88101","PM2.5 - Local Conditions","736","Teledyne T640 at 5.0 LPM (Corrected)","14460","Boston-Cambridge-Newton, MA-NH","25","Massachusetts","025","Suffolk","42.3488727124916","-71.0971627875593"
"01/29/2021","AQS","250250002","23","3.4","ug/m3 LC","19","BOSTON KENMORE SQ","1","100.0000","88101","PM2.5 - Local Conditions","736","Teledyne T640 at 5.0 LPM (Corrected)","14460","Boston-Cambridge-Newton, MA-NH","25","Massachusetts","025","Suffolk","42.3488727124916","-71.0971627875593"
"01/30/2021","AQS","250250002","23","3.3","ug/m3 LC","18","BOSTON KENMORE SQ","1","100.0000","88101","PM2.5 - Local Conditions","736","Teledyne T640 at 5.0 LPM (Corrected)","14460","Boston-Cambridge-Newton, MA-NH","25","Massachusetts","025","Suffolk","42.3488727124916","-71.0971627875593"
"01/31/2021","AQS","250250002","23","5.9","ug/m3 LC","33","BOSTON KENMORE SQ","1","100.0000","88101","PM2.5 - Local Conditions","736","Teledyne T640 at 5.0 LPM (Corrected)","14460","Boston-Cambridge-Newton, MA-NH","25","Massachusetts","025","Suffolk","42.3488727124916","-71.0971627875593"
"02/01/2021","AQS","250250002","23","6.6","ug/m3 LC","37","BOSTON KENMORE SQ","1","100.0000","88101","PM2.5 - Local Conditions","736","Teledyne T640 at 5.0 LPM (Corrected)","14460","Boston-Cambridge-Newton, MA-NH","25","Massachusetts","025","Suffolk","42.3488727124916","-71.0971627875593"
"02/02/2021","AQS","250250002","23","2.4","ug/m3 LC","13","BOSTON KENMORE SQ","1","100.0000","88101","PM2.5 - Local Conditions","736","Teledyne T640 at 5.0 LPM (Corrected)","14460","Boston-Cambridge-Newton, MA-NH","25","Massachusetts","025","Suffolk","42.3488727124916","-71.0971627875593"
"02/03/2021","AQS","250250002","23","2.5","ug/m3 LC","14","BOSTON KENMORE SQ","1","100.0000","88101","PM2.5 - Local Conditions","736","Teledyne T640 at 5.0 LPM (Corrected)","14460","Boston-Cambridge-Newton, MA-NH","25","Massachusetts","025","Suffolk","42.3488727124916","-71.0971627875593"
"02/04/2021","AQS","250250002","23","3.7","ug/m3 LC","21","BOSTON KENMORE SQ","1","100.0000","88101","PM2.5 - Local Conditions","736","Teledyne T640 at 5.0 LPM (Corrected)","14460","Boston-Cambridge-Newton, MA-NH","25","Massachusetts","025","Suffolk","42.3488727124916","-71.0971627875593"
"02/05/2021","AQS","250250002","23","9.7","ug/m3 LC","52","BOSTON KENMORE SQ","1","100.0000","88101","PM2.5 - Local Conditions","736","Teledyne T640 at 5.0 LPM (Corrected)","14460","Boston-Cambridge-Newton, MA-NH","25","Massachusetts","025","Suffolk","42.3488727124916","-71.0971627875593"
"02/06/2021","AQS","250250002","23","8.6","ug/m3 LC","48","BOSTON KENMORE SQ","1","100.0000","88101","PM2.5 - Local Conditions","736","Teledyne T640 at 5.0 LPM (Corrected)","14460","Boston-Cambridge-Newton, MA-NH","25","Massachusetts","025","Suffolk","42.3488727124916","-71.0971627875593"
"02/07/2021","AQS","250250002","23","7.3","ug/m3 LC","41","BOSTON KENMORE SQ","1","100.0000","88101","PM2.5 - Local Conditions","736","Teledyne T640 at 5.0 LPM (Corrected)","14460","Boston-Cambridge-Newton, MA-NH","25","Massachusetts","025","Suffolk","42.3488727124916","-71.0971627875593"
"02/08/2021","AQS","250250002","23","4.2","ug/m3 LC","23","BOSTON KENMORE SQ","1","100.0000","88101","PM2.5 - Local Conditions","736","Teledyne T640 at 5.0 LPM (Corrected)","14460","Boston-Cambridge-Newton, MA-NH","25","Massachusetts","025","Suffolk","42.3488727124916","-71.0971627875593"
"02/09/2021","AQS","250250002","23","9.2","ug/m3 LC","51","BOSTON KENMORE SQ","1","100.0000","88101","PM2.5 - Local Conditions","736","Teledyne T640 at 5.0 LPM (Corrected)","14460","Boston-Cambridge-Newton, MA-NH","25","Massachusetts","025","Suffolk","42.3488727124916","-71.0971627875593"
"02/10/2021","AQS","250250002","23","8.8","ug/m3 LC","49","BOSTON KENMORE SQ","1","100.0000","88101","PM2.5 - Local Conditions","736","Teledyne T640 at 5.0 LPM (Corrected)","14460","Boston-Cambridge-Newton, MA-NH","25","Massachusetts","025","Suffolk","42.3488727124916","-71.0971627875593"
"02/11/2021","AQS","250250002","23","7.1","ug/m3 LC","39","BOSTON KENMORE SQ","1","100.0000","88101","PM2.5 - Local Conditions","736","Teledyne T640 at 5.0 LPM (Corrected)","14460","Boston-Cambridge-Newton, MA-NH","25","Massachusetts","025","Suffolk","42.3488727124916","-71.0971627875593"
"02/12/2021","AQS","250250002","23","4.6","ug/m3 LC","26","BOSTON KENMORE SQ","1","100.0000","88101","PM2.5 - Local Conditions","736","Teledyne T640 at 5.0 LPM (Corrected)","14460","Boston-Cambridge-Newton, MA-NH","25","Massachusetts","025","Suffolk","42.3488727124916","-71.0971627875593"
"02/13/2021","AQS","250250002","23","4.1","ug/m3 LC","23","BOSTON KENMORE SQ","1","100.0000","88101","PM2.5 - Local Conditions","736","Teledyne T640 at 5.0 LPM (Corrected)","14460","Boston-Cambridge-Newton, MA-NH","25","Massachusetts","025","Suffolk","42.3488727124916","-71.0971627875593"
"02/14/2021","AQS","250250002","23","7.1","ug/m3 LC","39","BOSTON KENMORE SQ","1","100.0000","88101","PM2.5 - Local Conditions","736","Teledyne T640 at 5.0 LPM (Corrected)","14460","Boston-Cambridge-Newton, MA-NH","25","Massachusetts","025","Suffolk","42.3488727124916","-71.0971627875593"
"02/15/2021","AQS","250250002","23","7.5","ug/m3 LC","42","BOSTON KENMORE SQ","1","100.0000","88101","PM2.5 - Local Conditions","736","Teledyne T640 at 5.0 LPM (Corrected)","14460","Boston-Cambridge-Newton, MA-NH","25","Massachusetts","025","Suffolk","42.3488727124916","-71.0971627875593"
"02/16/2021","AQS","250250002","23","5.2","ug/m3 LC","29","BOSTON KENMORE SQ","1","100.0000","88101","PM2.5 - Local Conditions","736","Teledyne T640 at 5.0 LPM (Corrected)","14460","Boston-Cambridge-Newton, MA-NH","25","Massachusetts","025","Suffolk","42.3488727124916","-71.0971627875593"
"02/17/2021","AQS","250250002","23","3.5","ug/m3 LC","19","BOSTON KENMORE SQ","1","100.0000","88101","PM2.5 - Local Conditions","736","Teledyne T640 at 5.0 LPM (Corrected)","14460","Boston-Cambridge-Newton, MA-NH","25","Massachusetts","025","Suffolk","42.3488727124916","-71.0971627875593"
"02/18/2021","AQS","250250002","23","4.8","ug/m3 LC","27","BOSTON KENMORE SQ","1","100.0000","88101","PM2.5 - Local Conditions","736","Teledyne T640 at 5.0 LPM (Corrected)","14460","Boston-Cambridge-Newton, MA-NH","25","Massachusetts","025","Suffolk","42.3488727124916","-71.0971627875593"
"02/19/2021","AQS","250250002","23","5.9","ug/m3 LC","33","BOSTON KENMORE SQ","1","100.0000","88101","PM2.5 - Local Conditions","736","Teledyne T640 at 5.0 LPM (Corrected)","14460","Boston-Cambridge-Newton, MA-NH","25","Massachusetts","025","Suffolk","42.3488727124916","-71.0971627875593"
"02/20/2021","AQS","250250002","23","4.9","ug/m3 LC","27","BOSTON KENMORE SQ","1","100.0000","88101","PM2.5 - Local Conditions","736","Teledyne T640 at 5.0 LPM (Corrected)","14460","Boston-Cambridge-Newton, MA-NH","25","Massachusetts","025","Suffolk","42.3488727124916","-71.0971627875593"
"02/21/2021","AQS","250250002","23","4.2","ug/m3 LC","23","BOSTON KENMORE SQ","1","100.0000","88101","PM2.5 - Local Conditions","736","Teledyne T640 at 5.0 LPM (Corrected)","14460","Boston-Cambridge-Newton, MA-NH","25","Massachusetts","025","Suffolk","42.3488727124916","-71.0971627875593"
"02/22/2021","AQS","250250002","23","6.8","ug/m3 LC","38","BOSTON KENMORE SQ","1","100.0000","88101","PM2.5 - Local Conditions","736","Teledyne T640 at 5.0 LPM (Corrected)","14460","Boston-Cambridge-Newton, MA-NH","25","Massachusetts","025","Suffolk","42.3488727124916","-71.0971627875593"
"02/23/2021","AQS","250250002","23","7.4","ug/m3 LC","41","BOSTON KENMORE SQ","1","100.0000","88101","PM2.5 - Local Conditions","736","Teledyne T640 at 5.0 LPM (Corrected)","14460","Boston-Cambridge-Newton, MA-NH","25","Massachusetts","025","Suffolk","42.3488727124916","-71.0971627875593"
"02/24/2021","AQS","250250002","23","4.3","ug/m3 LC","24","BOSTON KENMORE SQ","1","100.0000","88101","PM2.5 - Local Conditions","736","Teledyne T640 at 5.0 LPM (Corrected)","14460","Boston-Cambridge-Newton, MA-NH","25","Massachusetts","025","Suffolk","42.3488727124916","-71.0971627875593"
"02/25/2021","AQS","250250002","23","3.2","ug/m3 LC","18","BOSTON KENMORE SQ","1","100.0000","88101","PM2.5 - Local Conditions","736","Teledyne T640 at 5.0 LPM (Corrected)","14460","Boston-Cambridge-Newton, MA-NH","25","Massachusetts","025","Suffolk","42.3488727124916","-71.0971627875593"
"02/26/2021","AQS","250250002","23","4.5","ug/m3 LC","25","BOSTON KENMORE SQ","1","100.0000","88101","PM2.5 - Local Conditions","736","Teledyne T640 at 5.0 LPM (Corrected)","14460","Boston-Cambridge-Newton, MA-NH","25","Massachusetts","025","Suffolk","42.3488727124916","-71.0971627875593"
"02/27/2021","AQS","250250002","23","5.6","ug/m3 LC","31","BOSTON KENMORE SQ","1","100.0000","88101","PM2.5 - Local Conditions","736","Teledyne T640 at 5.0 LPM (Corrected)","14460","Boston-Cambridge-Newton, MA-NH","25","Massachusetts","025","Suffolk","42.3488727124916","-71.0971627875593"
"02/28/2021","AQS","250250002","23","6.5","ug/m3 LC","36","BOSTON KENMORE SQ","1","100.0000","88101","PM2.5 - Local Conditions","736","Teledyne T640 at 5.0 LPM (Corrected)","14460","Boston-Cambridge-Newton, MA-NH","25","Massachusetts","025","Suffolk","42.3488727124916","-71.0971627875593"
"03/01/2021","AQS","250250002","23","4.6","ug/m3 LC","26","BOSTON KENMORE SQ","1","100.0000","88101","PM2.5 - Local Conditions","736","Teledyne T640 at 5.0 LPM (Corrected)","14460","Boston-Cambridge-Newton, MA-NH","25","Massachusetts","025","Suffolk","42.3488727124916","-71.0971627875593"
"03/02/2021","AQS","250250002","23","2.5","ug/m3 LC","14","BOSTON KENMORE SQ","1","100.0000","88101","PM2.5 - Local Conditions","736","Teledyne T640 at 5.0 LPM (Corrected)","14460","Boston-Cambridge-Newton, MA-NH","25","Massachusetts","025","Suffolk","42.3488727124916","-71.0971627875593"
"03/03/2021","AQS","250250002","23","5.7","ug/m3 LC","32","BOSTON KENMORE SQ","1","100.0000","88101","PM2.5 - Local Conditions","736","Teledyne T640 at 5.0 LPM (Corrected)","14460","Boston-Cambridge-Newton, MA-NH","25","Massachusetts","025","Suffolk","42.3488727124916","-71.0971627875593"
"03/04/2021","AQS","250250002","23","5.1","ug/m3 LC","28","BOSTON KENMORE SQ","1","100.0000","88101","PM2.5 - Local Conditions","736","Teledyne T640 at 5.0 LPM (Corrected)","14460","Boston-Cambridge-Newton, MA-NH","25","Massachusetts","025","Suffolk","42.3488727124916","-71.0971627875593"
"03/05/2021","AQS","250250002","23","2.2","ug/m3 LC","12","BOSTON KENMORE SQ","1","100.0000","88101","PM2.5 - Local Conditions","736","Teledyne T640 at 5.0 LPM (Corrected)","14460","Boston-Cambridge-Newton, MA-NH","25","Massachusetts","025","Suffolk","42.3488727124916","-71.0971627875593"
"03/06/2021","AQS","250250002","23","3.1","ug/m3 LC","17","BOSTON KENMORE SQ","1","100.0000","88101","PM2.5 - Local Conditions","736","Teledyne T640 at 5.0 LPM (Corrected)","14460","Boston-Cambridge-Newton, MA-NH","25","Massachusetts","025","Suffolk","42.3488727124916","-71.0971627875593"
"03/07/2021","AQS","250250002","23","3.8","ug/m3 LC","21","BOSTON KENMORE SQ","1","100.0000","88101","PM2.5 - Local Conditions","736","Teledyne T640 at 5.0 LPM (Corrected)","14460","Boston-Cambridge-Newton, MA-NH","25","Massachusetts","025","Suffolk","42.3488727124916","-71.0971627875593"
"03/08/2021","AQS","250250002","23","5.6","ug/m3 LC","31","BOSTON KENMORE SQ","1","100.0000","88101","PM2.5 - Local Conditions","736","Teledyne T640 at 5.0 LPM (Corrected)","14460","Boston-Cambridge-Newton, MA-NH","25","Massachusetts","025","Suffolk","42.3488727124916","-71.0971627875593"
"03/09/2021","AQS","250250002","23","6.6","ug/m3 LC","37","BOSTON KENMORE SQ","1","100.0000","88101","PM2.5 - Local Conditions","736","Teledyne T640 at 5.0 LPM (Corrected)","14460","Boston-Cambridge-Newton, MA-NH","25","Massachusetts","025","Suffolk","42.3488727124916","-71.0971627875593"
"03/10/2021","AQS","250250002","23","7.3","ug/m3 LC","41","BOSTON KENMORE SQ","1","100.0000","88101","PM2.5 - Local Conditions","736","Teledyne T640 at 5.0 LPM (Corrected)","14460","Boston-Cambridge-Newton, MA-NH","25","Massachusetts","025","Suffolk","42.3488727124916","-71.0971627875593"
"03/11/2021","AQS","250250002","23","15.3","ug/m3 LC","63","BOSTON KENMORE SQ","1","100.0000","88101","PM2.5 - Local Conditions","736","Teledyne T640 at 5.0 LPM (Corrected)","14460","Boston-Cambridge-Newton, MA-NH","25","Massachusetts","025","Suffolk","42.3488727124916","-71.0971627875593"
"03/12/2021","AQS","250250002","23","6.8","ug/m3 LC","38","BOSTON KENMORE SQ","1","100.0000","88101","PM2.5 - Local Conditions","736","Teledyne T640 at 5.0 LPM (Corrected)","14460","Boston-Cambridge-Newton, MA-NH","25","Massachusetts","025","Suffolk","42.3488727124916","-71.0971627875593"
"03/13/2021","AQS","250250002","23","2.2","ug/m3 LC","12","BOSTON KENMORE SQ","1","100.0000","88101","PM2.5 - Local Conditions","736","Teledyne T640 at 5.0 LPM (Corrected)","14460","Boston-Cambridge-Newton, MA-NH","25","Massachusetts","025","Suffolk","42.3488727124916","-71.0971627875593"
"03/14/2021","AQS","250250002","23","3.1","ug/m3 LC","17","BOSTON KENMORE SQ","1","100.0000","88101","PM2.5 - Local Conditions","736","Teledyne T640 at 5.0 LPM (Corrected)","14460","Boston-Cambridge-Newton, MA-NH","25","Massachusetts","025","Suffolk","42.3488727124916","-71.0971627875593"
"03/15/2021","AQS","250250002","23","3.1","ug/m3 LC","17","BOSTON KENMORE SQ","1","100.0000","88101","PM2.5 - Local Conditions","736","Teledyne T640 at 5.0 LPM (Corrected)","14460","Boston-Cambridge-Newton, MA-NH","25","Massachusetts","025","Suffolk","42.3488727124916","-71.0971627875593"
"03/16/2021","AQS","250250002","23","4.4","ug/m3 LC","24","BOSTON KENMORE SQ","1","100.0000","88101","PM2.5 - Local Conditions","736","Teledyne T640 at 5.0 LPM (Corrected)","14460","Boston-Cambridge-Newton, MA-NH","25","Massachusetts","025","Suffolk","42.3488727124916","-71.0971627875593"
"03/17/2021","AQS","250250002","23","6.4","ug/m3 LC","36","BOSTON KENMORE SQ","1","100.0000","88101","PM2.5 - Local Conditions","736","Teledyne T640 at 5.0 LPM (Corrected)","14460","Boston-Cambridge-Newton, MA-NH","25","Massachusetts","025","Suffolk","42.3488727124916","-71.0971627875593"
"03/18/2021","AQS","250250002","23","12.2","ug/m3 LC","57","BOSTON KENMORE SQ","1","100.0000","88101","PM2.5 - Local Conditions","736","Teledyne T640 at 5.0 LPM (Corrected)","14460","Boston-Cambridge-Newton, MA-NH","25","Massachusetts","025","Suffolk","42.3488727124916","-71.0971627875593"
"03/19/2021","AQS","250250002","23","4.1","ug/m3 LC","23","BOSTON KENMORE SQ","1","100.0000","88101","PM2.5 - Local Conditions","736","Teledyne T640 at 5.0 LPM (Corrected)","14460","Boston-Cambridge-Newton, MA-NH","25","Massachusetts","025","Suffolk","42.3488727124916","-71.0971627875593"
"03/20/2021","AQS","250250002","23","5","ug/m3 LC","28","BOSTON KENMORE SQ","1","100.0000","88101","PM2.5 - Local Conditions","736","Teledyne T640 at 5.0 LPM (Corrected)","14460","Boston-Cambridge-Newton, MA-NH","25","Massachusetts","025","Suffolk","42.3488727124916","-71.0971627875593"
"03/21/2021","AQS","250250002","23","6.4","ug/m3 LC","36","BOSTON KENMORE SQ","1","100.0000","88101","PM2.5 - Local Conditions","736","Teledyne T640 at 5.0 LPM (Corrected)","14460","Boston-Cambridge-Newton, MA-NH","25","Massachusetts","025","Suffolk","42.3488727124916","-71.0971627875593"
"03/22/2021","AQS","250250002","23","7.3","ug/m3 LC","41","BOSTON KENMORE SQ","1","100.0000","88101","PM2.5 - Local Conditions","736","Teledyne T640 at 5.0 LPM (Corrected)","14460","Boston-Cambridge-Newton, MA-NH","25","Massachusetts","025","Suffolk","42.3488727124916","-71.0971627875593"
"03/23/2021","AQS","250250002","23","6.6","ug/m3 LC","37","BOSTON KENMORE SQ","1","100.0000","88101","PM2.5 - Local Conditions","736","Teledyne T640 at 5.0 LPM (Corrected)","14460","Boston-Cambridge-Newton, MA-NH","25","Massachusetts","025","Suffolk","42.3488727124916","-71.0971627875593"
"03/24/2021","AQS","250250002","23","8","ug/m3 LC","44","BOSTON KENMORE SQ","1","100.0000","88101","PM2.5 - Local Conditions","736","Teledyne T640 at 5.0 LPM (Corrected)","14460","Boston-Cambridge-Newton, MA-NH","25","Massachusetts","025","Suffolk","42.3488727124916","-71.0971627875593"
"03/25/2021","AQS","250250002","23","10.1","ug/m3 LC","53","BOSTON KENMORE SQ","1","100.0000","88101","PM2.5 - Local Conditions","736","Teledyne T640 at 5.0 LPM (Corrected)","14460","Boston-Cambridge-Newton, MA-NH","25","Massachusetts","025","Suffolk","42.3488727124916","-71.0971627875593"
"03/26/2021","AQS","250250002","23","5.8","ug/m3 LC","32","BOSTON KENMORE SQ","1","100.0000","88101","PM2.5 - Local Conditions","736","Teledyne T640 at 5.0 LPM (Corrected)","14460","Boston-Cambridge-Newton, MA-NH","25","Massachusetts","025","Suffolk","42.3488727124916","-71.0971627875593"
"03/27/2021","AQS","250250002","23","2.5","ug/m3 LC","14","BOSTON KENMORE SQ","1","100.0000","88101","PM2.5 - Local Conditions","736","Teledyne T640 at 5.0 LPM (Corrected)","14460","Boston-Cambridge-Newton, MA-NH","25","Massachusetts","025","Suffolk","42.3488727124916","-71.0971627875593"
"03/28/2021","AQS","250250002","23","5.3","ug/m3 LC","29","BOSTON KENMORE SQ","1","100.0000","88101","PM2.5 - Local Conditions","736","Teledyne T640 at 5.0 LPM (Corrected)","14460","Boston-Cambridge-Newton, MA-NH","25","Massachusetts","025","Suffolk","42.3488727124916","-71.0971627875593"
"03/29/2021","AQS","250250002","23","2","ug/m3 LC","11","BOSTON KENMORE SQ","1","100.0000","88101","PM2.5 - Local Conditions","736","Teledyne T640 at 5.0 LPM (Corrected)","14460","Boston-Cambridge-Newton, MA-NH","25","Massachusetts","025","Suffolk","42.3488727124916","-71.0971627875593"
"03/30/2021","AQS","250250002","23","3.9","ug/m3 LC","22","BOSTON KENMORE SQ","1","100.0000","88101","PM2.5 - Local Conditions","736","Teledyne T640 at 5.0 LPM (Corrected)","14460","Boston-Cambridge-Newton, MA-NH","25","Massachusetts","025","Suffolk","42.3488727124916","-71.0971627875593"
"03/31/2021","AQS","250250002","23","5.8","ug/m3 LC","32","BOSTON KENMORE SQ","1","100.0000","88101","PM2.5 - Local Conditions","736","Teledyne T640 at 5.0 LPM (Corrected)","14460","Boston-Cambridge-Newton, MA-NH","25","Massachusetts","025","Suffolk","42.3488727124916","-71.0971627875593"
"04/01/2021","AQS","250250002","23","2.3","ug/m3 LC","13","BOSTON KENMORE SQ","1","100.0000","88101","PM2.5 - Local Conditions","736","Teledyne T640 at 5.0 LPM (Corrected)","14460","Boston-Cambridge-Newton, MA-NH","25","Massachusetts","025","Suffolk","42.3488727124916","-71.0971627875593"
"04/02/2021","AQS","250250002","23","3.4","ug/m3 LC","19","BOSTON KENMORE SQ","1","100.0000","88101","PM2.5 - Local Conditions","736","Teledyne T640 at 5.0 LPM (Corrected)","14460","Boston-Cambridge-Newton, MA-NH","25","Massachusetts","025","Suffolk","42.3488727124916","-71.0971627875593"
"04/03/2021","AQS","250250002","23","3.9","ug/m3 LC","22","BOSTON KENMORE SQ","1","100.0000","88101","PM2.5 - Local Conditions","736","Teledyne T640 at 5.0 LPM (Corrected)","14460","Boston-Cambridge-Newton, MA-NH","25","Massachusetts","025","Suffolk","42.3488727124916","-71.0971627875593"
"04/04/2021","AQS","250250002","23","4.4","ug/m3 LC","24","BOSTON KENMORE SQ","1","100.0000","88101","PM2.5 - Local Conditions","736","Teledyne T640 at 5.0 LPM (Corrected)","14460","Boston-Cambridge-Newton, MA-NH","25","Massachusetts","025","Suffolk","42.3488727124916","-71.0971627875593"
"04/05/2021","AQS","250250002","23","4.3","ug/m3 LC","24","BOSTON KENMORE SQ","1","100.0000","88101","PM2.5 - Local Conditions","736","Teledyne T640 at 5.0 LPM (Corrected)","14460","Boston-Cambridge-Newton, MA-NH","25","Massachusetts","025","Suffolk","42.3488727124916","-71.0971627875593"
"04/06/2021","AQS","250250002","23","2.7","ug/m3 LC","15","BOSTON KENMORE SQ","1","100.0000","88101","PM2.5 - Local Conditions","736","Teledyne T640 at 5.0 LPM (Corrected)","14460","Boston-Cambridge-Newton, MA-NH","25","Massachusetts","025","Suffolk","42.3488727124916","-71.0971627875593"
"04/07/2021","AQS","250250002","23","3.8","ug/m3 LC","21","BOSTON KENMORE SQ","1","100.0000","88101","PM2.5 - Local Conditions","736","Teledyne T640 at 5.0 LPM (Corrected)","14460","Boston-Cambridge-Newton, MA-NH","25","Massachusetts","025","Suffolk","42.3488727124916","-71.0971627875593"
"04/08/2021","AQS","250250002","23","3.5","ug/m3 LC","19","BOSTON KENMORE SQ","1","100.0000","88101","PM2.5 - Local Conditions","736","Teledyne T640 at 5.0 LPM (Corrected)","14460","Boston-Cambridge-Newton, MA-NH","25","Massachusetts","025","Suffolk","42.3488727124916","-71.0971627875593"
"04/09/2021","AQS","250250002","23","5.4","ug/m3 LC","30","BOSTON KENMORE SQ","1","100.0000","88101","PM2.5 - Local Conditions","736","Teledyne T640 at 5.0 LPM (Corrected)","14460","Boston-Cambridge-Newton, MA-NH","25","Massachusetts","025","Suffolk","42.3488727124916","-71.0971627875593"
"04/10/2021","AQS","250250002","23","5.7","ug/m3 LC","32","BOSTON KENMORE SQ","1","100.0000","88101","PM2.5 - Local Conditions","736","Teledyne T640 at 5.0 LPM (Corrected)","14460","Boston-Cambridge-Newton, MA-NH","25","Massachusetts","025","Suffolk","42.3488727124916","-71.0971627875593"
"04/11/2021","AQS","250250002","23","7","ug/m3 LC","39","BOSTON KENMORE SQ","1","100.0000","88101","PM2.5 - Local Conditions","736","Teledyne T640 at 5.0 LPM (Corrected)","14460","Boston-Cambridge-Newton, MA-NH","25","Massachusetts","025","Suffolk","42.3488727124916","-71.0971627875593"
"04/12/2021","AQS","250250002","23","4.7","ug/m3 LC","26","BOSTON KENMORE SQ","1","100.0000","88101","PM2.5 - Local Conditions","736","Teledyne T640 at 5.0 LPM (Corrected)","14460","Boston-Cambridge-Newton, MA-NH","25","Massachusetts","025","Suffolk","42.3488727124916","-71.0971627875593"
"04/13/2021","AQS","250250002","23","4.8","ug/m3 LC","27","BOSTON KENMORE SQ","1","100.0000","88101","PM2.5 - Local Conditions","736","Teledyne T640 at 5.0 LPM (Corrected)","14460","Boston-Cambridge-Newton, MA-NH","25","Massachusetts","025","Suffolk","42.3488727124916","-71.0971627875593"
"04/14/2021","AQS","250250002","23","5.9","ug/m3 LC","33","BOSTON KENMORE SQ","1","100.0000","88101","PM2.5 - Local Conditions","736","Teledyne T640 at 5.0 LPM (Corrected)","14460","Boston-Cambridge-Newton, MA-NH","25","Massachusetts","025","Suffolk","42.3488727124916","-71.0971627875593"
"04/15/2021","AQS","250250002","23","6.2","ug/m3 LC","34","BOSTON KENMORE SQ","1","100.0000","88101","PM2.5 - Local Conditions","736","Teledyne T640 at 5.0 LPM (Corrected)","14460","Boston-Cambridge-Newton, MA-NH","25","Massachusetts","025","Suffolk","42.3488727124916","-71.0971627875593"
"04/16/2021","AQS","250250002","23","2.2","ug/m3 LC","12","BOSTON KENMORE SQ","1","100.0000","88101","PM2.5 - Local Conditions","736","Teledyne T640 at 5.0 LPM (Corrected)","14460","Boston-Cambridge-Newton, MA-NH","25","Massachusetts","025","Suffolk","42.3488727124916","-71.0971627875593"
"04/17/2021","AQS","250250002","23","1.9","ug/m3 LC","11","BOSTON KENMORE SQ","1","100.0000","88101","PM2.5 - Local Conditions","736","Teledyne T640 at 5.0 LPM (Corrected)","14460","Boston-Cambridge-Newton, MA-NH","25","Massachusetts","025","Suffolk","42.3488727124916","-71.0971627875593"
"04/18/2021","AQS","250250002","23","4.5","ug/m3 LC","25","BOSTON KENMORE SQ","1","100.0000","88101","PM2.5 - Local Conditions","736","Teledyne T640 at 5.0 LPM (Corrected)","14460","Boston-Cambridge-Newton, MA-NH","25","Massachusetts","025","Suffolk","42.3488727124916","-71.0971627875593"
"04/19/2021","AQS","250250002","23","5.6","ug/m3 LC","31","BOSTON KENMORE SQ","1","100.0000","88101","PM2.5 - Local Conditions","736","Teledyne T640 at 5.0 LPM (Corrected)","14460","Boston-Cambridge-Newton, MA-NH","25","Massachusetts","025","Suffolk","42.3488727124916","-71.0971627875593"
"04/20/2021","AQS","250250002","23","6.1","ug/m3 LC","34","BOSTON KENMORE SQ","1","100.0000","88101","PM2.5 - Local Conditions","736","Teledyne T640 at 5.0 LPM (Corrected)","14460","Boston-Cambridge-Newton, MA-NH","25","Massachusetts","025","Suffolk","42.3488727124916","-71.0971627875593"
"04/21/2021","AQS","250250002","23","5.5","ug/m3 LC","31","BOSTON KENMORE SQ","1","100.0000","88101","PM2.5 - Local Conditions","736","Teledyne T640 at 5.0 LPM (Corrected)","14460","Boston-Cambridge-Newton, MA-NH","25","Massachusetts","025","Suffolk","42.3488727124916","-71.0971627875593"
"04/22/2021","AQS","250250002","23","2.9","ug/m3 LC","16","BOSTON KENMORE SQ","1","100.0000","88101","PM2.5 - Local Conditions","736","Teledyne T640 at 5.0 LPM (Corrected)","14460","Boston-Cambridge-Newton, MA-NH","25","Massachusetts","025","Suffolk","42.3488727124916","-71.0971627875593"
"04/23/2021","AQS","250250002","23","4.3","ug/m3 LC","24","BOSTON KENMORE SQ","1","100.0000","88101","PM2.5 - Local Conditions","736","Teledyne T640 at 5.0 LPM (Corrected)","14460","Boston-Cambridge-Newton, MA-NH","25","Massachusetts","025","Suffolk","42.3488727124916","-71.0971627875593"
"04/24/2021","AQS","250250002","23","8.5","ug/m3 LC","47","BOSTON KENMORE SQ","1","100.0000","88101","PM2.5 - Local Conditions","736","Teledyne T640 at 5.0 LPM (Corrected)","14460","Boston-Cambridge-Newton, MA-NH","25","Massachusetts","025","Suffolk","42.3488727124916","-71.0971627875593"
"04/25/2021","AQS","250250002","23","9.4","ug/m3 LC","52","BOSTON KENMORE SQ","1","100.0000","88101","PM2.5 - Local Conditions","736","Teledyne T640 at 5.0 LPM (Corrected)","14460","Boston-Cambridge-Newton, MA-NH","25","Massachusetts","025","Suffolk","42.3488727124916","-71.0971627875593"
"04/26/2021","AQS","250250002","23","3.1","ug/m3 LC","17","BOSTON KENMORE SQ","1","100.0000","88101","PM2.5 - Local Conditions","736","Teledyne T640 at 5.0 LPM (Corrected)","14460","Boston-Cambridge-Newton, MA-NH","25","Massachusetts","025","Suffolk","42.3488727124916","-71.0971627875593"
"04/27/2021","AQS","250250002","23","3.9","ug/m3 LC","22","BOSTON KENMORE SQ","1","100.0000","88101","PM2.5 - Local Conditions","736","Teledyne T640 at 5.0 LPM (Corrected)","14460","Boston-Cambridge-Newton, MA-NH","25","Massachusetts","025","Suffolk","42.3488727124916","-71.0971627875593"
"04/28/2021","AQS","250250002","23","7","ug/m3 LC","39","BOSTON KENMORE SQ","1","100.0000","88101","PM2.5 - Local Conditions","736","Teledyne T640 at 5.0 LPM (Corrected)","14460","Boston-Cambridge-Newton, MA-NH","25","Massachusetts","025","Suffolk","42.3488727124916","-71.0971627875593"
"04/29/2021","AQS","250250002","23","8","ug/m3 LC","44","BOSTON KENMORE SQ","1","100.0000","88101","PM2.5 - Local Conditions","736","Teledyne T640 at 5.0 LPM (Corrected)","14460","Boston-Cambridge-Newton, MA-NH","25","Massachusetts","025","Suffolk","42.3488727124916","-71.0971627875593"
"04/30/2021","AQS","250250002","23","1.9","ug/m3 LC","11","BOSTON KENMORE SQ","1","100.0000","88101","PM2.5 - Local Conditions","736","Teledyne T640 at 5.0 LPM (Corrected)","14460","Boston-Cambridge-Newton, MA-NH","25","Massachusetts","025","Suffolk","42.3488727124916","-71.0971627875593"
"05/01/2021","AQS","250250002","23","1.8","ug/m3 LC","10","BOSTON KENMORE SQ","1","100.0000","88101","PM2.5 - Local Conditions","736","Teledyne T640 at 5.0 LPM (Corrected)","14460","Boston-Cambridge-Newton, MA-NH","25","Massachusetts","025","Suffolk","42.3488727124916","-71.0971627875593"
"05/02/2021","AQS","250250002","23","4.2","ug/m3 LC","23","BOSTON KENMORE SQ","1","100.0000","88101","PM2.5 - Local Conditions","736","Teledyne T640 at 5.0 LPM (Corrected)","14460","Boston-Cambridge-Newton, MA-NH","25","Massachusetts","025","Suffolk","42.3488727124916","-71.0971627875593"
"05/03/2021","AQS","250250002","23","4.9","ug/m3 LC","27","BOSTON KENMORE SQ","1","100.0000","88101","PM2.5 - Local Conditions","736","Teledyne T640 at 5.0 LPM (Corrected)","14460","Boston-Cambridge-Newton, MA-NH","25","Massachusetts","025","Suffolk","42.3488727124916","-71.0971627875593"
"05/04/2021","AQS","250250002","23","5.2","ug/m3 LC","29","BOSTON KENMORE SQ","1","100.0000","88101","PM2.5 - Local Conditions","736","Teledyne T640 at 5.0 LPM (Corrected)","14460","Boston-Cambridge-Newton, MA-NH","25","Massachusetts","025","Suffolk","42.3488727124916","-71.0971627875593"
"05/05/2021","AQS","250250002","23","4.4","ug/m3 LC","24","BOSTON KENMORE SQ","1","100.0000","88101","PM2.5 - Local Conditions","736","Teledyne T640 at 5.0 LPM (Corrected)","14460","Boston-Cambridge-Newton, MA-NH","25","Massachusetts","025","Suffolk","42.3488727124916","-71.0971627875593"
"05/06/2021","AQS","250250002","23","2.3","ug/m3 LC","13","BOSTON KENMORE SQ","1","100.0000","88101","PM2.5 - Local Conditions","736","Teledyne T640 at 5.0 LPM (Corrected)","14460","Boston-Cambridge-Newton, MA-NH","25","Massachusetts","025","Suffolk","42.3488727124916","-71.0971627875593"
"05/07/2021","AQS","250250002","23","3.8","ug/m3 LC","21","BOSTON KENMORE SQ","1","100.0000","88101","PM2.5 - Local Conditions","736","Teledyne T640 at 5.0 LPM (Corrected)","14460","Boston-Cambridge-Newton, MA-NH","25","Massachusetts","025","Suffolk","42.3488727124916","-71.0971627875593"
"05/08/2021","AQS","250250002","23","3.5","ug/m3 LC","19","BOSTON KENMORE SQ","1","100.0000","88101","PM2.5 - Local Conditions","736","Teledyne T640 at 5.0 LPM (Corrected)","14460","Boston-Cambridge-Newton, MA-NH","25","Massachusetts","025","Suffolk","42.3488727124916","-71.0971627875593"
"05/09/2021","AQS","250250002","23","3","ug/m3 LC","17","BOSTON KENMORE SQ","1","100.0000","88101","PM2.5 - Local Conditions","736","Teledyne T640 at 5.0 LPM (Corrected)","14460","Boston-Cambridge-Newton, MA-NH","25","Massachusetts","025","Suffolk","42.3488727124916","-71.0971627875593"
"05/10/2021","AQS","250250002","23","4.8","ug/m3 LC","27","BOSTON KENMORE SQ","1","100.0000","88101","PM2.5 - Local Conditions","736","Teledyne T640 at 5.0 LPM (Corrected)","14460","Boston-Cambridge-Newton, MA-NH","25","Massachusetts","025","Suffolk","42.3488727124916","-71.0971627875593"
"05/11/2021","AQS","250250002","23","2.2","ug/m3 LC","12","BOSTON KENMORE SQ","1","100.0000","88101","PM2.5 - Local Conditions","736","Teledyne T640 at 5.0 LPM (Corrected)","14460","Boston-Cambridge-Newton, MA-NH","25","Massachusetts","025","Suffolk","42.3488727124916","-71.0971627875593"
"05/12/2021","AQS","250250002","23","2.1","ug/m3 LC","12","BOSTON KENMORE SQ","1","100.0000","88101","PM2.5 - Local Conditions","736","Teledyne T640 at 5.0 LPM (Corrected)","14460","Boston-Cambridge-Newton, MA-NH","25","Massachusetts","025","Suffolk","42.3488727124916","-71.0971627875593"
"05/13/2021","AQS","250250002","23","3.7","ug/m3 LC","21","BOSTON KENMORE SQ","1","100.0000","88101","PM2.5 - Local Conditions","736","Teledyne T640 at 5.0 LPM (Corrected)","14460","Boston-Cambridge-Newton, MA-NH","25","Massachusetts","025","Suffolk","42.3488727124916","-71.0971627875593"
"05/14/2021","AQS","250250002","23","5.6","ug/m3 LC","31","BOSTON KENMORE SQ","1","100.0000","88101","PM2.5 - Local Conditions","736","Teledyne T640 at 5.0 LPM (Corrected)","14460","Boston-Cambridge-Newton, MA-NH","25","Massachusetts","025","Suffolk","42.3488727124916","-71.0971627875593"
"05/15/2021","AQS","250250002","23","6.5","ug/m3 LC","36","BOSTON KENMORE SQ","1","100.0000","88101","PM2.5 - Local Conditions","736","Teledyne T640 at 5.0 LPM (Corrected)","14460","Boston-Cambridge-Newton, MA-NH","25","Massachusetts","025","Suffolk","42.3488727124916","-71.0971627875593"
"05/16/2021","AQS","250250002","23","5.7","ug/m3 LC","32","BOSTON KENMORE SQ","1","100.0000","88101","PM2.5 - Local Conditions","736","Teledyne T640 at 5.0 LPM (Corrected)","14460","Boston-Cambridge-Newton, MA-NH","25","Massachusetts","025","Suffolk","42.3488727124916","-71.0971627875593"
"05/17/2021","AQS","250250002","23","7.3","ug/m3 LC","41","BOSTON KENMORE SQ","1","100.0000","88101","PM2.5 - Local Conditions","736","Teledyne T640 at 5.0 LPM (Corrected)","14460","Boston-Cambridge-Newton, MA-NH","25","Massachusetts","025","Suffolk","42.3488727124916","-71.0971627875593"
"05/18/2021","AQS","250250002","23","6.9","ug/m3 LC","38","BOSTON KENMORE SQ","1","100.0000","88101","PM2.5 - Local Conditions","736","Teledyne T640 at 5.0 LPM (Corrected)","14460","Boston-Cambridge-Newton, MA-NH","25","Massachusetts","025","Suffolk","42.3488727124916","-71.0971627875593"
"05/19/2021","AQS","250250002","23","6.7","ug/m3 LC","37","BOSTON KENMORE SQ","1","100.0000","88101","PM2.5 - Local Conditions","736","Teledyne T640 at 5.0 LPM (Corrected)","14460","Boston-Cambridge-Newton, MA-NH","25","Massachusetts","025","Suffolk","42.3488727124916","-71.0971627875593"
"05/20/2021","AQS","250250002","23","5.7","ug/m3 LC","32","BOSTON KENMORE SQ","1","100.0000","88101","PM2.5 - Local Conditions","736","Teledyne T640 at 5.0 LPM (Corrected)","14460","Boston-Cambridge-Newton, MA-NH","25","Massachusetts","025","Suffolk","42.3488727124916","-71.0971627875593"
"05/21/2021","AQS","250250002","23","6.2","ug/m3 LC","34","BOSTON KENMORE SQ","1","100.0000","88101","PM2.5 - Local Conditions","736","Teledyne T640 at 5.0 LPM (Corrected)","14460","Boston-Cambridge-Newton, MA-NH","25","Massachusetts","025","Suffolk","42.3488727124916","-71.0971627875593"
"05/22/2021","AQS","250250002","23","9.9","ug/m3 LC","52","BOSTON KENMORE SQ","1","100.0000","88101","PM2.5 - Local Conditions","736","Teledyne T640 at 5.0 LPM (Corrected)","14460","Boston-Cambridge-Newton, MA-NH","25","Massachusetts","025","Suffolk","42.3488727124916","-71.0971627875593"
"05/23/2021","AQS","250250002","23","6","ug/m3 LC","33","BOSTON KENMORE SQ","1","100.0000","88101","PM2.5 - Local Conditions","736","Teledyne T640 at 5.0 LPM (Corrected)","14460","Boston-Cambridge-Newton, MA-NH","25","Massachusetts","025","Suffolk","42.3488727124916","-71.0971627875593"
"05/24/2021","AQS","250250002","23","4.2","ug/m3 LC","23","BOSTON KENMORE SQ","1","100.0000","88101","PM2.5 - Local Conditions","736","Teledyne T640 at 5.0 LPM (Corrected)","14460","Boston-Cambridge-Newton, MA-NH","25","Massachusetts","025","Suffolk","42.3488727124916","-71.0971627875593"
"05/25/2021","AQS","250250002","23","5.2","ug/m3 LC","29","BOSTON KENMORE SQ","1","100.0000","88101","PM2.5 - Local Conditions","736","Teledyne T640 at 5.0 LPM (Corrected)","14460","Boston-Cambridge-Newton, MA-NH","25","Massachusetts","025","Suffolk","42.3488727124916","-71.0971627875593"
"05/26/2021","AQS","250250002","23","10.9","ug/m3 LC","54","BOSTON KENMORE SQ","1","100.0000","88101","PM2.5 - Local Conditions","736","Teledyne T640 at 5.0 LPM (Corrected)","14460","Boston-Cambridge-Newton, MA-NH","25","Massachusetts","025","Suffolk","42.3488727124916","-71.0971627875593"
"05/27/2021","AQS","250250002","23","5.6","ug/m3 LC","31","BOSTON KENMORE SQ","1","100.0000","88101","PM2.5 - Local Conditions","736","Teledyne T640 at 5.0 LPM (Corrected)","14460","Boston-Cambridge-Newton, MA-NH","25","Massachusetts","025","Suffolk","42.3488727124916","-71.0971627875593"
"05/28/2021","AQS","250250002","23","3.8","ug/m3 LC","21","BOSTON KENMORE SQ","1","100.0000","88101","PM2.5 - Local Conditions","736","Teledyne T640 at 5.0 LPM (Corrected)","14460","Boston-Cambridge-Newton, MA-NH","25","Massachusetts","025","Suffolk","42.3488727124916","-71.0971627875593"
"05/29/2021","AQS","250250002","23","4.3","ug/m3 LC","24","BOSTON KENMORE SQ","1","100.0000","88101","PM2.5 - Local Conditions","736","Teledyne T640 at 5.0 LPM (Corrected)","14460","Boston-Cambridge-Newton, MA-NH","25","Massachusetts","025","Suffolk","42.3488727124916","-71.0971627875593"
"05/30/2021","AQS","250250002","23","3.5","ug/m3 LC","19","BOSTON KENMORE SQ","1","100.0000","88101","PM2.5 - Local Conditions","736","Teledyne T640 at 5.0 LPM (Corrected)","14460","Boston-Cambridge-Newton, MA-NH","25","Massachusetts","025","Suffolk","42.3488727124916","-71.0971627875593"
"05/31/2021","AQS","250250002","23","2.3","ug/m3 LC","13","BOSTON KENMORE SQ","1","100.0000","88101","PM2.5 - Local Conditions","736","Teledyne T640 at 5.0 LPM (Corrected)","14460","Boston-Cambridge-Newton, MA-NH","25","Massachusetts","025","Suffolk","42.3488727124916","-71.0971627875593"
"06/01/2021","AQS","250250002","23","5.7","ug/m3 LC","32","BOSTON KENMORE SQ","1","100.0000","88101","PM2.5 - Local Conditions","736","Teledyne T640 at 5.0 LPM (Corrected)","14460","Boston-Cambridge-Newton, MA-NH","25","Massachusetts","025","Suffolk","42.3488727124916","-71.0971627875593"
"06/02/2021","AQS","250250002","23","7.5","ug/m3 LC","42","BOSTON KENMORE SQ","1","100.0000","88101","PM2.5 - Local Conditions","736","Teledyne T640 at 5.0 LPM (Corrected)","14460","Boston-Cambridge-Newton, MA-NH","25","Massachusetts","025","Suffolk","42.3488727124916","-71.0971627875593"
"06/03/2021","AQS","250250002","23","4.1","ug/m3 LC","23","BOSTON KENMORE SQ","1","100.0000","88101","PM2.5 - Local Conditions","736","Teledyne T640 at 5.0 LPM (Corrected)","14460","Boston-Cambridge-Newton, MA-NH","25","Massachusetts","025","Suffolk","42.3488727124916","-71.0971627875593"
"06/04/2021","AQS","250250002","23","5.6","ug/m3 LC","31","BOSTON KENMORE SQ","1","100.0000","88101","PM2.5 - Local Conditions","736","Teledyne T640 at 5.0 LPM (Corrected)","14460","Boston-Cambridge-Newton, MA-NH","25","Massachusetts","025","Suffolk","42.3488727124916","-71.0971627875593"
"06/05/2021","AQS","250250002","23","9","ug/m3 LC","50","BOSTON KENMORE SQ","1","100.0000","88101","PM2.5 - Local Conditions","736","Teledyne T640 at 5.0 LPM (Corrected)","14460","Boston-Cambridge-Newton, MA-NH","25","Massachusetts","025","Suffolk","42.3488727124916","-71.0971627875593"
"06/06/2021","AQS","250250002","23","12.3","ug/m3 LC","57","BOSTON KENMORE SQ","1","100.0000","88101","PM2.5 - Local Conditions","736","Teledyne T640 at 5.0 LPM (Corrected)","14460","Boston-Cambridge-Newton, MA-NH","25","Massachusetts","025","Suffolk","42.3488727124916","-71.0971627875593"
"06/07/2021","AQS","250250002","23","14.2","ug/m3 LC","61","BOSTON KENMORE SQ","1","100.0000","88101","PM2.5 - Local Conditions","736","Teledyne T640 at 5.0 LPM (Corrected)","14460","Boston-Cambridge-Newton, MA-NH","25","Massachusetts","025","Suffolk","42.3488727124916","-71.0971627875593"
"06/08/2021","AQS","250250002","23","10.5","ug/m3 LC","54","BOSTON KENMORE SQ","1","100.0000","88101","PM2.5 - Local Conditions","736","Teledyne T640 at 5.0 LPM (Corrected)","14460","Boston-Cambridge-Newton, MA-NH","25","Massachusetts","025","Suffolk","42.3488727124916","-71.0971627875593"
"06/09/2021","AQS","250250002","23","7.6","ug/m3 LC","42","BOSTON KENMORE SQ","1","100.0000","88101","PM2.5 - Local Conditions","736","Teledyne T640 at 5.0 LPM (Corrected)","14460","Boston-Cambridge-Newton, MA-NH","25","Massachusetts","025","Suffolk","42.3488727124916","-71.0971627875593"
"06/10/2021","AQS","250250002","23","5.7","ug/m3 LC","32","BOSTON KENMORE SQ","1","100.0000","88101","PM2.5 - Local Conditions","736","Teledyne T640 at 5.0 LPM (Corrected)","14460","Boston-Cambridge-Newton, MA-NH","25","Massachusetts","025","Suffolk","42.3488727124916","-71.0971627875593"
"06/11/2021","AQS","250250002","23","6.1","ug/m3 LC","34","BOSTON KENMORE SQ","1","100.0000","88101","PM2.5 - Local Conditions","736","Teledyne T640 at 5.0 LPM (Corrected)","14460","Boston-Cambridge-Newton, MA-NH","25","Massachusetts","025","Suffolk","42.3488727124916","-71.0971627875593"
"06/12/2021","AQS","250250002","23","4.5","ug/m3 LC","25","BOSTON KENMORE SQ","1","100.0000","88101","PM2.5 - Local Conditions","736","Teledyne T640 at 5.0 LPM (Corrected)","14460","Boston-Cambridge-Newton, MA-NH","25","Massachusetts","025","Suffolk","42.3488727124916","-71.0971627875593"
"06/13/2021","AQS","250250002","23","5.5","ug/m3 LC","31","BOSTON KENMORE SQ","1","100.0000","88101","PM2.5 - Local Conditions","736","Teledyne T640 at 5.0 LPM (Corrected)","14460","Boston-Cambridge-Newton, MA-NH","25","Massachusetts","025","Suffolk","42.3488727124916","-71.0971627875593"
"06/14/2021","AQS","250250002","23","4.9","ug/m3 LC","27","BOSTON KENMORE SQ","1","100.0000","88101","PM2.5 - Local Conditions","736","Teledyne T640 at 5.0 LPM (Corrected)","14460","Boston-Cambridge-Newton, MA-NH","25","Massachusetts","025","Suffolk","42.3488727124916","-71.0971627875593"
"06/15/2021","AQS","250250002","23","5.9","ug/m3 LC","33","BOSTON KENMORE SQ","1","100.0000","88101","PM2.5 - Local Conditions","736","Teledyne T640 at 5.0 LPM (Corrected)","14460","Boston-Cambridge-Newton, MA-NH","25","Massachusetts","025","Suffolk","42.3488727124916","-71.0971627875593"
"06/16/2021","AQS","250250002","23","4.3","ug/m3 LC","24","BOSTON KENMORE SQ","1","100.0000","88101","PM2.5 - Local Conditions","736","Teledyne T640 at 5.0 LPM (Corrected)","14460","Boston-Cambridge-Newton, MA-NH","25","Massachusetts","025","Suffolk","42.3488727124916","-71.0971627875593"
"06/17/2021","AQS","250250002","23","4.2","ug/m3 LC","23","BOSTON KENMORE SQ","1","100.0000","88101","PM2.5 - Local Conditions","736","Teledyne T640 at 5.0 LPM (Corrected)","14460","Boston-Cambridge-Newton, MA-NH","25","Massachusetts","025","Suffolk","42.3488727124916","-71.0971627875593"
"06/18/2021","AQS","250250002","23","5","ug/m3 LC","28","BOSTON KENMORE SQ","1","100.0000","88101","PM2.5 - Local Conditions","736","Teledyne T640 at 5.0 LPM (Corrected)","14460","Boston-Cambridge-Newton, MA-NH","25","Massachusetts","025","Suffolk","42.3488727124916","-71.0971627875593"
"06/19/2021","AQS","250250002","23","7.4","ug/m3 LC","41","BOSTON KENMORE SQ","1","100.0000","88101","PM2.5 - Local Conditions","736","Teledyne T640 at 5.0 LPM (Corrected)","14460","Boston-Cambridge-Newton, MA-NH","25","Massachusetts","025","Suffolk","42.3488727124916","-71.0971627875593"
"06/20/2021","AQS","250250002","23","5.9","ug/m3 LC","33","BOSTON KENMORE SQ","1","100.0000","88101","PM2.5 - Local Conditions","736","Teledyne T640 at 5.0 LPM (Corrected)","14460","Boston-Cambridge-Newton, MA-NH","25","Massachusetts","025","Suffolk","42.3488727124916","-71.0971627875593"
"06/21/2021","AQS","250250002","23","9.9","ug/m3 LC","52","BOSTON KENMORE SQ","1","100.0000","88101","PM2.5 - Local Conditions","736","Teledyne T640 at 5.0 LPM (Corrected)","14460","Boston-Cambridge-Newton, MA-NH","25","Massachusetts","025","Suffolk","42.3488727124916","-71.0971627875593"
"06/22/2021","AQS","250250002","23","5.4","ug/m3 LC","30","BOSTON KENMORE SQ","1","100.0000","88101","PM2.5 - Local Conditions","736","Teledyne T640 at 5.0 LPM (Corrected)","14460","Boston-Cambridge-Newton, MA-NH","25","Massachusetts","025","Suffolk","42.3488727124916","-71.0971627875593"
"06/23/2021","AQS","250250002","23","3","ug/m3 LC","17","BOSTON KENMORE SQ","1","100.0000","88101","PM2.5 - Local Conditions","736","Teledyne T640 at 5.0 LPM (Corrected)","14460","Boston-Cambridge-Newton, MA-NH","25","Massachusetts","025","Suffolk","42.3488727124916","-71.0971627875593"
"06/24/2021","AQS","250250002","23","4.3","ug/m3 LC","24","BOSTON KENMORE SQ","1","100.0000","88101","PM2.5 - Local Conditions","736","Teledyne T640 at 5.0 LPM (Corrected)","14460","Boston-Cambridge-Newton, MA-NH","25","Massachusetts","025","Suffolk","42.3488727124916","-71.0971627875593"
"06/25/2021","AQS","250250002","23","4.9","ug/m3 LC","27","BOSTON KENMORE SQ","1","100.0000","88101","PM2.5 - Local Conditions","736","Teledyne T640 at 5.0 LPM (Corrected)","14460","Boston-Cambridge-Newton, MA-NH","25","Massachusetts","025","Suffolk","42.3488727124916","-71.0971627875593"
"06/26/2021","AQS","250250002","23","5.9","ug/m3 LC","33","BOSTON KENMORE SQ","1","100.0000","88101","PM2.5 - Local Conditions","736","Teledyne T640 at 5.0 LPM (Corrected)","14460","Boston-Cambridge-Newton, MA-NH","25","Massachusetts","025","Suffolk","42.3488727124916","-71.0971627875593"
"06/27/2021","AQS","250250002","23","8.2","ug/m3 LC","46","BOSTON KENMORE SQ","1","100.0000","88101","PM2.5 - Local Conditions","736","Teledyne T640 at 5.0 LPM (Corrected)","14460","Boston-Cambridge-Newton, MA-NH","25","Massachusetts","025","Suffolk","42.3488727124916","-71.0971627875593"
"06/28/2021","AQS","250250002","23","8.9","ug/m3 LC","49","BOSTON KENMORE SQ","1","100.0000","88101","PM2.5 - Local Conditions","736","Teledyne T640 at 5.0 LPM (Corrected)","14460","Boston-Cambridge-Newton, MA-NH","25","Massachusetts","025","Suffolk","42.3488727124916","-71.0971627875593"
"06/29/2021","AQS","250250002","23","7.9","ug/m3 LC","44","BOSTON KENMORE SQ","1","100.0000","88101","PM2.5 - Local Conditions","736","Teledyne T640 at 5.0 LPM (Corrected)","14460","Boston-Cambridge-Newton, MA-NH","25","Massachusetts","025","Suffolk","42.3488727124916","-71.0971627875593"
"06/30/2021","AQS","250250002","23","6.4","ug/m3 LC","36","BOSTON KENMORE SQ","1","100.0000","88101","PM2.5 - Local Conditions","736","Teledyne T640 at 5.0 LPM (Corrected)","14460","Boston-Cambridge-Newton, MA-NH","25","Massachusetts","025","Suffolk","42.3488727124916","-71.0971627875593"
"07/01/2021","AQS","250250002","23","5.6","ug/m3 LC","31","BOSTON KENMORE SQ","1","100.0000","88101","PM2.5 - Local Conditions","736","Teledyne T640 at 5.0 LPM (Corrected)","14460","Boston-Cambridge-Newton, MA-NH","25","Massachusetts","025","Suffolk","42.3488727124916","-71.0971627875593"
"07/02/2021","AQS","250250002","23","3.7","ug/m3 LC","21","BOSTON KENMORE SQ","1","100.0000","88101","PM2.5 - Local Conditions","736","Teledyne T640 at 5.0 LPM (Corrected)","14460","Boston-Cambridge-Newton, MA-NH","25","Massachusetts","025","Suffolk","42.3488727124916","-71.0971627875593"
"07/03/2021","AQS","250250002","23","2.5","ug/m3 LC","14","BOSTON KENMORE SQ","1","100.0000","88101","PM2.5 - Local Conditions","736","Teledyne T640 at 5.0 LPM (Corrected)","14460","Boston-Cambridge-Newton, MA-NH","25","Massachusetts","025","Suffolk","42.3488727124916","-71.0971627875593"
"07/04/2021","AQS","250250002","23","2.6","ug/m3 LC","14","BOSTON KENMORE SQ","1","100.0000","88101","PM2.5 - Local Conditions","736","Teledyne T640 at 5.0 LPM (Corrected)","14460","Boston-Cambridge-Newton, MA-NH","25","Massachusetts","025","Suffolk","42.3488727124916","-71.0971627875593"
"07/05/2021","AQS","250250002","23","3.8","ug/m3 LC","21","BOSTON KENMORE SQ","1","100.0000","88101","PM2.5 - Local Conditions","736","Teledyne T640 at 5.0 LPM (Corrected)","14460","Boston-Cambridge-Newton, MA-NH","25","Massachusetts","025","Suffolk","42.3488727124916","-71.0971627875593"
"07/06/2021","AQS","250250002","23","10.3","ug/m3 LC","53","BOSTON KENMORE SQ","1","100.0000","88101","PM2.5 - Local Conditions","736","Teledyne T640 at 5.0 LPM (Corrected)","14460","Boston-Cambridge-Newton, MA-NH","25","Massachusetts","025","Suffolk","42.3488727124916","-71.0971627875593"
"07/07/2021","AQS","250250002","23","16.2","ug/m3 LC","64","BOSTON KENMORE SQ","1","100.0000","88101","PM2.5 - Local Conditions","736","Teledyne T640 at 5.0 LPM (Corrected)","14460","Boston-Cambridge-Newton, MA-NH","25","Massachusetts","025","Suffolk","42.3488727124916","-71.0971627875593"
"07/08/2021","AQS","250250002","23","6.5","ug/m3 LC","36","BOSTON KENMORE SQ","1","100.0000","88101","PM2.5 - Local Conditions","736","Teledyne T640 at 5.0 LPM (Corrected)","14460","Boston-Cambridge-Newton, MA-NH","25","Massachusetts","025","Suffolk","42.3488727124916","-71.0971627875593"
"07/09/2021","AQS","250250002","23","3.5","ug/m3 LC","19","BOSTON KENMORE SQ","1","100.0000","88101","PM2.5 - Local Conditions","736","Teledyne T640 at 5.0 LPM (Corrected)","14460","Boston-Cambridge-Newton, MA-NH","25","Massachusetts","025","Suffolk","42.3488727124916","-71.0971627875593"
"07/10/2021","AQS","250250002","23","5.5","ug/m3 LC","31","BOSTON KENMORE SQ","1","100.0000","88101","PM2.5 - Local Conditions","736","Teledyne T640 at 5.0 LPM (Corrected)","14460","Boston-Cambridge-Newton, MA-NH","25","Massachusetts","025","Suffolk","42.3488727124916","-71.0971627875593"
"07/11/2021","AQS","250250002","23","7.2","ug/m3 LC","40","BOSTON KENMORE SQ","1","100.0000","88101","PM2.5 - Local Conditions","736","Teledyne T640 at 5.0 LPM (Corrected)","14460","Boston-Cambridge-Newton, MA-NH","25","Massachusetts","025","Suffolk","42.3488727124916","-71.0971627875593"
"07/12/2021","AQS","250250002","23","5.4","ug/m3 LC","30","BOSTON KENMORE SQ","1","100.0000","88101","PM2.5 - Local Conditions","736","Teledyne T640 at 5.0 LPM (Corrected)","14460","Boston-Cambridge-Newton, MA-NH","25","Massachusetts","025","Suffolk","42.3488727124916","-71.0971627875593"
"07/13/2021","AQS","250250002","23","5.6","ug/m3 LC","31","BOSTON KENMORE SQ","1","100.0000","88101","PM2.5 - Local Conditions","736","Teledyne T640 at 5.0 LPM (Corrected)","14460","Boston-Cambridge-Newton, MA-NH","25","Massachusetts","025","Suffolk","42.3488727124916","-71.0971627875593"
"07/14/2021","AQS","250250002","23","8.1","ug/m3 LC","45","BOSTON KENMORE SQ","1","100.0000","88101","PM2.5 - Local Conditions","736","Teledyne T640 at 5.0 LPM (Corrected)","14460","Boston-Cambridge-Newton, MA-NH","25","Massachusetts","025","Suffolk","42.3488727124916","-71.0971627875593"
"07/15/2021","AQS","250250002","23","6.7","ug/m3 LC","37","BOSTON KENMORE SQ","1","100.0000","88101","PM2.5 - Local Conditions","736","Teledyne T640 at 5.0 LPM (Corrected)","14460","Boston-Cambridge-Newton, MA-NH","25","Massachusetts","025","Suffolk","42.3488727124916","-71.0971627875593"
"07/16/2021","AQS","250250002","23","10.9","ug/m3 LC","54","BOSTON KENMORE SQ","1","100.0000","88101","PM2.5 - Local Conditions","736","Teledyne T640 at 5.0 LPM (Corrected)","14460","Boston-Cambridge-Newton, MA-NH","25","Massachusetts","025","Suffolk","42.3488727124916","-71.0971627875593"
"07/17/2021","AQS","250250002","23","8.6","ug/m3 LC","48","BOSTON KENMORE SQ","1","100.0000","88101","PM2.5 - Local Conditions","736","Teledyne T640 at 5.0 LPM (Corrected)","14460","Boston-Cambridge-Newton, MA-NH","25","Massachusetts","025","Suffolk","42.3488727124916","-71.0971627875593"
"07/18/2021","AQS","250250002","23","6.1","ug/m3 LC","34","BOSTON KENMORE SQ","1","100.0000","88101","PM2.5 - Local Conditions","736","Teledyne T640 at 5.0 LPM (Corrected)","14460","Boston-Cambridge-Newton, MA-NH","25","Massachusetts","025","Suffolk","42.3488727124916","-71.0971627875593"
"07/19/2021","AQS","250250002","23","4.3","ug/m3 LC","24","BOSTON KENMORE SQ","1","100.0000","88101","PM2.5 - Local Conditions","736","Teledyne T640 at 5.0 LPM (Corrected)","14460","Boston-Cambridge-Newton, MA-NH","25","Massachusetts","025","Suffolk","42.3488727124916","-71.0971627875593"
"07/20/2021","AQS","250250002","23","34.1","ug/m3 LC","98","BOSTON KENMORE SQ","1","100.0000","88101","PM2.5 - Local Conditions","736","Teledyne T640 at 5.0 LPM (Corrected)","14460","Boston-Cambridge-Newton, MA-NH","25","Massachusetts","025","Suffolk","42.3488727124916","-71.0971627875593"
"07/21/2021","AQS","250250002","23","16.4","ug/m3 LC","65","BOSTON KENMORE SQ","1","100.0000","88101","PM2.5 - Local Conditions","736","Teledyne T640 at 5.0 LPM (Corrected)","14460","Boston-Cambridge-Newton, MA-NH","25","Massachusetts","025","Suffolk","42.3488727124916","-71.0971627875593"
"07/22/2021","AQS","250250002","23","7","ug/m3 LC","39","BOSTON KENMORE SQ","1","100.0000","88101","PM2.5 - Local Conditions","736","Teledyne T640 at 5.0 LPM (Corrected)","14460","Boston-Cambridge-Newton, MA-NH","25","Massachusetts","025","Suffolk","42.3488727124916","-71.0971627875593"
"07/23/2021","AQS","250250002","23","8.6","ug/m3 LC","48","BOSTON KENMORE SQ","1","100.0000","88101","PM2.5 - Local Conditions","736","Teledyne T640 at 5.0 LPM (Corrected)","14460","Boston-Cambridge-Newton, MA-NH","25","Massachusetts","025","Suffolk","42.3488727124916","-71.0971627875593"
"07/24/2021","AQS","250250002","23","7.2","ug/m3 LC","40","BOSTON KENMORE SQ","1","100.0000","88101","PM2.5 - Local Conditions","736","Teledyne T640 at 5.0 LPM (Corrected)","14460","Boston-Cambridge-Newton, MA-NH","25","Massachusetts","025","Suffolk","42.3488727124916","-71.0971627875593"
"07/25/2021","AQS","250250002","23","10.3","ug/m3 LC","53","BOSTON KENMORE SQ","1","100.0000","88101","PM2.5 - Local Conditions","736","Teledyne T640 at 5.0 LPM (Corrected)","14460","Boston-Cambridge-Newton, MA-NH","25","Massachusetts","025","Suffolk","42.3488727124916","-71.0971627875593"
"07/26/2021","AQS","250250002","23","50.8","ug/m3 LC","139","BOSTON KENMORE SQ","1","100.0000","88101","PM2.5 - Local Conditions","736","Teledyne T640 at 5.0 LPM (Corrected)","14460","Boston-Cambridge-Newton, MA-NH","25","Massachusetts","025","Suffolk","42.3488727124916","-71.0971627875593"
"07/27/2021","AQS","250250002","23","24.6","ug/m3 LC","80","BOSTON KENMORE SQ","1","100.0000","88101","PM2.5 - Local Conditions","736","Teledyne T640 at 5.0 LPM (Corrected)","14460","Boston-Cambridge-Newton, MA-NH","25","Massachusetts","025","Suffolk","42.3488727124916","-71.0971627875593"
"07/28/2021","AQS","250250002","23","8.8","ug/m3 LC","49","BOSTON KENMORE SQ","1","100.0000","88101","PM2.5 - Local Conditions","736","Teledyne T640 at 5.0 LPM (Corrected)","14460","Boston-Cambridge-Newton, MA-NH","25","Massachusetts","025","Suffolk","42.3488727124916","-71.0971627875593"
"07/29/2021","AQS","250250002","23","6.9","ug/m3 LC","38","BOSTON KENMORE SQ","1","100.0000","88101","PM2.5 - Local Conditions","736","Teledyne T640 at 5.0 LPM (Corrected)","14460","Boston-Cambridge-Newton, MA-NH","25","Massachusetts","025","Suffolk","42.3488727124916","-71.0971627875593"
"07/30/2021","AQS","250250002","23","5.7","ug/m3 LC","32","BOSTON KENMORE SQ","1","100.0000","88101","PM2.5 - Local Conditions","736","Teledyne T640 at 5.0 LPM (Corrected)","14460","Boston-Cambridge-Newton, MA-NH","25","Massachusetts","025","Suffolk","42.3488727124916","-71.0971627875593"
"07/31/2021","AQS","250250002","23","3.1","ug/m3 LC","17","BOSTON KENMORE SQ","1","100.0000","88101","PM2.5 - Local Conditions","736","Teledyne T640 at 5.0 LPM (Corrected)","14460","Boston-Cambridge-Newton, MA-NH","25","Massachusetts","025","Suffolk","42.3488727124916","-71.0971627875593"
"08/01/2021","AQS","250250002","23","4.8","ug/m3 LC","27","BOSTON KENMORE SQ","1","100.0000","88101","PM2.5 - Local Conditions","736","Teledyne T640 at 5.0 LPM (Corrected)","14460","Boston-Cambridge-Newton, MA-NH","25","Massachusetts","025","Suffolk","42.3488727124916","-71.0971627875593"
"08/02/2021","AQS","250250002","23","5.5","ug/m3 LC","31","BOSTON KENMORE SQ","1","100.0000","88101","PM2.5 - Local Conditions","736","Teledyne T640 at 5.0 LPM (Corrected)","14460","Boston-Cambridge-Newton, MA-NH","25","Massachusetts","025","Suffolk","42.3488727124916","-71.0971627875593"
"08/03/2021","AQS","250250002","23","6.8","ug/m3 LC","38","BOSTON KENMORE SQ","1","100.0000","88101","PM2.5 - Local Conditions","736","Teledyne T640 at 5.0 LPM (Corrected)","14460","Boston-Cambridge-Newton, MA-NH","25","Massachusetts","025","Suffolk","42.3488727124916","-71.0971627875593"
"08/04/2021","AQS","250250002","23","7.8","ug/m3 LC","43","BOSTON KENMORE SQ","1","100.0000","88101","PM2.5 - Local Conditions","736","Teledyne T640 at 5.0 LPM (Corrected)","14460","Boston-Cambridge-Newton, MA-NH","25","Massachusetts","025","Suffolk","42.3488727124916","-71.0971627875593"
"08/05/2021","AQS","250250002","23","2.4","ug/m3 LC","13","BOSTON KENMORE SQ","1","100.0000","88101","PM2.5 - Local Conditions","736","Teledyne T640 at 5.0 LPM (Corrected)","14460","Boston-Cambridge-Newton, MA-NH","25","Massachusetts","025","Suffolk","42.3488727124916","-71.0971627875593"
"08/06/2021","AQS","250250002","23","11.7","ug/m3 LC","56","BOSTON KENMORE SQ","1","100.0000","88101","PM2.5 - Local Conditions","736","Teledyne T640 at 5.0 LPM (Corrected)","14460","Boston-Cambridge-Newton, MA-NH","25","Massachusetts","025","Suffolk","42.3488727124916","-71.0971627875593"
"08/07/2021","AQS","250250002","23","12.7","ug/m3 LC","58","BOSTON KENMORE SQ","1","100.0000","88101","PM2.5 - Local Conditions","736","Teledyne T640 at 5.0 LPM (Corrected)","14460","Boston-Cambridge-Newton, MA-NH","25","Massachusetts","025","Suffolk","42.3488727124916","-71.0971627875593"
"08/08/2021","AQS","250250002","23","14","ug/m3 LC","60","BOSTON KENMORE SQ","1","100.0000","88101","PM2.5 - Local Conditions","736","Teledyne T640 at 5.0 LPM (Corrected)","14460","Boston-Cambridge-Newton, MA-NH","25","Massachusetts","025","Suffolk","42.3488727124916","-71.0971627875593"
"08/09/2021","AQS","250250002","23","12.7","ug/m3 LC","58","BOSTON KENMORE SQ","1","100.0000","88101","PM2.5 - Local Conditions","736","Teledyne T640 at 5.0 LPM (Corrected)","14460","Boston-Cambridge-Newton, MA-NH","25","Massachusetts","025","Suffolk","42.3488727124916","-71.0971627875593"
"08/10/2021","AQS","250250002","23","5.1","ug/m3 LC","28","BOSTON KENMORE SQ","1","100.0000","88101","PM2.5 - Local Conditions","736","Teledyne T640 at 5.0 LPM (Corrected)","14460","Boston-Cambridge-Newton, MA-NH","25","Massachusetts","025","Suffolk","42.3488727124916","-71.0971627875593"
"08/11/2021","AQS","250250002","23","10.6","ug/m3 LC","54","BOSTON KENMORE SQ","1","100.0000","88101","PM2.5 - Local Conditions","736","Teledyne T640 at 5.0 LPM (Corrected)","14460","Boston-Cambridge-Newton, MA-NH","25","Massachusetts","025","Suffolk","42.3488727124916","-71.0971627875593"
"08/12/2021","AQS","250250002","23","9.6","ug/m3 LC","52","BOSTON KENMORE SQ","1","100.0000","88101","PM2.5 - Local Conditions","736","Teledyne T640 at 5.0 LPM (Corrected)","14460","Boston-Cambridge-Newton, MA-NH","25","Massachusetts","025","Suffolk","42.3488727124916","-71.0971627875593"
"08/13/2021","AQS","250250002","23","8.7","ug/m3 LC","48","BOSTON KENMORE SQ","1","100.0000","88101","PM2.5 - Local Conditions","736","Teledyne T640 at 5.0 LPM (Corrected)","14460","Boston-Cambridge-Newton, MA-NH","25","Massachusetts","025","Suffolk","42.3488727124916","-71.0971627875593"
"08/14/2021","AQS","250250002","23","8","ug/m3 LC","44","BOSTON KENMORE SQ","1","100.0000","88101","PM2.5 - Local Conditions","736","Teledyne T640 at 5.0 LPM (Corrected)","14460","Boston-Cambridge-Newton, MA-NH","25","Massachusetts","025","Suffolk","42.3488727124916","-71.0971627875593"
"08/15/2021","AQS","250250002","23","5","ug/m3 LC","28","BOSTON KENMORE SQ","1","100.0000","88101","PM2.5 - Local Conditions","736","Teledyne T640 at 5.0 LPM (Corrected)","14460","Boston-Cambridge-Newton, MA-NH","25","Massachusetts","025","Suffolk","42.3488727124916","-71.0971627875593"
"08/16/2021","AQS","250250002","23","5.7","ug/m3 LC","32","BOSTON KENMORE SQ","1","100.0000","88101","PM2.5 - Local Conditions","736","Teledyne T640 at 5.0 LPM (Corrected)","14460","Boston-Cambridge-Newton, MA-NH","25","Massachusetts","025","Suffolk","42.3488727124916","-71.0971627875593"
"08/17/2021","AQS","250250002","23","6.8","ug/m3 LC","38","BOSTON KENMORE SQ","1","100.0000","88101","PM2.5 - Local Conditions","736","Teledyne T640 at 5.0 LPM (Corrected)","14460","Boston-Cambridge-Newton, MA-NH","25","Massachusetts","025","Suffolk","42.3488727124916","-71.0971627875593"
"08/18/2021","AQS","250250002","23","5.6","ug/m3 LC","31","BOSTON KENMORE SQ","1","100.0000","88101","PM2.5 - Local Conditions","736","Teledyne T640 at 5.0 LPM (Corrected)","14460","Boston-Cambridge-Newton, MA-NH","25","Massachusetts","025","Suffolk","42.3488727124916","-71.0971627875593"
"08/19/2021","AQS","250250002","23","5.9","ug/m3 LC","33","BOSTON KENMORE SQ","1","100.0000","88101","PM2.5 - Local Conditions","736","Teledyne T640 at 5.0 LPM (Corrected)","14460","Boston-Cambridge-Newton, MA-NH","25","Massachusetts","025","Suffolk","42.3488727124916","-71.0971627875593"
"08/20/2021","AQS","250250002","23","4.3","ug/m3 LC","24","BOSTON KENMORE SQ","1","100.0000","88101","PM2.5 - Local Conditions","736","Teledyne T640 at 5.0 LPM (Corrected)","14460","Boston-Cambridge-Newton, MA-NH","25","Massachusetts","025","Suffolk","42.3488727124916","-71.0971627875593"
"08/21/2021","AQS","250250002","23","4.2","ug/m3 LC","23","BOSTON KENMORE SQ","1","100.0000","88101","PM2.5 - Local Conditions","736","Teledyne T640 at 5.0 LPM (Corrected)","14460","Boston-Cambridge-Newton, MA-NH","25","Massachusetts","025","Suffolk","42.3488727124916","-71.0971627875593"
"08/22/2021","AQS","250250002","23","4.5","ug/m3 LC","25","BOSTON KENMORE SQ","1","100.0000","88101","PM2.5 - Local Conditions","736","Teledyne T640 at 5.0 LPM (Corrected)","14460","Boston-Cambridge-Newton, MA-NH","25","Massachusetts","025","Suffolk","42.3488727124916","-71.0971627875593"
"08/23/2021","AQS","250250002","23","5.3","ug/m3 LC","29","BOSTON KENMORE SQ","1","100.0000","88101","PM2.5 - Local Conditions","736","Teledyne T640 at 5.0 LPM (Corrected)","14460","Boston-Cambridge-Newton, MA-NH","25","Massachusetts","025","Suffolk","42.3488727124916","-71.0971627875593"
"08/24/2021","AQS","250250002","23","4.7","ug/m3 LC","26","BOSTON KENMORE SQ","1","100.0000","88101","PM2.5 - Local Conditions","736","Teledyne T640 at 5.0 LPM (Corrected)","14460","Boston-Cambridge-Newton, MA-NH","25","Massachusetts","025","Suffolk","42.3488727124916","-71.0971627875593"
"08/25/2021","AQS","250250002","23","17.1","ug/m3 LC","66","BOSTON KENMORE SQ","1","100.0000","88101","PM2.5 - Local Conditions","736","Teledyne T640 at 5.0 LPM (Corrected)","14460","Boston-Cambridge-Newton, MA-NH","25","Massachusetts","025","Suffolk","42.3488727124916","-71.0971627875593"
"08/26/2021","AQS","250250002","23","17","ug/m3 LC","66","BOSTON KENMORE SQ","1","100.0000","88101","PM2.5 - Local Conditions","736","Teledyne T640 at 5.0 LPM (Corrected)","14460","Boston-Cambridge-Newton, MA-NH","25","Massachusetts","025","Suffolk","42.3488727124916","-71.0971627875593"
"08/27/2021","AQS","250250002","23","13.4","ug/m3 LC","59","BOSTON KENMORE SQ","1","100.0000","88101","PM2.5 - Local Conditions","736","Teledyne T640 at 5.0 LPM (Corrected)","14460","Boston-Cambridge-Newton, MA-NH","25","Massachusetts","025","Suffolk","42.3488727124916","-71.0971627875593"
"08/28/2021","AQS","250250002","23","4","ug/m3 LC","22","BOSTON KENMORE SQ","1","100.0000","88101","PM2.5 - Local Conditions","736","Teledyne T640 at 5.0 LPM (Corrected)","14460","Boston-Cambridge-Newton, MA-NH","25","Massachusetts","025","Suffolk","42.3488727124916","-71.0971627875593"
"08/29/2021","AQS","250250002","23","4.3","ug/m3 LC","24","BOSTON KENMORE SQ","1","100.0000","88101","PM2.5 - Local Conditions","736","Teledyne T640 at 5.0 LPM (Corrected)","14460","Boston-Cambridge-Newton, MA-NH","25","Massachusetts","025","Suffolk","42.3488727124916","-71.0971627875593"
"08/30/2021","AQS","250250002","23","7.1","ug/m3 LC","39","BOSTON KENMORE SQ","1","100.0000","88101","PM2.5 - Local Conditions","736","Teledyne T640 at 5.0 LPM (Corrected)","14460","Boston-Cambridge-Newton, MA-NH","25","Massachusetts","025","Suffolk","42.3488727124916","-71.0971627875593"
"08/31/2021","AQS","250250002","23","7.1","ug/m3 LC","39","BOSTON KENMORE SQ","1","100.0000","88101","PM2.5 - Local Conditions","736","Teledyne T640 at 5.0 LPM (Corrected)","14460","Boston-Cambridge-Newton, MA-NH","25","Massachusetts","025","Suffolk","42.3488727124916","-71.0971627875593"
"09/01/2021","AQS","250250002","23","6.5","ug/m3 LC","36","BOSTON KENMORE SQ","1","100.0000","88101","PM2.5 - Local Conditions","736","Teledyne T640 at 5.0 LPM (Corrected)","14460","Boston-Cambridge-Newton, MA-NH","25","Massachusetts","025","Suffolk","42.3488727124916","-71.0971627875593"
"09/02/2021","AQS","250250002","23","3","ug/m3 LC","17","BOSTON KENMORE SQ","1","100.0000","88101","PM2.5 - Local Conditions","736","Teledyne T640 at 5.0 LPM (Corrected)","14460","Boston-Cambridge-Newton, MA-NH","25","Massachusetts","025","Suffolk","42.3488727124916","-71.0971627875593"
"09/03/2021","AQS","250250002","23","3.1","ug/m3 LC","17","BOSTON KENMORE SQ","1","100.0000","88101","PM2.5 - Local Conditions","736","Teledyne T640 at 5.0 LPM (Corrected)","14460","Boston-Cambridge-Newton, MA-NH","25","Massachusetts","025","Suffolk","42.3488727124916","-71.0971627875593"
"09/04/2021","AQS","250250002","23","2.5","ug/m3 LC","14","BOSTON KENMORE SQ","1","100.0000","88101","PM2.5 - Local Conditions","736","Teledyne T640 at 5.0 LPM (Corrected)","14460","Boston-Cambridge-Newton, MA-NH","25","Massachusetts","025","Suffolk","42.3488727124916","-71.0971627875593"
"09/05/2021","AQS","250250002","23","4.7","ug/m3 LC","26","BOSTON KENMORE SQ","1","100.0000","88101","PM2.5 - Local Conditions","736","Teledyne T640 at 5.0 LPM (Corrected)","14460","Boston-Cambridge-Newton, MA-NH","25","Massachusetts","025","Suffolk","42.3488727124916","-71.0971627875593"
"09/06/2021","AQS","250250002","23","5","ug/m3 LC","28","BOSTON KENMORE SQ","1","100.0000","88101","PM2.5 - Local Conditions","736","Teledyne T640 at 5.0 LPM (Corrected)","14460","Boston-Cambridge-Newton, MA-NH","25","Massachusetts","025","Suffolk","42.3488727124916","-71.0971627875593"
"09/07/2021","AQS","250250002","23","3.3","ug/m3 LC","18","BOSTON KENMORE SQ","1","100.0000","88101","PM2.5 - Local Conditions","736","Teledyne T640 at 5.0 LPM (Corrected)","14460","Boston-Cambridge-Newton, MA-NH","25","Massachusetts","025","Suffolk","42.3488727124916","-71.0971627875593"
"09/08/2021","AQS","250250002","23","6.9","ug/m3 LC","38","BOSTON KENMORE SQ","1","100.0000","88101","PM2.5 - Local Conditions","736","Teledyne T640 at 5.0 LPM (Corrected)","14460","Boston-Cambridge-Newton, MA-NH","25","Massachusetts","025","Suffolk","42.3488727124916","-71.0971627875593"
"09/09/2021","AQS","250250002","23","6.4","ug/m3 LC","36","BOSTON KENMORE SQ","1","100.0000","88101","PM2.5 - Local Conditions","736","Teledyne T640 at 5.0 LPM (Corrected)","14460","Boston-Cambridge-Newton, MA-NH","25","Massachusetts","025","Suffolk","42.3488727124916","-71.0971627875593"
"09/10/2021","AQS","250250002","23","4.1","ug/m3 LC","23","BOSTON KENMORE SQ","1","100.0000","88101","PM2.5 - Local Conditions","736","Teledyne T640 at 5.0 LPM (Corrected)","14460","Boston-Cambridge-Newton, MA-NH","25","Massachusetts","025","Suffolk","42.3488727124916","-71.0971627875593"
"09/11/2021","AQS","250250002","23","4.6","ug/m3 LC","26","BOSTON KENMORE SQ","1","100.0000","88101","PM2.5 - Local Conditions","736","Teledyne T640 at 5.0 LPM (Corrected)","14460","Boston-Cambridge-Newton, MA-NH","25","Massachusetts","025","Suffolk","42.3488727124916","-71.0971627875593"
"09/12/2021","AQS","250250002","23","7.1","ug/m3 LC","39","BOSTON KENMORE SQ","1","100.0000","88101","PM2.5 - Local Conditions","736","Teledyne T640 at 5.0 LPM (Corrected)","14460","Boston-Cambridge-Newton, MA-NH","25","Massachusetts","025","Suffolk","42.3488727124916","-71.0971627875593"
"09/13/2021","AQS","250250002","23","7.1","ug/m3 LC","39","BOSTON KENMORE SQ","1","100.0000","88101","PM2.5 - Local Conditions","736","Teledyne T640 at 5.0 LPM (Corrected)","14460","Boston-Cambridge-Newton, MA-NH","25","Massachusetts","025","Suffolk","42.3488727124916","-71.0971627875593"
"09/14/2021","AQS","250250002","23","4.1","ug/m3 LC","23","BOSTON KENMORE SQ","1","100.0000","88101","PM2.5 - Local Conditions","736","Teledyne T640 at 5.0 LPM (Corrected)","14460","Boston-Cambridge-Newton, MA-NH","25","Massachusetts","025","Suffolk","42.3488727124916","-71.0971627875593"
"09/15/2021","AQS","250250002","23","11.2","ug/m3 LC","55","BOSTON KENMORE SQ","1","100.0000","88101","PM2.5 - Local Conditions","736","Teledyne T640 at 5.0 LPM (Corrected)","14460","Boston-Cambridge-Newton, MA-NH","25","Massachusetts","025","Suffolk","42.3488727124916","-71.0971627875593"
"09/16/2021","AQS","250250002","23","6","ug/m3 LC","33","BOSTON KENMORE SQ","1","100.0000","88101","PM2.5 - Local Conditions","736","Teledyne T640 at 5.0 LPM (Corrected)","14460","Boston-Cambridge-Newton, MA-NH","25","Massachusetts","025","Suffolk","42.3488727124916","-71.0971627875593"
"09/17/2021","AQS","250250002","23","5.7","ug/m3 LC","32","BOSTON KENMORE SQ","1","100.0000","88101","PM2.5 - Local Conditions","736","Teledyne T640 at 5.0 LPM (Corrected)","14460","Boston-Cambridge-Newton, MA-NH","25","Massachusetts","025","Suffolk","42.3488727124916","-71.0971627875593"
"09/18/2021","AQS","250250002","23","6.2","ug/m3 LC","34","BOSTON KENMORE SQ","1","100.0000","88101","PM2.5 - Local Conditions","736","Teledyne T640 at 5.0 LPM (Corrected)","14460","Boston-Cambridge-Newton, MA-NH","25","Massachusetts","025","Suffolk","42.3488727124916","-71.0971627875593"
"09/19/2021","AQS","250250002","23","4.4","ug/m3 LC","24","BOSTON KENMORE SQ","1","100.0000","88101","PM2.5 - Local Conditions","736","Teledyne T640 at 5.0 LPM (Corrected)","14460","Boston-Cambridge-Newton, MA-NH","25","Massachusetts","025","Suffolk","42.3488727124916","-71.0971627875593"
"09/20/2021","AQS","250250002","23","4.4","ug/m3 LC","24","BOSTON KENMORE SQ","1","100.0000","88101","PM2.5 - Local Conditions","736","Teledyne T640 at 5.0 LPM (Corrected)","14460","Boston-Cambridge-Newton, MA-NH","25","Massachusetts","025","Suffolk","42.3488727124916","-71.0971627875593"
"09/21/2021","AQS","250250002","23","5.3","ug/m3 LC","29","BOSTON KENMORE SQ","1","100.0000","88101","PM2.5 - Local Conditions","736","Teledyne T640 at 5.0 LPM (Corrected)","14460","Boston-Cambridge-Newton, MA-NH","25","Massachusetts","025","Suffolk","42.3488727124916","-71.0971627875593"
"09/22/2021","AQS","250250002","23","5.9","ug/m3 LC","33","BOSTON KENMORE SQ","1","100.0000","88101","PM2.5 - Local Conditions","736","Teledyne T640 at 5.0 LPM (Corrected)","14460","Boston-Cambridge-Newton, MA-NH","25","Massachusetts","025","Suffolk","42.3488727124916","-71.0971627875593"
"09/23/2021","AQS","250250002","23","5.3","ug/m3 LC","29","BOSTON KENMORE SQ","1","100.0000","88101","PM2.5 - Local Conditions","736","Teledyne T640 at 5.0 LPM (Corrected)","14460","Boston-Cambridge-Newton, MA-NH","25","Massachusetts","025","Suffolk","42.3488727124916","-71.0971627875593"
"09/24/2021","AQS","250250002","23","5.1","ug/m3 LC","28","BOSTON KENMORE SQ","1","100.0000","88101","PM2.5 - Local Conditions","736","Teledyne T640 at 5.0 LPM (Corrected)","14460","Boston-Cambridge-Newton, MA-NH","25","Massachusetts","025","Suffolk","42.3488727124916","-71.0971627875593"
"09/25/2021","AQS","250250002","23","4.2","ug/m3 LC","23","BOSTON KENMORE SQ","1","100.0000","88101","PM2.5 - Local Conditions","736","Teledyne T640 at 5.0 LPM (Corrected)","14460","Boston-Cambridge-Newton, MA-NH","25","Massachusetts","025","Suffolk","42.3488727124916","-71.0971627875593"
"09/26/2021","AQS","250250002","23","4.3","ug/m3 LC","24","BOSTON KENMORE SQ","1","100.0000","88101","PM2.5 - Local Conditions","736","Teledyne T640 at 5.0 LPM (Corrected)","14460","Boston-Cambridge-Newton, MA-NH","25","Massachusetts","025","Suffolk","42.3488727124916","-71.0971627875593"
"09/27/2021","AQS","250250002","23","4.3","ug/m3 LC","24","BOSTON KENMORE SQ","1","100.0000","88101","PM2.5 - Local Conditions","736","Teledyne T640 at 5.0 LPM (Corrected)","14460","Boston-Cambridge-Newton, MA-NH","25","Massachusetts","025","Suffolk","42.3488727124916","-71.0971627875593"
"09/28/2021","AQS","250250002","23","6","ug/m3 LC","33","BOSTON KENMORE SQ","1","100.0000","88101","PM2.5 - Local Conditions","736","Teledyne T640 at 5.0 LPM (Corrected)","14460","Boston-Cambridge-Newton, MA-NH","25","Massachusetts","025","Suffolk","42.3488727124916","-71.0971627875593"
"09/29/2021","AQS","250250002","23","3.5","ug/m3 LC","19","BOSTON KENMORE SQ","1","100.0000","88101","PM2.5 - Local Conditions","736","Teledyne T640 at 5.0 LPM (Corrected)","14460","Boston-Cambridge-Newton, MA-NH","25","Massachusetts","025","Suffolk","42.3488727124916","-71.0971627875593"
"09/30/2021","AQS","250250002","23","2.9","ug/m3 LC","16","BOSTON KENMORE SQ","1","100.0000","88101","PM2.5 - Local Conditions","736","Teledyne T640 at 5.0 LPM (Corrected)","14460","Boston-Cambridge-Newton, MA-NH","25","Massachusetts","025","Suffolk","42.3488727124916","-71.0971627875593"
"10/01/2021","AQS","250250002","23","3.6","ug/m3 LC","20","BOSTON KENMORE SQ","1","100.0000","88101","PM2.5 - Local Conditions","736","Teledyne T640 at 5.0 LPM (Corrected)","14460","Boston-Cambridge-Newton, MA-NH","25","Massachusetts","025","Suffolk","42.3488727124916","-71.0971627875593"
"10/02/2021","AQS","250250002","23","4.7","ug/m3 LC","26","BOSTON KENMORE SQ","1","100.0000","88101","PM2.5 - Local Conditions","736","Teledyne T640 at 5.0 LPM (Corrected)","14460","Boston-Cambridge-Newton, MA-NH","25","Massachusetts","025","Suffolk","42.3488727124916","-71.0971627875593"
"10/03/2021","AQS","250250002","23","5.4","ug/m3 LC","30","BOSTON KENMORE SQ","1","100.0000","88101","PM2.5 - Local Conditions","736","Teledyne T640 at 5.0 LPM (Corrected)","14460","Boston-Cambridge-Newton, MA-NH","25","Massachusetts","025","Suffolk","42.3488727124916","-71.0971627875593"
"10/04/2021","AQS","250250002","23","4.4","ug/m3 LC","24","BOSTON KENMORE SQ","1","100.0000","88101","PM2.5 - Local Conditions","736","Teledyne T640 at 5.0 LPM (Corrected)","14460","Boston-Cambridge-Newton, MA-NH","25","Massachusetts","025","Suffolk","42.3488727124916","-71.0971627875593"
"10/05/2021","AQS","250250002","23","3.5","ug/m3 LC","19","BOSTON KENMORE SQ","1","100.0000","88101","PM2.5 - Local Conditions","736","Teledyne T640 at 5.0 LPM (Corrected)","14460","Boston-Cambridge-Newton, MA-NH","25","Massachusetts","025","Suffolk","42.3488727124916","-71.0971627875593"
"10/06/2021","AQS","250250002","23","5.3","ug/m3 LC","29","BOSTON KENMORE SQ","1","100.0000","88101","PM2.5 - Local Conditions","736","Teledyne T640 at 5.0 LPM (Corrected)","14460","Boston-Cambridge-Newton, MA-NH","25","Massachusetts","025","Suffolk","42.3488727124916","-71.0971627875593"
"10/07/2021","AQS","250250002","23","4.8","ug/m3 LC","27","BOSTON KENMORE SQ","1","100.0000","88101","PM2.5 - Local Conditions","736","Teledyne T640 at 5.0 LPM (Corrected)","14460","Boston-Cambridge-Newton, MA-NH","25","Massachusetts","025","Suffolk","42.3488727124916","-71.0971627875593"
"10/08/2021","AQS","250250002","23","7.5","ug/m3 LC","42","BOSTON KENMORE SQ","1","100.0000","88101","PM2.5 - Local Conditions","736","Teledyne T640 at 5.0 LPM (Corrected)","14460","Boston-Cambridge-Newton, MA-NH","25","Massachusetts","025","Suffolk","42.3488727124916","-71.0971627875593"
"10/09/2021","AQS","250250002","23","6","ug/m3 LC","33","BOSTON KENMORE SQ","1","100.0000","88101","PM2.5 - Local Conditions","736","Teledyne T640 at 5.0 LPM (Corrected)","14460","Boston-Cambridge-Newton, MA-NH","25","Massachusetts","025","Suffolk","42.3488727124916","-71.0971627875593"
"10/10/2021","AQS","250250002","23","5.3","ug/m3 LC","29","BOSTON KENMORE SQ","1","100.0000","88101","PM2.5 - Local Conditions","736","Teledyne T640 at 5.0 LPM (Corrected)","14460","Boston-Cambridge-Newton, MA-NH","25","Massachusetts","025","Suffolk","42.3488727124916","-71.0971627875593"
"10/11/2021","AQS","250250002","23","7.2","ug/m3 LC","40","BOSTON KENMORE SQ","1","100.0000","88101","PM2.5 - Local Conditions","736","Teledyne T640 at 5.0 LPM (Corrected)","14460","Boston-Cambridge-Newton, MA-NH","25","Massachusetts","025","Suffolk","42.3488727124916","-71.0971627875593"
"10/12/2021","AQS","250250002","23","5.8","ug/m3 LC","32","BOSTON KENMORE SQ","1","100.0000","88101","PM2.5 - Local Conditions","736","Teledyne T640 at 5.0 LPM (Corrected)","14460","Boston-Cambridge-Newton, MA-NH","25","Massachusetts","025","Suffolk","42.3488727124916","-71.0971627875593"
"10/13/2021","AQS","250250002","23","6.5","ug/m3 LC","36","BOSTON KENMORE SQ","1","100.0000","88101","PM2.5 - Local Conditions","736","Teledyne T640 at 5.0 LPM (Corrected)","14460","Boston-Cambridge-Newton, MA-NH","25","Massachusetts","025","Suffolk","42.3488727124916","-71.0971627875593"
"10/14/2021","AQS","250250002","23","7.4","ug/m3 LC","41","BOSTON KENMORE SQ","1","100.0000","88101","PM2.5 - Local Conditions","736","Teledyne T640 at 5.0 LPM (Corrected)","14460","Boston-Cambridge-Newton, MA-NH","25","Massachusetts","025","Suffolk","42.3488727124916","-71.0971627875593"
"10/15/2021","AQS","250250002","23","9.4","ug/m3 LC","52","BOSTON KENMORE SQ","1","100.0000","88101","PM2.5 - Local Conditions","736","Teledyne T640 at 5.0 LPM (Corrected)","14460","Boston-Cambridge-Newton, MA-NH","25","Massachusetts","025","Suffolk","42.3488727124916","-71.0971627875593"
"10/16/2021","AQS","250250002","23","6.1","ug/m3 LC","34","BOSTON KENMORE SQ","1","100.0000","88101","PM2.5 - Local Conditions","736","Teledyne T640 at 5.0 LPM (Corrected)","14460","Boston-Cambridge-Newton, MA-NH","25","Massachusetts","025","Suffolk","42.3488727124916","-71.0971627875593"
"10/17/2021","AQS","250250002","23","2.2","ug/m3 LC","12","BOSTON KENMORE SQ","1","100.0000","88101","PM2.5 - Local Conditions","736","Teledyne T640 at 5.0 LPM (Corrected)","14460","Boston-Cambridge-Newton, MA-NH","25","Massachusetts","025","Suffolk","42.3488727124916","-71.0971627875593"
"10/18/2021","AQS","250250002","23","2.1","ug/m3 LC","12","BOSTON KENMORE SQ","1","100.0000","88101","PM2.5 - Local Conditions","736","Teledyne T640 at 5.0 LPM (Corrected)","14460","Boston-Cambridge-Newton, MA-NH","25","Massachusetts","025","Suffolk","42.3488727124916","-71.0971627875593"
"10/19/2021","AQS","250250002","23","2.6","ug/m3 LC","14","BOSTON KENMORE SQ","1","100.0000","88101","PM2.5 - Local Conditions","736","Teledyne T640 at 5.0 LPM (Corrected)","14460","Boston-Cambridge-Newton, MA-NH","25","Massachusetts","025","Suffolk","42.3488727124916","-71.0971627875593"
"10/23/2021","AQS","250250002","23","3","ug/m3 LC","17","BOSTON KENMORE SQ","1","100.0000","88101","PM2.5 - Local Conditions","736","Teledyne T640 at 5.0 LPM (Corrected)","14460","Boston-Cambridge-Newton, MA-NH","25","Massachusetts","025","Suffolk","42.3488727124916","-71.0971627875593"
"10/24/2021","AQS","250250002","23","4","ug/m3 LC","22","BOSTON KENMORE SQ","1","100.0000","88101","PM2.5 - Local Conditions","736","Teledyne T640 at 5.0 LPM (Corrected)","14460","Boston-Cambridge-Newton, MA-NH","25","Massachusetts","025","Suffolk","42.3488727124916","-71.0971627875593"
"10/27/2021","AQS","250250002","23","3.7","ug/m3 LC","21","BOSTON KENMORE SQ","1","100.0000","88101","PM2.5 - Local Conditions","736","Teledyne T640 at 5.0 LPM (Corrected)","14460","Boston-Cambridge-Newton, MA-NH","25","Massachusetts","025","Suffolk","42.3488727124916","-71.0971627875593"
"10/28/2021","AQS","250250002","23","5.1","ug/m3 LC","28","BOSTON KENMORE SQ","1","100.0000","88101","PM2.5 - Local Conditions","736","Teledyne T640 at 5.0 LPM (Corrected)","14460","Boston-Cambridge-Newton, MA-NH","25","Massachusetts","025","Suffolk","42.3488727124916","-71.0971627875593"
"10/29/2021","AQS","250250002","23","5.9","ug/m3 LC","33","BOSTON KENMORE SQ","1","100.0000","88101","PM2.5 - Local Conditions","736","Teledyne T640 at 5.0 LPM (Corrected)","14460","Boston-Cambridge-Newton, MA-NH","25","Massachusetts","025","Suffolk","42.3488727124916","-71.0971627875593"
"10/30/2021","AQS","250250002","23","5","ug/m3 LC","28","BOSTON KENMORE SQ","1","100.0000","88101","PM2.5 - Local Conditions","736","Teledyne T640 at 5.0 LPM (Corrected)","14460","Boston-Cambridge-Newton, MA-NH","25","Massachusetts","025","Suffolk","42.3488727124916","-71.0971627875593"
"10/31/2021","AQS","250250002","23","2.8","ug/m3 LC","16","BOSTON KENMORE SQ","1","100.0000","88101","PM2.5 - Local Conditions","736","Teledyne T640 at 5.0 LPM (Corrected)","14460","Boston-Cambridge-Newton, MA-NH","25","Massachusetts","025","Suffolk","42.3488727124916","-71.0971627875593"
"11/01/2021","AQS","250250002","23","2.9","ug/m3 LC","16","BOSTON KENMORE SQ","1","100.0000","88101","PM2.5 - Local Conditions","736","Teledyne T640 at 5.0 LPM (Corrected)","14460","Boston-Cambridge-Newton, MA-NH","25","Massachusetts","025","Suffolk","42.3488727124916","-71.0971627875593"
"11/02/2021","AQS","250250002","23","3.5","ug/m3 LC","19","BOSTON KENMORE SQ","1","100.0000","88101","PM2.5 - Local Conditions","736","Teledyne T640 at 5.0 LPM (Corrected)","14460","Boston-Cambridge-Newton, MA-NH","25","Massachusetts","025","Suffolk","42.3488727124916","-71.0971627875593"
"11/03/2021","AQS","250250002","23","3.7","ug/m3 LC","21","BOSTON KENMORE SQ","1","100.0000","88101","PM2.5 - Local Conditions","736","Teledyne T640 at 5.0 LPM (Corrected)","14460","Boston-Cambridge-Newton, MA-NH","25","Massachusetts","025","Suffolk","42.3488727124916","-71.0971627875593"
"11/04/2021","AQS","250250002","23","4.5","ug/m3 LC","25","BOSTON KENMORE SQ","1","100.0000","88101","PM2.5 - Local Conditions","736","Teledyne T640 at 5.0 LPM (Corrected)","14460","Boston-Cambridge-Newton, MA-NH","25","Massachusetts","025","Suffolk","42.3488727124916","-71.0971627875593"
"11/05/2021","AQS","250250002","23","5.7","ug/m3 LC","32","BOSTON KENMORE SQ","1","100.0000","88101","PM2.5 - Local Conditions","736","Teledyne T640 at 5.0 LPM (Corrected)","14460","Boston-Cambridge-Newton, MA-NH","25","Massachusetts","025","Suffolk","42.3488727124916","-71.0971627875593"
"11/06/2021","AQS","250250002","23","7.5","ug/m3 LC","42","BOSTON KENMORE SQ","1","100.0000","88101","PM2.5 - Local Conditions","736","Teledyne T640 at 5.0 LPM (Corrected)","14460","Boston-Cambridge-Newton, MA-NH","25","Massachusetts","025","Suffolk","42.3488727124916","-71.0971627875593"
"11/07/2021","AQS","250250002","23","10.9","ug/m3 LC","54","BOSTON KENMORE SQ","1","100.0000","88101","PM2.5 - Local Conditions","736","Teledyne T640 at 5.0 LPM (Corrected)","14460","Boston-Cambridge-Newton, MA-NH","25","Massachusetts","025","Suffolk","42.3488727124916","-71.0971627875593"
"11/08/2021","AQS","250250002","23","11.9","ug/m3 LC","56","BOSTON KENMORE SQ","1","100.0000","88101","PM2.5 - Local Conditions","736","Teledyne T640 at 5.0 LPM (Corrected)","14460","Boston-Cambridge-Newton, MA-NH","25","Massachusetts","025","Suffolk","42.3488727124916","-71.0971627875593"
"11/09/2021","AQS","250250002","23","11.4","ug/m3 LC","55","BOSTON KENMORE SQ","1","100.0000","88101","PM2.5 - Local Conditions","736","Teledyne T640 at 5.0 LPM (Corrected)","14460","Boston-Cambridge-Newton, MA-NH","25","Massachusetts","025","Suffolk","42.3488727124916","-71.0971627875593"
"11/10/2021","AQS","250250002","23","8.5","ug/m3 LC","47","BOSTON KENMORE SQ","1","100.0000","88101","PM2.5 - Local Conditions","736","Teledyne T640 at 5.0 LPM (Corrected)","14460","Boston-Cambridge-Newton, MA-NH","25","Massachusetts","025","Suffolk","42.3488727124916","-71.0971627875593"
"11/11/2021","AQS","250250002","23","5.1","ug/m3 LC","28","BOSTON KENMORE SQ","1","100.0000","88101","PM2.5 - Local Conditions","736","Teledyne T640 at 5.0 LPM (Corrected)","14460","Boston-Cambridge-Newton, MA-NH","25","Massachusetts","025","Suffolk","42.3488727124916","-71.0971627875593"
"11/12/2021","AQS","250250002","23","5","ug/m3 LC","28","BOSTON KENMORE SQ","1","100.0000","88101","PM2.5 - Local Conditions","736","Teledyne T640 at 5.0 LPM (Corrected)","14460","Boston-Cambridge-Newton, MA-NH","25","Massachusetts","025","Suffolk","42.3488727124916","-71.0971627875593"
"11/13/2021","AQS","250250002","23","4.1","ug/m3 LC","23","BOSTON KENMORE SQ","1","100.0000","88101","PM2.5 - Local Conditions","736","Teledyne T640 at 5.0 LPM (Corrected)","14460","Boston-Cambridge-Newton, MA-NH","25","Massachusetts","025","Suffolk","42.3488727124916","-71.0971627875593"
"11/14/2021","AQS","250250002","23","4","ug/m3 LC","22","BOSTON KENMORE SQ","1","100.0000","88101","PM2.5 - Local Conditions","736","Teledyne T640 at 5.0 LPM (Corrected)","14460","Boston-Cambridge-Newton, MA-NH","25","Massachusetts","025","Suffolk","42.3488727124916","-71.0971627875593"
"11/15/2021","AQS","250250002","23","4","ug/m3 LC","22","BOSTON KENMORE SQ","1","100.0000","88101","PM2.5 - Local Conditions","736","Teledyne T640 at 5.0 LPM (Corrected)","14460","Boston-Cambridge-Newton, MA-NH","25","Massachusetts","025","Suffolk","42.3488727124916","-71.0971627875593"
"11/16/2021","AQS","250250002","23","2.3","ug/m3 LC","13","BOSTON KENMORE SQ","1","100.0000","88101","PM2.5 - Local Conditions","736","Teledyne T640 at 5.0 LPM (Corrected)","14460","Boston-Cambridge-Newton, MA-NH","25","Massachusetts","025","Suffolk","42.3488727124916","-71.0971627875593"
"11/17/2021","AQS","250250002","23","4.7","ug/m3 LC","26","BOSTON KENMORE SQ","1","100.0000","88101","PM2.5 - Local Conditions","736","Teledyne T640 at 5.0 LPM (Corrected)","14460","Boston-Cambridge-Newton, MA-NH","25","Massachusetts","025","Suffolk","42.3488727124916","-71.0971627875593"
"11/18/2021","AQS","250250002","23","12.5","ug/m3 LC","57","BOSTON KENMORE SQ","1","100.0000","88101","PM2.5 - Local Conditions","736","Teledyne T640 at 5.0 LPM (Corrected)","14460","Boston-Cambridge-Newton, MA-NH","25","Massachusetts","025","Suffolk","42.3488727124916","-71.0971627875593"
"11/19/2021","AQS","250250002","23","2.3","ug/m3 LC","13","BOSTON KENMORE SQ","1","100.0000","88101","PM2.5 - Local Conditions","736","Teledyne T640 at 5.0 LPM (Corrected)","14460","Boston-Cambridge-Newton, MA-NH","25","Massachusetts","025","Suffolk","42.3488727124916","-71.0971627875593"
"11/20/2021","AQS","250250002","23","2.8","ug/m3 LC","16","BOSTON KENMORE SQ","1","100.0000","88101","PM2.5 - Local Conditions","736","Teledyne T640 at 5.0 LPM (Corrected)","14460","Boston-Cambridge-Newton, MA-NH","25","Massachusetts","025","Suffolk","42.3488727124916","-71.0971627875593"
"11/21/2021","AQS","250250002","23","5.1","ug/m3 LC","28","BOSTON KENMORE SQ","1","100.0000","88101","PM2.5 - Local Conditions","736","Teledyne T640 at 5.0 LPM (Corrected)","14460","Boston-Cambridge-Newton, MA-NH","25","Massachusetts","025","Suffolk","42.3488727124916","-71.0971627875593"
"11/22/2021","AQS","250250002","23","3.7","ug/m3 LC","21","BOSTON KENMORE SQ","1","100.0000","88101","PM2.5 - Local Conditions","736","Teledyne T640 at 5.0 LPM (Corrected)","14460","Boston-Cambridge-Newton, MA-NH","25","Massachusetts","025","Suffolk","42.3488727124916","-71.0971627875593"
"11/23/2021","AQS","250250002","23","2","ug/m3 LC","11","BOSTON KENMORE SQ","1","100.0000","88101","PM2.5 - Local Conditions","736","Teledyne T640 at 5.0 LPM (Corrected)","14460","Boston-Cambridge-Newton, MA-NH","25","Massachusetts","025","Suffolk","42.3488727124916","-71.0971627875593"
"11/24/2021","AQS","250250002","23","2.6","ug/m3 LC","14","BOSTON KENMORE SQ","1","100.0000","88101","PM2.5 - Local Conditions","736","Teledyne T640 at 5.0 LPM (Corrected)","14460","Boston-Cambridge-Newton, MA-NH","25","Massachusetts","025","Suffolk","42.3488727124916","-71.0971627875593"
"11/25/2021","AQS","250250002","23","4.9","ug/m3 LC","27","BOSTON KENMORE SQ","1","100.0000","88101","PM2.5 - Local Conditions","736","Teledyne T640 at 5.0 LPM (Corrected)","14460","Boston-Cambridge-Newton, MA-NH","25","Massachusetts","025","Suffolk","42.3488727124916","-71.0971627875593"
"11/26/2021","AQS","250250002","23","5.3","ug/m3 LC","29","BOSTON KENMORE SQ","1","100.0000","88101","PM2.5 - Local Conditions","736","Teledyne T640 at 5.0 LPM (Corrected)","14460","Boston-Cambridge-Newton, MA-NH","25","Massachusetts","025","Suffolk","42.3488727124916","-71.0971627875593"
"11/27/2021","AQS","250250002","23","1.7","ug/m3 LC","9","BOSTON KENMORE SQ","1","100.0000","88101","PM2.5 - Local Conditions","736","Teledyne T640 at 5.0 LPM (Corrected)","14460","Boston-Cambridge-Newton, MA-NH","25","Massachusetts","025","Suffolk","42.3488727124916","-71.0971627875593"
"11/28/2021","AQS","250250002","23","4.5","ug/m3 LC","25","BOSTON KENMORE SQ","1","100.0000","88101","PM2.5 - Local Conditions","736","Teledyne T640 at 5.0 LPM (Corrected)","14460","Boston-Cambridge-Newton, MA-NH","25","Massachusetts","025","Suffolk","42.3488727124916","-71.0971627875593"
"11/29/2021","AQS","250250002","23","5.9","ug/m3 LC","33","BOSTON KENMORE SQ","1","100.0000","88101","PM2.5 - Local Conditions","736","Teledyne T640 at 5.0 LPM (Corrected)","14460","Boston-Cambridge-Newton, MA-NH","25","Massachusetts","025","Suffolk","42.3488727124916","-71.0971627875593"
"11/30/2021","AQS","250250002","23","4.4","ug/m3 LC","24","BOSTON KENMORE SQ","1","100.0000","88101","PM2.5 - Local Conditions","736","Teledyne T640 at 5.0 LPM (Corrected)","14460","Boston-Cambridge-Newton, MA-NH","25","Massachusetts","025","Suffolk","42.3488727124916","-71.0971627875593"
"12/01/2021","AQS","250250002","23","9","ug/m3 LC","50","BOSTON KENMORE SQ","1","100.0000","88101","PM2.5 - Local Conditions","736","Teledyne T640 at 5.0 LPM (Corrected)","14460","Boston-Cambridge-Newton, MA-NH","25","Massachusetts","025","Suffolk","42.3488727124916","-71.0971627875593"
"12/02/2021","AQS","250250002","23","8.8","ug/m3 LC","49","BOSTON KENMORE SQ","1","100.0000","88101","PM2.5 - Local Conditions","736","Teledyne T640 at 5.0 LPM (Corrected)","14460","Boston-Cambridge-Newton, MA-NH","25","Massachusetts","025","Suffolk","42.3488727124916","-71.0971627875593"
"12/03/2021","AQS","250250002","23","2.1","ug/m3 LC","12","BOSTON KENMORE SQ","1","100.0000","88101","PM2.5 - Local Conditions","736","Teledyne T640 at 5.0 LPM (Corrected)","14460","Boston-Cambridge-Newton, MA-NH","25","Massachusetts","025","Suffolk","42.3488727124916","-71.0971627875593"
"12/04/2021","AQS","250250002","23","5.3","ug/m3 LC","29","BOSTON KENMORE SQ","1","100.0000","88101","PM2.5 - Local Conditions","736","Teledyne T640 at 5.0 LPM (Corrected)","14460","Boston-Cambridge-Newton, MA-NH","25","Massachusetts","025","Suffolk","42.3488727124916","-71.0971627875593"
"12/05/2021","AQS","250250002","23","4.5","ug/m3 LC","25","BOSTON KENMORE SQ","1","100.0000","88101","PM2.5 - Local Conditions","736","Teledyne T640 at 5.0 LPM (Corrected)","14460","Boston-Cambridge-Newton, MA-NH","25","Massachusetts","025","Suffolk","42.3488727124916","-71.0971627875593"
"12/06/2021","AQS","250250002","23","8.3","ug/m3 LC","46","BOSTON KENMORE SQ","1","100.0000","88101","PM2.5 - Local Conditions","736","Teledyne T640 at 5.0 LPM (Corrected)","14460","Boston-Cambridge-Newton, MA-NH","25","Massachusetts","025","Suffolk","42.3488727124916","-71.0971627875593"
"12/07/2021","AQS","250250002","23","2.3","ug/m3 LC","13","BOSTON KENMORE SQ","1","100.0000","88101","PM2.5 - Local Conditions","736","Teledyne T640 at 5.0 LPM (Corrected)","14460","Boston-Cambridge-Newton, MA-NH","25","Massachusetts","025","Suffolk","42.3488727124916","-71.0971627875593"
"12/08/2021","AQS","250250002","23","5.1","ug/m3 LC","28","BOSTON KENMORE SQ","1","100.0000","88101","PM2.5 - Local Conditions","736","Teledyne T640 at 5.0 LPM (Corrected)","14460","Boston-Cambridge-Newton, MA-NH","25","Massachusetts","025","Suffolk","42.3488727124916","-71.0971627875593"
"12/09/2021","AQS","250250002","23","4.9","ug/m3 LC","27","BOSTON KENMORE SQ","1","100.0000","88101","PM2.5 - Local Conditions","736","Teledyne T640 at 5.0 LPM (Corrected)","14460","Boston-Cambridge-Newton, MA-NH","25","Massachusetts","025","Suffolk","42.3488727124916","-71.0971627875593"
"12/10/2021","AQS","250250002","23","9.3","ug/m3 LC","51","BOSTON KENMORE SQ","1","100.0000","88101","PM2.5 - Local Conditions","736","Teledyne T640 at 5.0 LPM (Corrected)","14460","Boston-Cambridge-Newton, MA-NH","25","Massachusetts","025","Suffolk","42.3488727124916","-71.0971627875593"
"12/11/2021","AQS","250250002","23","11.5","ug/m3 LC","55","BOSTON KENMORE SQ","1","100.0000","88101","PM2.5 - Local Conditions","736","Teledyne T640 at 5.0 LPM (Corrected)","14460","Boston-Cambridge-Newton, MA-NH","25","Massachusetts","025","Suffolk","42.3488727124916","-71.0971627875593"
"12/12/2021","AQS","250250002","23","1.9","ug/m3 LC","11","BOSTON KENMORE SQ","1","100.0000","88101","PM2.5 - Local Conditions","736","Teledyne T640 at 5.0 LPM (Corrected)","14460","Boston-Cambridge-Newton, MA-NH","25","Massachusetts","025","Suffolk","42.3488727124916","-71.0971627875593"
"12/13/2021","AQS","250250002","23","3.7","ug/m3 LC","21","BOSTON KENMORE SQ","1","100.0000","88101","PM2.5 - Local Conditions","736","Teledyne T640 at 5.0 LPM (Corrected)","14460","Boston-Cambridge-Newton, MA-NH","25","Massachusetts","025","Suffolk","42.3488727124916","-71.0971627875593"
"12/14/2021","AQS","250250002","23","3.6","ug/m3 LC","20","BOSTON KENMORE SQ","1","100.0000","88101","PM2.5 - Local Conditions","736","Teledyne T640 at 5.0 LPM (Corrected)","14460","Boston-Cambridge-Newton, MA-NH","25","Massachusetts","025","Suffolk","42.3488727124916","-71.0971627875593"
"12/15/2021","AQS","250250002","23","4.5","ug/m3 LC","25","BOSTON KENMORE SQ","1","100.0000","88101","PM2.5 - Local Conditions","736","Teledyne T640 at 5.0 LPM (Corrected)","14460","Boston-Cambridge-Newton, MA-NH","25","Massachusetts","025","Suffolk","42.3488727124916","-71.0971627875593"
"12/16/2021","AQS","250250002","23","6.5","ug/m3 LC","36","BOSTON KENMORE SQ","1","100.0000","88101","PM2.5 - Local Conditions","736","Teledyne T640 at 5.0 LPM (Corrected)","14460","Boston-Cambridge-Newton, MA-NH","25","Massachusetts","025","Suffolk","42.3488727124916","-71.0971627875593"
"12/17/2021","AQS","250250002","23","4.4","ug/m3 LC","24","BOSTON KENMORE SQ","1","100.0000","88101","PM2.5 - Local Conditions","736","Teledyne T640 at 5.0 LPM (Corrected)","14460","Boston-Cambridge-Newton, MA-NH","25","Massachusetts","025","Suffolk","42.3488727124916","-71.0971627875593"
"12/18/2021","AQS","250250002","23","4.7","ug/m3 LC","26","BOSTON KENMORE SQ","1","100.0000","88101","PM2.5 - Local Conditions","736","Teledyne T640 at 5.0 LPM (Corrected)","14460","Boston-Cambridge-Newton, MA-NH","25","Massachusetts","025","Suffolk","42.3488727124916","-71.0971627875593"
"12/19/2021","AQS","250250002","23","3.1","ug/m3 LC","17","BOSTON KENMORE SQ","1","100.0000","88101","PM2.5 - Local Conditions","736","Teledyne T640 at 5.0 LPM (Corrected)","14460","Boston-Cambridge-Newton, MA-NH","25","Massachusetts","025","Suffolk","42.3488727124916","-71.0971627875593"
"12/20/2021","AQS","250250002","23","4.7","ug/m3 LC","26","BOSTON KENMORE SQ","1","100.0000","88101","PM2.5 - Local Conditions","736","Teledyne T640 at 5.0 LPM (Corrected)","14460","Boston-Cambridge-Newton, MA-NH","25","Massachusetts","025","Suffolk","42.3488727124916","-71.0971627875593"
"12/21/2021","AQS","250250002","23","9.2","ug/m3 LC","51","BOSTON KENMORE SQ","1","100.0000","88101","PM2.5 - Local Conditions","736","Teledyne T640 at 5.0 LPM (Corrected)","14460","Boston-Cambridge-Newton, MA-NH","25","Massachusetts","025","Suffolk","42.3488727124916","-71.0971627875593"
"12/22/2021","AQS","250250002","23","10.7","ug/m3 LC","54","BOSTON KENMORE SQ","1","100.0000","88101","PM2.5 - Local Conditions","736","Teledyne T640 at 5.0 LPM (Corrected)","14460","Boston-Cambridge-Newton, MA-NH","25","Massachusetts","025","Suffolk","42.3488727124916","-71.0971627875593"
"12/23/2021","AQS","250250002","23","2.2","ug/m3 LC","12","BOSTON KENMORE SQ","1","100.0000","88101","PM2.5 - Local Conditions","736","Teledyne T640 at 5.0 LPM (Corrected)","14460","Boston-Cambridge-Newton, MA-NH","25","Massachusetts","025","Suffolk","42.3488727124916","-71.0971627875593"
"12/24/2021","AQS","250250002","23","6.1","ug/m3 LC","34","BOSTON KENMORE SQ","1","100.0000","88101","PM2.5 - Local Conditions","736","Teledyne T640 at 5.0 LPM (Corrected)","14460","Boston-Cambridge-Newton, MA-NH","25","Massachusetts","025","Suffolk","42.3488727124916","-71.0971627875593"
"12/25/2021","AQS","250250002","23","13","ug/m3 LC","58","BOSTON KENMORE SQ","1","100.0000","88101","PM2.5 - Local Conditions","736","Teledyne T640 at 5.0 LPM (Corrected)","14460","Boston-Cambridge-Newton, MA-NH","25","Massachusetts","025","Suffolk","42.3488727124916","-71.0971627875593"
"12/26/2021","AQS","250250002","23","3.7","ug/m3 LC","21","BOSTON KENMORE SQ","1","100.0000","88101","PM2.5 - Local Conditions","736","Teledyne T640 at 5.0 LPM (Corrected)","14460","Boston-Cambridge-Newton, MA-NH","25","Massachusetts","025","Suffolk","42.3488727124916","-71.0971627875593"
"12/27/2021","AQS","250250002","23","4.4","ug/m3 LC","24","BOSTON KENMORE SQ","1","100.0000","88101","PM2.5 - Local Conditions","736","Teledyne T640 at 5.0 LPM (Corrected)","14460","Boston-Cambridge-Newton, MA-NH","25","Massachusetts","025","Suffolk","42.3488727124916","-71.0971627875593"
"12/28/2021","AQS","250250002","23","7","ug/m3 LC","39","BOSTON KENMORE SQ","1","100.0000","88101","PM2.5 - Local Conditions","736","Teledyne T640 at 5.0 LPM (Corrected)","14460","Boston-Cambridge-Newton, MA-NH","25","Massachusetts","025","Suffolk","42.3488727124916","-71.0971627875593"
"12/29/2021","AQS","250250002","23","9","ug/m3 LC","50","BOSTON KENMORE SQ","1","100.0000","88101","PM2.5 - Local Conditions","736","Teledyne T640 at 5.0 LPM (Corrected)","14460","Boston-Cambridge-Newton, MA-NH","25","Massachusetts","025","Suffolk","42.3488727124916","-71.0971627875593"
"12/30/2021","AQS","250250002","23","11.3","ug/m3 LC","55","BOSTON KENMORE SQ","1","100.0000","88101","PM2.5 - Local Conditions","736","Teledyne T640 at 5.0 LPM (Corrected)","14460","Boston-Cambridge-Newton, MA-NH","25","Massachusetts","025","Suffolk","42.3488727124916","-71.0971627875593"
"12/31/2021","AQS","250250002","23","17.7","ug/m3 LC","67","BOSTON KENMORE SQ","1","100.0000","88101","PM2.5 - Local Conditions","736","Teledyne T640 at 5.0 LPM (Corrected)","14460","Boston-Cambridge-Newton, MA-NH","25","Massachusetts","025","Suffolk","42.3488727124916","-71.0971627875593"
