"Date","Source","Site ID","POC","Daily Mean PM2.5 Concentration","Units","Daily AQI Value","Local Site Name","Daily Obs Count","Percent Complete","AQS Parameter Code","AQS Parameter Description","Method Code","Method Description","CBSA Code","CBSA Name","State FIPS Code","State","County FIPS Code","County","Site Latitude","Site Longitude"
"01/01/2020","AQS","250170010","3","3","ug/m3 LC","17","ChelmsfordNR","1","100.0000","88101","PM2.5 - Local Conditions","170","Met One BAM-1020 Mass Monitor w/VSCC","14460","Boston-Cambridge-Newton, MA-NH","25","Massachusetts","017","Middlesex","42.6120846820042","-71.3069864063041"
"01/02/2020","AQS","250170010","3","7.1","ug/m3 LC","39","ChelmsfordNR","1","100.0000","88101","PM2.5 - Local Conditions","170","Met One BAM-1020 Mass Monitor w/VSCC","14460","Boston-Cambridge-Newton, MA-NH","25","Massachusetts","017","Middlesex","42.6120846820042","-71.3069864063041"
"01/03/2020","AQS","250170010","3","9.4","ug/m3 LC","52","ChelmsfordNR","1","100.0000","88101","PM2.5 - Local Conditions","170","Met One BAM-1020 Mass Monitor w/VSCC","14460","Boston-Cambridge-Newton, MA-NH","25","Massachusetts","017","Middlesex","42.6120846820042","-71.3069864063041"
"01/04/2020","AQS","250170010","3","10.2","ug/m3 LC","53","ChelmsfordNR","1","100.0000","88101","PM2.5 - Local Conditions","170","Met One BAM-1020 Mass Monitor w/VSCC","14460","Boston-Cambridge-Newton, MA-NH","25","Massachusetts","017","Middlesex","42.6120846820042","-71.3069864063041"
"01/05/2020","AQS","250170010","3","2.2","ug/m3 LC","12","ChelmsfordNR","1","100.0000","88101","PM2.5 - Local Conditions","170","Met One BAM-1020 Mass Monitor w/VSCC","14460","Boston-Cambridge-Newton, MA-NH","25","Massachusetts","017","Middlesex","42.6120846820042","-71.3069864063041"
"01/06/2020","AQS","250170010","3","6.1","ug/m3 LC","34","ChelmsfordNR","1","100.0000","88101","PM2.5 - Local Conditions","170","Met One BAM-1020 Mass Monitor w/VSCC","14460","Boston-Cambridge-Newton, MA-NH","25","Massachusetts","017","Middlesex","42.6120846820042","-71.3069864063041"
"01/07/2020","AQS","250170010","3","5.6","ug/m3 LC","31","ChelmsfordNR","1","100.0000","88101","PM2.5 - Local Conditions","170","Met One BAM-1020 Mass Monitor w/VSCC","14460","Boston-Cambridge-Newton, MA-NH","25","Massachusetts","017","Middlesex","42.6120846820042","-71.3069864063041"
"01/08/2020","AQS","250170010","3","6.1","ug/m3 LC","34","ChelmsfordNR","1","100.0000","88101","PM2.5 - Local Conditions","170","Met One BAM-1020 Mass Monitor w/VSCC","14460","Boston-Cambridge-Newton, MA-NH","25","Massachusetts","017","Middlesex","42.6120846820042","-71.3069864063041"
"01/09/2020","AQS","250170010","3","4.1","ug/m3 LC","23","ChelmsfordNR","1","100.0000","88101","PM2.5 - Local Conditions","170","Met One BAM-1020 Mass Monitor w/VSCC","14460","Boston-Cambridge-Newton, MA-NH","25","Massachusetts","017","Middlesex","42.6120846820042","-71.3069864063041"
"01/10/2020","AQS","250170010","3","7.6","ug/m3 LC","42","ChelmsfordNR","1","100.0000","88101","PM2.5 - Local Conditions","170","Met One BAM-1020 Mass Monitor w/VSCC","14460","Boston-Cambridge-Newton, MA-NH","25","Massachusetts","017","Middlesex","42.6120846820042","-71.3069864063041"
"01/11/2020","AQS","250170010","3","6.2","ug/m3 LC","34","ChelmsfordNR","1","100.0000","88101","PM2.5 - Local Conditions","170","Met One BAM-1020 Mass Monitor w/VSCC","14460","Boston-Cambridge-Newton, MA-NH","25","Massachusetts","017","Middlesex","42.6120846820042","-71.3069864063041"
"01/12/2020","AQS","250170010","3","2","ug/m3 LC","11","ChelmsfordNR","1","100.0000","88101","PM2.5 - Local Conditions","170","Met One BAM-1020 Mass Monitor w/VSCC","14460","Boston-Cambridge-Newton, MA-NH","25","Massachusetts","017","Middlesex","42.6120846820042","-71.3069864063041"
"01/13/2020","AQS","250170010","3","4.8","ug/m3 LC","27","ChelmsfordNR","1","100.0000","88101","PM2.5 - Local Conditions","170","Met One BAM-1020 Mass Monitor w/VSCC","14460","Boston-Cambridge-Newton, MA-NH","25","Massachusetts","017","Middlesex","42.6120846820042","-71.3069864063041"
"01/14/2020","AQS","250170010","3","7.7","ug/m3 LC","43","ChelmsfordNR","1","100.0000","88101","PM2.5 - Local Conditions","170","Met One BAM-1020 Mass Monitor w/VSCC","14460","Boston-Cambridge-Newton, MA-NH","25","Massachusetts","017","Middlesex","42.6120846820042","-71.3069864063041"
"01/15/2020","AQS","250170010","3","7.6","ug/m3 LC","42","ChelmsfordNR","1","100.0000","88101","PM2.5 - Local Conditions","170","Met One BAM-1020 Mass Monitor w/VSCC","14460","Boston-Cambridge-Newton, MA-NH","25","Massachusetts","017","Middlesex","42.6120846820042","-71.3069864063041"
"01/16/2020","AQS","250170010","3","4.4","ug/m3 LC","24","ChelmsfordNR","1","100.0000","88101","PM2.5 - Local Conditions","170","Met One BAM-1020 Mass Monitor w/VSCC","14460","Boston-Cambridge-Newton, MA-NH","25","Massachusetts","017","Middlesex","42.6120846820042","-71.3069864063041"
"01/17/2020","AQS","250170010","3","2.4","ug/m3 LC","13","ChelmsfordNR","1","100.0000","88101","PM2.5 - Local Conditions","170","Met One BAM-1020 Mass Monitor w/VSCC","14460","Boston-Cambridge-Newton, MA-NH","25","Massachusetts","017","Middlesex","42.6120846820042","-71.3069864063041"
"01/18/2020","AQS","250170010","3","5.3","ug/m3 LC","29","ChelmsfordNR","1","100.0000","88101","PM2.5 - Local Conditions","170","Met One BAM-1020 Mass Monitor w/VSCC","14460","Boston-Cambridge-Newton, MA-NH","25","Massachusetts","017","Middlesex","42.6120846820042","-71.3069864063041"
"01/19/2020","AQS","250170010","3","7.9","ug/m3 LC","44","ChelmsfordNR","1","100.0000","88101","PM2.5 - Local Conditions","170","Met One BAM-1020 Mass Monitor w/VSCC","14460","Boston-Cambridge-Newton, MA-NH","25","Massachusetts","017","Middlesex","42.6120846820042","-71.3069864063041"
"01/20/2020","AQS","250170010","3","4","ug/m3 LC","22","ChelmsfordNR","1","100.0000","88101","PM2.5 - Local Conditions","170","Met One BAM-1020 Mass Monitor w/VSCC","14460","Boston-Cambridge-Newton, MA-NH","25","Massachusetts","017","Middlesex","42.6120846820042","-71.3069864063041"
"01/21/2020","AQS","250170010","3","5.1","ug/m3 LC","28","ChelmsfordNR","1","100.0000","88101","PM2.5 - Local Conditions","170","Met One BAM-1020 Mass Monitor w/VSCC","14460","Boston-Cambridge-Newton, MA-NH","25","Massachusetts","017","Middlesex","42.6120846820042","-71.3069864063041"
"01/22/2020","AQS","250170010","3","11.5","ug/m3 LC","55","ChelmsfordNR","1","100.0000","88101","PM2.5 - Local Conditions","170","Met One BAM-1020 Mass Monitor w/VSCC","14460","Boston-Cambridge-Newton, MA-NH","25","Massachusetts","017","Middlesex","42.6120846820042","-71.3069864063041"
"01/23/2020","AQS","250170010","3","14.4","ug/m3 LC","61","ChelmsfordNR","1","100.0000","88101","PM2.5 - Local Conditions","170","Met One BAM-1020 Mass Monitor w/VSCC","14460","Boston-Cambridge-Newton, MA-NH","25","Massachusetts","017","Middlesex","42.6120846820042","-71.3069864063041"
"01/24/2020","AQS","250170010","3","13.9","ug/m3 LC","60","ChelmsfordNR","1","100.0000","88101","PM2.5 - Local Conditions","170","Met One BAM-1020 Mass Monitor w/VSCC","14460","Boston-Cambridge-Newton, MA-NH","25","Massachusetts","017","Middlesex","42.6120846820042","-71.3069864063041"
"01/25/2020","AQS","250170010","3","6.2","ug/m3 LC","34","ChelmsfordNR","1","100.0000","88101","PM2.5 - Local Conditions","170","Met One BAM-1020 Mass Monitor w/VSCC","14460","Boston-Cambridge-Newton, MA-NH","25","Massachusetts","017","Middlesex","42.6120846820042","-71.3069864063041"
"01/26/2020","AQS","250170010","3","2","ug/m3 LC","11","ChelmsfordNR","1","100.0000","88101","PM2.5 - Local Conditions","170","Met One BAM-1020 Mass Monitor w/VSCC","14460","Boston-Cambridge-Newton, MA-NH","25","Massachusetts","017","Middlesex","42.6120846820042","-71.3069864063041"
"01/27/2020","AQS","250170010","3","2.7","ug/m3 LC","15","ChelmsfordNR","1","100.0000","88101","PM2.5 - Local Conditions","170","Met One BAM-1020 Mass Monitor w/VSCC","14460","Boston-Cambridge-Newton, MA-NH","25","Massachusetts","017","Middlesex","42.6120846820042","-71.3069864063041"
"01/28/2020","AQS","250170010","3","1.2","ug/m3 LC","7","ChelmsfordNR","1","100.0000","88101","PM2.5 - Local Conditions","170","Met One BAM-1020 Mass Monitor w/VSCC","14460","Boston-Cambridge-Newton, MA-NH","25","Massachusetts","017","Middlesex","42.6120846820042","-71.3069864063041"
"01/29/2020","AQS","250170010","3","3.2","ug/m3 LC","18","ChelmsfordNR","1","100.0000","88101","PM2.5 - Local Conditions","170","Met One BAM-1020 Mass Monitor w/VSCC","14460","Boston-Cambridge-Newton, MA-NH","25","Massachusetts","017","Middlesex","42.6120846820042","-71.3069864063041"
"01/30/2020","AQS","250170010","3","6.9","ug/m3 LC","38","ChelmsfordNR","1","100.0000","88101","PM2.5 - Local Conditions","170","Met One BAM-1020 Mass Monitor w/VSCC","14460","Boston-Cambridge-Newton, MA-NH","25","Massachusetts","017","Middlesex","42.6120846820042","-71.3069864063041"
"01/31/2020","AQS","250170010","3","8.8","ug/m3 LC","49","ChelmsfordNR","1","100.0000","88101","PM2.5 - Local Conditions","170","Met One BAM-1020 Mass Monitor w/VSCC","14460","Boston-Cambridge-Newton, MA-NH","25","Massachusetts","017","Middlesex","42.6120846820042","-71.3069864063041"
"02/01/2020","AQS","250170010","3","11.9","ug/m3 LC","56","ChelmsfordNR","1","100.0000","88101","PM2.5 - Local Conditions","170","Met One BAM-1020 Mass Monitor w/VSCC","14460","Boston-Cambridge-Newton, MA-NH","25","Massachusetts","017","Middlesex","42.6120846820042","-71.3069864063041"
"02/02/2020","AQS","250170010","3","12.2","ug/m3 LC","57","ChelmsfordNR","1","100.0000","88101","PM2.5 - Local Conditions","170","Met One BAM-1020 Mass Monitor w/VSCC","14460","Boston-Cambridge-Newton, MA-NH","25","Massachusetts","017","Middlesex","42.6120846820042","-71.3069864063041"
"02/03/2020","AQS","250170010","3","7.3","ug/m3 LC","41","ChelmsfordNR","1","100.0000","88101","PM2.5 - Local Conditions","170","Met One BAM-1020 Mass Monitor w/VSCC","14460","Boston-Cambridge-Newton, MA-NH","25","Massachusetts","017","Middlesex","42.6120846820042","-71.3069864063041"
"02/04/2020","AQS","250170010","3","9.8","ug/m3 LC","52","ChelmsfordNR","1","100.0000","88101","PM2.5 - Local Conditions","170","Met One BAM-1020 Mass Monitor w/VSCC","14460","Boston-Cambridge-Newton, MA-NH","25","Massachusetts","017","Middlesex","42.6120846820042","-71.3069864063041"
"02/05/2020","AQS","250170010","3","6.4","ug/m3 LC","36","ChelmsfordNR","1","100.0000","88101","PM2.5 - Local Conditions","170","Met One BAM-1020 Mass Monitor w/VSCC","14460","Boston-Cambridge-Newton, MA-NH","25","Massachusetts","017","Middlesex","42.6120846820042","-71.3069864063041"
"02/06/2020","AQS","250170010","3","4.6","ug/m3 LC","26","ChelmsfordNR","1","100.0000","88101","PM2.5 - Local Conditions","170","Met One BAM-1020 Mass Monitor w/VSCC","14460","Boston-Cambridge-Newton, MA-NH","25","Massachusetts","017","Middlesex","42.6120846820042","-71.3069864063041"
"02/07/2020","AQS","250170010","3","2.1","ug/m3 LC","12","ChelmsfordNR","1","100.0000","88101","PM2.5 - Local Conditions","170","Met One BAM-1020 Mass Monitor w/VSCC","14460","Boston-Cambridge-Newton, MA-NH","25","Massachusetts","017","Middlesex","42.6120846820042","-71.3069864063041"
"02/08/2020","AQS","250170010","3","3.3","ug/m3 LC","18","ChelmsfordNR","1","100.0000","88101","PM2.5 - Local Conditions","170","Met One BAM-1020 Mass Monitor w/VSCC","14460","Boston-Cambridge-Newton, MA-NH","25","Massachusetts","017","Middlesex","42.6120846820042","-71.3069864063041"
"02/09/2020","AQS","250170010","3","7.1","ug/m3 LC","39","ChelmsfordNR","1","100.0000","88101","PM2.5 - Local Conditions","170","Met One BAM-1020 Mass Monitor w/VSCC","14460","Boston-Cambridge-Newton, MA-NH","25","Massachusetts","017","Middlesex","42.6120846820042","-71.3069864063041"
"02/10/2020","AQS","250170010","3","8.4","ug/m3 LC","47","ChelmsfordNR","1","100.0000","88101","PM2.5 - Local Conditions","170","Met One BAM-1020 Mass Monitor w/VSCC","14460","Boston-Cambridge-Newton, MA-NH","25","Massachusetts","017","Middlesex","42.6120846820042","-71.3069864063041"
"02/11/2020","AQS","250170010","3","12.3","ug/m3 LC","57","ChelmsfordNR","1","100.0000","88101","PM2.5 - Local Conditions","170","Met One BAM-1020 Mass Monitor w/VSCC","14460","Boston-Cambridge-Newton, MA-NH","25","Massachusetts","017","Middlesex","42.6120846820042","-71.3069864063041"
"02/12/2020","AQS","250170010","3","5","ug/m3 LC","28","ChelmsfordNR","1","100.0000","88101","PM2.5 - Local Conditions","170","Met One BAM-1020 Mass Monitor w/VSCC","14460","Boston-Cambridge-Newton, MA-NH","25","Massachusetts","017","Middlesex","42.6120846820042","-71.3069864063041"
"02/13/2020","AQS","250170010","3","7.7","ug/m3 LC","43","ChelmsfordNR","1","100.0000","88101","PM2.5 - Local Conditions","170","Met One BAM-1020 Mass Monitor w/VSCC","14460","Boston-Cambridge-Newton, MA-NH","25","Massachusetts","017","Middlesex","42.6120846820042","-71.3069864063041"
"02/14/2020","AQS","250170010","3","4.4","ug/m3 LC","24","ChelmsfordNR","1","100.0000","88101","PM2.5 - Local Conditions","170","Met One BAM-1020 Mass Monitor w/VSCC","14460","Boston-Cambridge-Newton, MA-NH","25","Massachusetts","017","Middlesex","42.6120846820042","-71.3069864063041"
"02/15/2020","AQS","250170010","3","3.8","ug/m3 LC","21","ChelmsfordNR","1","100.0000","88101","PM2.5 - Local Conditions","170","Met One BAM-1020 Mass Monitor w/VSCC","14460","Boston-Cambridge-Newton, MA-NH","25","Massachusetts","017","Middlesex","42.6120846820042","-71.3069864063041"
"02/16/2020","AQS","250170010","3","9.5","ug/m3 LC","52","ChelmsfordNR","1","100.0000","88101","PM2.5 - Local Conditions","170","Met One BAM-1020 Mass Monitor w/VSCC","14460","Boston-Cambridge-Newton, MA-NH","25","Massachusetts","017","Middlesex","42.6120846820042","-71.3069864063041"
"02/17/2020","AQS","250170010","3","9","ug/m3 LC","50","ChelmsfordNR","1","100.0000","88101","PM2.5 - Local Conditions","170","Met One BAM-1020 Mass Monitor w/VSCC","14460","Boston-Cambridge-Newton, MA-NH","25","Massachusetts","017","Middlesex","42.6120846820042","-71.3069864063041"
"02/18/2020","AQS","250170010","3","6.3","ug/m3 LC","35","ChelmsfordNR","1","100.0000","88101","PM2.5 - Local Conditions","170","Met One BAM-1020 Mass Monitor w/VSCC","14460","Boston-Cambridge-Newton, MA-NH","25","Massachusetts","017","Middlesex","42.6120846820042","-71.3069864063041"
"02/19/2020","AQS","250170010","3","3.9","ug/m3 LC","22","ChelmsfordNR","1","100.0000","88101","PM2.5 - Local Conditions","170","Met One BAM-1020 Mass Monitor w/VSCC","14460","Boston-Cambridge-Newton, MA-NH","25","Massachusetts","017","Middlesex","42.6120846820042","-71.3069864063041"
"02/20/2020","AQS","250170010","3","2.1","ug/m3 LC","12","ChelmsfordNR","1","100.0000","88101","PM2.5 - Local Conditions","170","Met One BAM-1020 Mass Monitor w/VSCC","14460","Boston-Cambridge-Newton, MA-NH","25","Massachusetts","017","Middlesex","42.6120846820042","-71.3069864063041"
"02/21/2020","AQS","250170010","3","3.9","ug/m3 LC","22","ChelmsfordNR","1","100.0000","88101","PM2.5 - Local Conditions","170","Met One BAM-1020 Mass Monitor w/VSCC","14460","Boston-Cambridge-Newton, MA-NH","25","Massachusetts","017","Middlesex","42.6120846820042","-71.3069864063041"
"02/22/2020","AQS","250170010","3","6.5","ug/m3 LC","36","ChelmsfordNR","1","100.0000","88101","PM2.5 - Local Conditions","170","Met One BAM-1020 Mass Monitor w/VSCC","14460","Boston-Cambridge-Newton, MA-NH","25","Massachusetts","017","Middlesex","42.6120846820042","-71.3069864063041"
"02/23/2020","AQS","250170010","3","12.5","ug/m3 LC","57","ChelmsfordNR","1","100.0000","88101","PM2.5 - Local Conditions","170","Met One BAM-1020 Mass Monitor w/VSCC","14460","Boston-Cambridge-Newton, MA-NH","25","Massachusetts","017","Middlesex","42.6120846820042","-71.3069864063041"
"02/24/2020","AQS","250170010","3","13.2","ug/m3 LC","59","ChelmsfordNR","1","100.0000","88101","PM2.5 - Local Conditions","170","Met One BAM-1020 Mass Monitor w/VSCC","14460","Boston-Cambridge-Newton, MA-NH","25","Massachusetts","017","Middlesex","42.6120846820042","-71.3069864063041"
"02/25/2020","AQS","250170010","3","12.2","ug/m3 LC","57","ChelmsfordNR","1","100.0000","88101","PM2.5 - Local Conditions","170","Met One BAM-1020 Mass Monitor w/VSCC","14460","Boston-Cambridge-Newton, MA-NH","25","Massachusetts","017","Middlesex","42.6120846820042","-71.3069864063041"
"02/26/2020","AQS","250170010","3","11.6","ug/m3 LC","56","ChelmsfordNR","1","100.0000","88101","PM2.5 - Local Conditions","170","Met One BAM-1020 Mass Monitor w/VSCC","14460","Boston-Cambridge-Newton, MA-NH","25","Massachusetts","017","Middlesex","42.6120846820042","-71.3069864063041"
"02/27/2020","AQS","250170010","3","2.9","ug/m3 LC","16","ChelmsfordNR","1","100.0000","88101","PM2.5 - Local Conditions","170","Met One BAM-1020 Mass Monitor w/VSCC","14460","Boston-Cambridge-Newton, MA-NH","25","Massachusetts","017","Middlesex","42.6120846820042","-71.3069864063041"
"02/28/2020","AQS","250170010","3","4.3","ug/m3 LC","24","ChelmsfordNR","1","100.0000","88101","PM2.5 - Local Conditions","170","Met One BAM-1020 Mass Monitor w/VSCC","14460","Boston-Cambridge-Newton, MA-NH","25","Massachusetts","017","Middlesex","42.6120846820042","-71.3069864063041"
"02/29/2020","AQS","250170010","3","4.8","ug/m3 LC","27","ChelmsfordNR","1","100.0000","88101","PM2.5 - Local Conditions","170","Met One BAM-1020 Mass Monitor w/VSCC","14460","Boston-Cambridge-Newton, MA-NH","25","Massachusetts","017","Middlesex","42.6120846820042","-71.3069864063041"
"03/01/2020","AQS","250170010","3","5","ug/m3 LC","28","ChelmsfordNR","1","100.0000","88101","PM2.5 - Local Conditions","170","Met One BAM-1020 Mass Monitor w/VSCC","14460","Boston-Cambridge-Newton, MA-NH","25","Massachusetts","017","Middlesex","42.6120846820042","-71.3069864063041"
"03/02/2020","AQS","250170010","3","9.7","ug/m3 LC","52","ChelmsfordNR","1","100.0000","88101","PM2.5 - Local Conditions","170","Met One BAM-1020 Mass Monitor w/VSCC","14460","Boston-Cambridge-Newton, MA-NH","25","Massachusetts","017","Middlesex","42.6120846820042","-71.3069864063041"
"03/03/2020","AQS","250170010","3","11.3","ug/m3 LC","55","ChelmsfordNR","1","100.0000","88101","PM2.5 - Local Conditions","170","Met One BAM-1020 Mass Monitor w/VSCC","14460","Boston-Cambridge-Newton, MA-NH","25","Massachusetts","017","Middlesex","42.6120846820042","-71.3069864063041"
"03/04/2020","AQS","250170010","3","5.1","ug/m3 LC","28","ChelmsfordNR","1","100.0000","88101","PM2.5 - Local Conditions","170","Met One BAM-1020 Mass Monitor w/VSCC","14460","Boston-Cambridge-Newton, MA-NH","25","Massachusetts","017","Middlesex","42.6120846820042","-71.3069864063041"
"03/05/2020","AQS","250170010","3","5.1","ug/m3 LC","28","ChelmsfordNR","1","100.0000","88101","PM2.5 - Local Conditions","170","Met One BAM-1020 Mass Monitor w/VSCC","14460","Boston-Cambridge-Newton, MA-NH","25","Massachusetts","017","Middlesex","42.6120846820042","-71.3069864063041"
"03/06/2020","AQS","250170010","3","8","ug/m3 LC","44","ChelmsfordNR","1","100.0000","88101","PM2.5 - Local Conditions","170","Met One BAM-1020 Mass Monitor w/VSCC","14460","Boston-Cambridge-Newton, MA-NH","25","Massachusetts","017","Middlesex","42.6120846820042","-71.3069864063041"
"03/07/2020","AQS","250170010","3","2.7","ug/m3 LC","15","ChelmsfordNR","1","100.0000","88101","PM2.5 - Local Conditions","170","Met One BAM-1020 Mass Monitor w/VSCC","14460","Boston-Cambridge-Newton, MA-NH","25","Massachusetts","017","Middlesex","42.6120846820042","-71.3069864063041"
"03/08/2020","AQS","250170010","3","4.9","ug/m3 LC","27","ChelmsfordNR","1","100.0000","88101","PM2.5 - Local Conditions","170","Met One BAM-1020 Mass Monitor w/VSCC","14460","Boston-Cambridge-Newton, MA-NH","25","Massachusetts","017","Middlesex","42.6120846820042","-71.3069864063041"
"03/09/2020","AQS","250170010","3","7.2","ug/m3 LC","40","ChelmsfordNR","1","100.0000","88101","PM2.5 - Local Conditions","170","Met One BAM-1020 Mass Monitor w/VSCC","14460","Boston-Cambridge-Newton, MA-NH","25","Massachusetts","017","Middlesex","42.6120846820042","-71.3069864063041"
"03/10/2020","AQS","250170010","3","11.1","ug/m3 LC","55","ChelmsfordNR","1","100.0000","88101","PM2.5 - Local Conditions","170","Met One BAM-1020 Mass Monitor w/VSCC","14460","Boston-Cambridge-Newton, MA-NH","25","Massachusetts","017","Middlesex","42.6120846820042","-71.3069864063041"
"03/11/2020","AQS","250170010","3","3.1","ug/m3 LC","17","ChelmsfordNR","1","100.0000","88101","PM2.5 - Local Conditions","170","Met One BAM-1020 Mass Monitor w/VSCC","14460","Boston-Cambridge-Newton, MA-NH","25","Massachusetts","017","Middlesex","42.6120846820042","-71.3069864063041"
"03/12/2020","AQS","250170010","3","5.8","ug/m3 LC","32","ChelmsfordNR","1","100.0000","88101","PM2.5 - Local Conditions","170","Met One BAM-1020 Mass Monitor w/VSCC","14460","Boston-Cambridge-Newton, MA-NH","25","Massachusetts","017","Middlesex","42.6120846820042","-71.3069864063041"
"03/13/2020","AQS","250170010","3","6.1","ug/m3 LC","34","ChelmsfordNR","1","100.0000","88101","PM2.5 - Local Conditions","170","Met One BAM-1020 Mass Monitor w/VSCC","14460","Boston-Cambridge-Newton, MA-NH","25","Massachusetts","017","Middlesex","42.6120846820042","-71.3069864063041"
"03/14/2020","AQS","250170010","3","3.5","ug/m3 LC","19","ChelmsfordNR","1","100.0000","88101","PM2.5 - Local Conditions","170","Met One BAM-1020 Mass Monitor w/VSCC","14460","Boston-Cambridge-Newton, MA-NH","25","Massachusetts","017","Middlesex","42.6120846820042","-71.3069864063041"
"03/15/2020","AQS","250170010","3","3","ug/m3 LC","17","ChelmsfordNR","1","100.0000","88101","PM2.5 - Local Conditions","170","Met One BAM-1020 Mass Monitor w/VSCC","14460","Boston-Cambridge-Newton, MA-NH","25","Massachusetts","017","Middlesex","42.6120846820042","-71.3069864063041"
"03/16/2020","AQS","250170010","3","3.2","ug/m3 LC","18","ChelmsfordNR","1","100.0000","88101","PM2.5 - Local Conditions","170","Met One BAM-1020 Mass Monitor w/VSCC","14460","Boston-Cambridge-Newton, MA-NH","25","Massachusetts","017","Middlesex","42.6120846820042","-71.3069864063041"
"03/17/2020","AQS","250170010","3","6","ug/m3 LC","33","ChelmsfordNR","1","100.0000","88101","PM2.5 - Local Conditions","170","Met One BAM-1020 Mass Monitor w/VSCC","14460","Boston-Cambridge-Newton, MA-NH","25","Massachusetts","017","Middlesex","42.6120846820042","-71.3069864063041"
"03/18/2020","AQS","250170010","3","5.5","ug/m3 LC","31","ChelmsfordNR","1","100.0000","88101","PM2.5 - Local Conditions","170","Met One BAM-1020 Mass Monitor w/VSCC","14460","Boston-Cambridge-Newton, MA-NH","25","Massachusetts","017","Middlesex","42.6120846820042","-71.3069864063041"
"03/19/2020","AQS","250170010","3","5.1","ug/m3 LC","28","ChelmsfordNR","1","100.0000","88101","PM2.5 - Local Conditions","170","Met One BAM-1020 Mass Monitor w/VSCC","14460","Boston-Cambridge-Newton, MA-NH","25","Massachusetts","017","Middlesex","42.6120846820042","-71.3069864063041"
"03/20/2020","AQS","250170010","3","6.6","ug/m3 LC","37","ChelmsfordNR","1","100.0000","88101","PM2.5 - Local Conditions","170","Met One BAM-1020 Mass Monitor w/VSCC","14460","Boston-Cambridge-Newton, MA-NH","25","Massachusetts","017","Middlesex","42.6120846820042","-71.3069864063041"
"03/21/2020","AQS","250170010","3","3.3","ug/m3 LC","18","ChelmsfordNR","1","100.0000","88101","PM2.5 - Local Conditions","170","Met One BAM-1020 Mass Monitor w/VSCC","14460","Boston-Cambridge-Newton, MA-NH","25","Massachusetts","017","Middlesex","42.6120846820042","-71.3069864063041"
"03/22/2020","AQS","250170010","3","4.6","ug/m3 LC","26","ChelmsfordNR","1","100.0000","88101","PM2.5 - Local Conditions","170","Met One BAM-1020 Mass Monitor w/VSCC","14460","Boston-Cambridge-Newton, MA-NH","25","Massachusetts","017","Middlesex","42.6120846820042","-71.3069864063041"
"03/23/2020","AQS","250170010","3","5","ug/m3 LC","28","ChelmsfordNR","1","100.0000","88101","PM2.5 - Local Conditions","170","Met One BAM-1020 Mass Monitor w/VSCC","14460","Boston-Cambridge-Newton, MA-NH","25","Massachusetts","017","Middlesex","42.6120846820042","-71.3069864063041"
"03/24/2020","AQS","250170010","3","4.2","ug/m3 LC","23","ChelmsfordNR","1","100.0000","88101","PM2.5 - Local Conditions","170","Met One BAM-1020 Mass Monitor w/VSCC","14460","Boston-Cambridge-Newton, MA-NH","25","Massachusetts","017","Middlesex","42.6120846820042","-71.3069864063041"
"03/25/2020","AQS","250170010","3","6.6","ug/m3 LC","37","ChelmsfordNR","1","100.0000","88101","PM2.5 - Local Conditions","170","Met One BAM-1020 Mass Monitor w/VSCC","14460","Boston-Cambridge-Newton, MA-NH","25","Massachusetts","017","Middlesex","42.6120846820042","-71.3069864063041"
"03/26/2020","AQS","250170010","3","7","ug/m3 LC","39","ChelmsfordNR","1","100.0000","88101","PM2.5 - Local Conditions","170","Met One BAM-1020 Mass Monitor w/VSCC","14460","Boston-Cambridge-Newton, MA-NH","25","Massachusetts","017","Middlesex","42.6120846820042","-71.3069864063041"
"03/27/2020","AQS","250170010","3","5.6","ug/m3 LC","31","ChelmsfordNR","1","100.0000","88101","PM2.5 - Local Conditions","170","Met One BAM-1020 Mass Monitor w/VSCC","14460","Boston-Cambridge-Newton, MA-NH","25","Massachusetts","017","Middlesex","42.6120846820042","-71.3069864063041"
"03/28/2020","AQS","250170010","3","8.6","ug/m3 LC","48","ChelmsfordNR","1","100.0000","88101","PM2.5 - Local Conditions","170","Met One BAM-1020 Mass Monitor w/VSCC","14460","Boston-Cambridge-Newton, MA-NH","25","Massachusetts","017","Middlesex","42.6120846820042","-71.3069864063041"
"03/29/2020","AQS","250170010","3","5.1","ug/m3 LC","28","ChelmsfordNR","1","100.0000","88101","PM2.5 - Local Conditions","170","Met One BAM-1020 Mass Monitor w/VSCC","14460","Boston-Cambridge-Newton, MA-NH","25","Massachusetts","017","Middlesex","42.6120846820042","-71.3069864063041"
"03/30/2020","AQS","250170010","3","3.3","ug/m3 LC","18","ChelmsfordNR","1","100.0000","88101","PM2.5 - Local Conditions","170","Met One BAM-1020 Mass Monitor w/VSCC","14460","Boston-Cambridge-Newton, MA-NH","25","Massachusetts","017","Middlesex","42.6120846820042","-71.3069864063041"
"03/31/2020","AQS","250170010","3","4.5","ug/m3 LC","25","ChelmsfordNR","1","100.0000","88101","PM2.5 - Local Conditions","170","Met One BAM-1020 Mass Monitor w/VSCC","14460","Boston-Cambridge-Newton, MA-NH","25","Massachusetts","017","Middlesex","42.6120846820042","-71.3069864063041"
"04/01/2020","AQS","250170010","3","3.6","ug/m3 LC","20","ChelmsfordNR","1","100.0000","88101","PM2.5 - Local Conditions","170","Met One BAM-1020 Mass Monitor w/VSCC","14460","Boston-Cambridge-Newton, MA-NH","25","Massachusetts","017","Middlesex","42.6120846820042","-71.3069864063041"
"04/02/2020","AQS","250170010","3","3","ug/m3 LC","17","ChelmsfordNR","1","100.0000","88101","PM2.5 - Local Conditions","170","Met One BAM-1020 Mass Monitor w/VSCC","14460","Boston-Cambridge-Newton, MA-NH","25","Massachusetts","017","Middlesex","42.6120846820042","-71.3069864063041"
"04/03/2020","AQS","250170010","3","2.8","ug/m3 LC","16","ChelmsfordNR","1","100.0000","88101","PM2.5 - Local Conditions","170","Met One BAM-1020 Mass Monitor w/VSCC","14460","Boston-Cambridge-Newton, MA-NH","25","Massachusetts","017","Middlesex","42.6120846820042","-71.3069864063041"
"04/04/2020","AQS","250170010","3","6.7","ug/m3 LC","37","ChelmsfordNR","1","100.0000","88101","PM2.5 - Local Conditions","170","Met One BAM-1020 Mass Monitor w/VSCC","14460","Boston-Cambridge-Newton, MA-NH","25","Massachusetts","017","Middlesex","42.6120846820042","-71.3069864063041"
"04/05/2020","AQS","250170010","3","8.1","ug/m3 LC","45","ChelmsfordNR","1","100.0000","88101","PM2.5 - Local Conditions","170","Met One BAM-1020 Mass Monitor w/VSCC","14460","Boston-Cambridge-Newton, MA-NH","25","Massachusetts","017","Middlesex","42.6120846820042","-71.3069864063041"
"04/06/2020","AQS","250170010","3","4.6","ug/m3 LC","26","ChelmsfordNR","1","100.0000","88101","PM2.5 - Local Conditions","170","Met One BAM-1020 Mass Monitor w/VSCC","14460","Boston-Cambridge-Newton, MA-NH","25","Massachusetts","017","Middlesex","42.6120846820042","-71.3069864063041"
"04/07/2020","AQS","250170010","3","7","ug/m3 LC","39","ChelmsfordNR","1","100.0000","88101","PM2.5 - Local Conditions","170","Met One BAM-1020 Mass Monitor w/VSCC","14460","Boston-Cambridge-Newton, MA-NH","25","Massachusetts","017","Middlesex","42.6120846820042","-71.3069864063041"
"04/08/2020","AQS","250170010","3","9.5","ug/m3 LC","52","ChelmsfordNR","1","100.0000","88101","PM2.5 - Local Conditions","170","Met One BAM-1020 Mass Monitor w/VSCC","14460","Boston-Cambridge-Newton, MA-NH","25","Massachusetts","017","Middlesex","42.6120846820042","-71.3069864063041"
"04/09/2020","AQS","250170010","3","7.9","ug/m3 LC","44","ChelmsfordNR","1","100.0000","88101","PM2.5 - Local Conditions","170","Met One BAM-1020 Mass Monitor w/VSCC","14460","Boston-Cambridge-Newton, MA-NH","25","Massachusetts","017","Middlesex","42.6120846820042","-71.3069864063041"
"04/10/2020","AQS","250170010","3","3.9","ug/m3 LC","22","ChelmsfordNR","1","100.0000","88101","PM2.5 - Local Conditions","170","Met One BAM-1020 Mass Monitor w/VSCC","14460","Boston-Cambridge-Newton, MA-NH","25","Massachusetts","017","Middlesex","42.6120846820042","-71.3069864063041"
"04/11/2020","AQS","250170010","3","3.4","ug/m3 LC","19","ChelmsfordNR","1","100.0000","88101","PM2.5 - Local Conditions","170","Met One BAM-1020 Mass Monitor w/VSCC","14460","Boston-Cambridge-Newton, MA-NH","25","Massachusetts","017","Middlesex","42.6120846820042","-71.3069864063041"
"04/12/2020","AQS","250170010","3","8","ug/m3 LC","44","ChelmsfordNR","1","100.0000","88101","PM2.5 - Local Conditions","170","Met One BAM-1020 Mass Monitor w/VSCC","14460","Boston-Cambridge-Newton, MA-NH","25","Massachusetts","017","Middlesex","42.6120846820042","-71.3069864063041"
"04/13/2020","AQS","250170010","3","6.8","ug/m3 LC","38","ChelmsfordNR","1","100.0000","88101","PM2.5 - Local Conditions","170","Met One BAM-1020 Mass Monitor w/VSCC","14460","Boston-Cambridge-Newton, MA-NH","25","Massachusetts","017","Middlesex","42.6120846820042","-71.3069864063041"
"04/18/2020","AQS","250170010","3","6","ug/m3 LC","33","ChelmsfordNR","1","100.0000","88101","PM2.5 - Local Conditions","170","Met One BAM-1020 Mass Monitor w/VSCC","14460","Boston-Cambridge-Newton, MA-NH","25","Massachusetts","017","Middlesex","42.6120846820042","-71.3069864063041"
"04/19/2020","AQS","250170010","3","7.8","ug/m3 LC","43","ChelmsfordNR","1","100.0000","88101","PM2.5 - Local Conditions","170","Met One BAM-1020 Mass Monitor w/VSCC","14460","Boston-Cambridge-Newton, MA-NH","25","Massachusetts","017","Middlesex","42.6120846820042","-71.3069864063041"
"04/20/2020","AQS","250170010","3","5.4","ug/m3 LC","30","ChelmsfordNR","1","100.0000","88101","PM2.5 - Local Conditions","170","Met One BAM-1020 Mass Monitor w/VSCC","14460","Boston-Cambridge-Newton, MA-NH","25","Massachusetts","017","Middlesex","42.6120846820042","-71.3069864063041"
"04/21/2020","AQS","250170010","3","5.5","ug/m3 LC","31","ChelmsfordNR","1","100.0000","88101","PM2.5 - Local Conditions","170","Met One BAM-1020 Mass Monitor w/VSCC","14460","Boston-Cambridge-Newton, MA-NH","25","Massachusetts","017","Middlesex","42.6120846820042","-71.3069864063041"
"04/22/2020","AQS","250170010","3","3.7","ug/m3 LC","21","ChelmsfordNR","1","100.0000","88101","PM2.5 - Local Conditions","170","Met One BAM-1020 Mass Monitor w/VSCC","14460","Boston-Cambridge-Newton, MA-NH","25","Massachusetts","017","Middlesex","42.6120846820042","-71.3069864063041"
"04/23/2020","AQS","250170010","3","5","ug/m3 LC","28","ChelmsfordNR","1","100.0000","88101","PM2.5 - Local Conditions","170","Met One BAM-1020 Mass Monitor w/VSCC","14460","Boston-Cambridge-Newton, MA-NH","25","Massachusetts","017","Middlesex","42.6120846820042","-71.3069864063041"
"04/24/2020","AQS","250170010","3","9.6","ug/m3 LC","52","ChelmsfordNR","1","100.0000","88101","PM2.5 - Local Conditions","170","Met One BAM-1020 Mass Monitor w/VSCC","14460","Boston-Cambridge-Newton, MA-NH","25","Massachusetts","017","Middlesex","42.6120846820042","-71.3069864063041"
"04/25/2020","AQS","250170010","3","12.3","ug/m3 LC","57","ChelmsfordNR","1","100.0000","88101","PM2.5 - Local Conditions","170","Met One BAM-1020 Mass Monitor w/VSCC","14460","Boston-Cambridge-Newton, MA-NH","25","Massachusetts","017","Middlesex","42.6120846820042","-71.3069864063041"
"04/26/2020","AQS","250170010","3","6.7","ug/m3 LC","37","ChelmsfordNR","1","100.0000","88101","PM2.5 - Local Conditions","170","Met One BAM-1020 Mass Monitor w/VSCC","14460","Boston-Cambridge-Newton, MA-NH","25","Massachusetts","017","Middlesex","42.6120846820042","-71.3069864063041"
"04/27/2020","AQS","250170010","3","3.8","ug/m3 LC","21","ChelmsfordNR","1","100.0000","88101","PM2.5 - Local Conditions","170","Met One BAM-1020 Mass Monitor w/VSCC","14460","Boston-Cambridge-Newton, MA-NH","25","Massachusetts","017","Middlesex","42.6120846820042","-71.3069864063041"
"04/28/2020","AQS","250170010","3","4.8","ug/m3 LC","27","ChelmsfordNR","1","100.0000","88101","PM2.5 - Local Conditions","170","Met One BAM-1020 Mass Monitor w/VSCC","14460","Boston-Cambridge-Newton, MA-NH","25","Massachusetts","017","Middlesex","42.6120846820042","-71.3069864063041"
"04/29/2020","AQS","250170010","3","6.6","ug/m3 LC","37","ChelmsfordNR","1","100.0000","88101","PM2.5 - Local Conditions","170","Met One BAM-1020 Mass Monitor w/VSCC","14460","Boston-Cambridge-Newton, MA-NH","25","Massachusetts","017","Middlesex","42.6120846820042","-71.3069864063041"
"04/30/2020","AQS","250170010","3","9.3","ug/m3 LC","51","ChelmsfordNR","1","100.0000","88101","PM2.5 - Local Conditions","170","Met One BAM-1020 Mass Monitor w/VSCC","14460","Boston-Cambridge-Newton, MA-NH","25","Massachusetts","017","Middlesex","42.6120846820042","-71.3069864063041"
"05/01/2020","AQS","250170010","3","6.8","ug/m3 LC","38","ChelmsfordNR","1","100.0000","88101","PM2.5 - Local Conditions","170","Met One BAM-1020 Mass Monitor w/VSCC","14460","Boston-Cambridge-Newton, MA-NH","25","Massachusetts","017","Middlesex","42.6120846820042","-71.3069864063041"
"05/02/2020","AQS","250170010","3","7.5","ug/m3 LC","42","ChelmsfordNR","1","100.0000","88101","PM2.5 - Local Conditions","170","Met One BAM-1020 Mass Monitor w/VSCC","14460","Boston-Cambridge-Newton, MA-NH","25","Massachusetts","017","Middlesex","42.6120846820042","-71.3069864063041"
"05/03/2020","AQS","250170010","3","11.1","ug/m3 LC","55","ChelmsfordNR","1","100.0000","88101","PM2.5 - Local Conditions","170","Met One BAM-1020 Mass Monitor w/VSCC","14460","Boston-Cambridge-Newton, MA-NH","25","Massachusetts","017","Middlesex","42.6120846820042","-71.3069864063041"
"05/04/2020","AQS","250170010","3","4.3","ug/m3 LC","24","ChelmsfordNR","1","100.0000","88101","PM2.5 - Local Conditions","170","Met One BAM-1020 Mass Monitor w/VSCC","14460","Boston-Cambridge-Newton, MA-NH","25","Massachusetts","017","Middlesex","42.6120846820042","-71.3069864063041"
"05/05/2020","AQS","250170010","3","4","ug/m3 LC","22","ChelmsfordNR","1","100.0000","88101","PM2.5 - Local Conditions","170","Met One BAM-1020 Mass Monitor w/VSCC","14460","Boston-Cambridge-Newton, MA-NH","25","Massachusetts","017","Middlesex","42.6120846820042","-71.3069864063041"
"05/06/2020","AQS","250170010","3","5.5","ug/m3 LC","31","ChelmsfordNR","1","100.0000","88101","PM2.5 - Local Conditions","170","Met One BAM-1020 Mass Monitor w/VSCC","14460","Boston-Cambridge-Newton, MA-NH","25","Massachusetts","017","Middlesex","42.6120846820042","-71.3069864063041"
"05/07/2020","AQS","250170010","3","4.6","ug/m3 LC","26","ChelmsfordNR","1","100.0000","88101","PM2.5 - Local Conditions","170","Met One BAM-1020 Mass Monitor w/VSCC","14460","Boston-Cambridge-Newton, MA-NH","25","Massachusetts","017","Middlesex","42.6120846820042","-71.3069864063041"
"05/08/2020","AQS","250170010","3","4.8","ug/m3 LC","27","ChelmsfordNR","1","100.0000","88101","PM2.5 - Local Conditions","170","Met One BAM-1020 Mass Monitor w/VSCC","14460","Boston-Cambridge-Newton, MA-NH","25","Massachusetts","017","Middlesex","42.6120846820042","-71.3069864063041"
"05/09/2020","AQS","250170010","3","3.3","ug/m3 LC","18","ChelmsfordNR","1","100.0000","88101","PM2.5 - Local Conditions","170","Met One BAM-1020 Mass Monitor w/VSCC","14460","Boston-Cambridge-Newton, MA-NH","25","Massachusetts","017","Middlesex","42.6120846820042","-71.3069864063041"
"05/10/2020","AQS","250170010","3","5.8","ug/m3 LC","32","ChelmsfordNR","1","100.0000","88101","PM2.5 - Local Conditions","170","Met One BAM-1020 Mass Monitor w/VSCC","14460","Boston-Cambridge-Newton, MA-NH","25","Massachusetts","017","Middlesex","42.6120846820042","-71.3069864063041"
"05/11/2020","AQS","250170010","3","8.9","ug/m3 LC","49","ChelmsfordNR","1","100.0000","88101","PM2.5 - Local Conditions","170","Met One BAM-1020 Mass Monitor w/VSCC","14460","Boston-Cambridge-Newton, MA-NH","25","Massachusetts","017","Middlesex","42.6120846820042","-71.3069864063041"
"05/12/2020","AQS","250170010","3","4.8","ug/m3 LC","27","ChelmsfordNR","1","100.0000","88101","PM2.5 - Local Conditions","170","Met One BAM-1020 Mass Monitor w/VSCC","14460","Boston-Cambridge-Newton, MA-NH","25","Massachusetts","017","Middlesex","42.6120846820042","-71.3069864063041"
"05/13/2020","AQS","250170010","3","5","ug/m3 LC","28","ChelmsfordNR","1","100.0000","88101","PM2.5 - Local Conditions","170","Met One BAM-1020 Mass Monitor w/VSCC","14460","Boston-Cambridge-Newton, MA-NH","25","Massachusetts","017","Middlesex","42.6120846820042","-71.3069864063041"
"05/14/2020","AQS","250170010","3","6.9","ug/m3 LC","38","ChelmsfordNR","1","100.0000","88101","PM2.5 - Local Conditions","170","Met One BAM-1020 Mass Monitor w/VSCC","14460","Boston-Cambridge-Newton, MA-NH","25","Massachusetts","017","Middlesex","42.6120846820042","-71.3069864063041"
"05/15/2020","AQS","250170010","3","10.1","ug/m3 LC","53","ChelmsfordNR","1","100.0000","88101","PM2.5 - Local Conditions","170","Met One BAM-1020 Mass Monitor w/VSCC","14460","Boston-Cambridge-Newton, MA-NH","25","Massachusetts","017","Middlesex","42.6120846820042","-71.3069864063041"
"05/16/2020","AQS","250170010","3","5.2","ug/m3 LC","29","ChelmsfordNR","1","100.0000","88101","PM2.5 - Local Conditions","170","Met One BAM-1020 Mass Monitor w/VSCC","14460","Boston-Cambridge-Newton, MA-NH","25","Massachusetts","017","Middlesex","42.6120846820042","-71.3069864063041"
"05/17/2020","AQS","250170010","3","7.3","ug/m3 LC","41","ChelmsfordNR","1","100.0000","88101","PM2.5 - Local Conditions","170","Met One BAM-1020 Mass Monitor w/VSCC","14460","Boston-Cambridge-Newton, MA-NH","25","Massachusetts","017","Middlesex","42.6120846820042","-71.3069864063041"
"05/18/2020","AQS","250170010","3","6.6","ug/m3 LC","37","ChelmsfordNR","1","100.0000","88101","PM2.5 - Local Conditions","170","Met One BAM-1020 Mass Monitor w/VSCC","14460","Boston-Cambridge-Newton, MA-NH","25","Massachusetts","017","Middlesex","42.6120846820042","-71.3069864063041"
"05/19/2020","AQS","250170010","3","6.8","ug/m3 LC","38","ChelmsfordNR","1","100.0000","88101","PM2.5 - Local Conditions","170","Met One BAM-1020 Mass Monitor w/VSCC","14460","Boston-Cambridge-Newton, MA-NH","25","Massachusetts","017","Middlesex","42.6120846820042","-71.3069864063041"
"05/20/2020","AQS","250170010","3","7.1","ug/m3 LC","39","ChelmsfordNR","1","100.0000","88101","PM2.5 - Local Conditions","170","Met One BAM-1020 Mass Monitor w/VSCC","14460","Boston-Cambridge-Newton, MA-NH","25","Massachusetts","017","Middlesex","42.6120846820042","-71.3069864063041"
"05/21/2020","AQS","250170010","3","7.1","ug/m3 LC","39","ChelmsfordNR","1","100.0000","88101","PM2.5 - Local Conditions","170","Met One BAM-1020 Mass Monitor w/VSCC","14460","Boston-Cambridge-Newton, MA-NH","25","Massachusetts","017","Middlesex","42.6120846820042","-71.3069864063041"
"05/22/2020","AQS","250170010","3","10.2","ug/m3 LC","53","ChelmsfordNR","1","100.0000","88101","PM2.5 - Local Conditions","170","Met One BAM-1020 Mass Monitor w/VSCC","14460","Boston-Cambridge-Newton, MA-NH","25","Massachusetts","017","Middlesex","42.6120846820042","-71.3069864063041"
"05/23/2020","AQS","250170010","3","7.8","ug/m3 LC","43","ChelmsfordNR","1","100.0000","88101","PM2.5 - Local Conditions","170","Met One BAM-1020 Mass Monitor w/VSCC","14460","Boston-Cambridge-Newton, MA-NH","25","Massachusetts","017","Middlesex","42.6120846820042","-71.3069864063041"
"05/24/2020","AQS","250170010","3","7","ug/m3 LC","39","ChelmsfordNR","1","100.0000","88101","PM2.5 - Local Conditions","170","Met One BAM-1020 Mass Monitor w/VSCC","14460","Boston-Cambridge-Newton, MA-NH","25","Massachusetts","017","Middlesex","42.6120846820042","-71.3069864063041"
"05/25/2020","AQS","250170010","3","9.7","ug/m3 LC","52","ChelmsfordNR","1","100.0000","88101","PM2.5 - Local Conditions","170","Met One BAM-1020 Mass Monitor w/VSCC","14460","Boston-Cambridge-Newton, MA-NH","25","Massachusetts","017","Middlesex","42.6120846820042","-71.3069864063041"
"05/26/2020","AQS","250170010","3","8.2","ug/m3 LC","46","ChelmsfordNR","1","100.0000","88101","PM2.5 - Local Conditions","170","Met One BAM-1020 Mass Monitor w/VSCC","14460","Boston-Cambridge-Newton, MA-NH","25","Massachusetts","017","Middlesex","42.6120846820042","-71.3069864063041"
"05/27/2020","AQS","250170010","3","5.9","ug/m3 LC","33","ChelmsfordNR","1","100.0000","88101","PM2.5 - Local Conditions","170","Met One BAM-1020 Mass Monitor w/VSCC","14460","Boston-Cambridge-Newton, MA-NH","25","Massachusetts","017","Middlesex","42.6120846820042","-71.3069864063041"
"05/28/2020","AQS","250170010","3","3.7","ug/m3 LC","21","ChelmsfordNR","1","100.0000","88101","PM2.5 - Local Conditions","170","Met One BAM-1020 Mass Monitor w/VSCC","14460","Boston-Cambridge-Newton, MA-NH","25","Massachusetts","017","Middlesex","42.6120846820042","-71.3069864063041"
"05/29/2020","AQS","250170010","3","4.2","ug/m3 LC","23","ChelmsfordNR","1","100.0000","88101","PM2.5 - Local Conditions","170","Met One BAM-1020 Mass Monitor w/VSCC","14460","Boston-Cambridge-Newton, MA-NH","25","Massachusetts","017","Middlesex","42.6120846820042","-71.3069864063041"
"05/30/2020","AQS","250170010","3","3.1","ug/m3 LC","17","ChelmsfordNR","1","100.0000","88101","PM2.5 - Local Conditions","170","Met One BAM-1020 Mass Monitor w/VSCC","14460","Boston-Cambridge-Newton, MA-NH","25","Massachusetts","017","Middlesex","42.6120846820042","-71.3069864063041"
"05/31/2020","AQS","250170010","3","3.1","ug/m3 LC","17","ChelmsfordNR","1","100.0000","88101","PM2.5 - Local Conditions","170","Met One BAM-1020 Mass Monitor w/VSCC","14460","Boston-Cambridge-Newton, MA-NH","25","Massachusetts","017","Middlesex","42.6120846820042","-71.3069864063041"
"06/01/2020","AQS","250170010","3","3.8","ug/m3 LC","21","ChelmsfordNR","1","100.0000","88101","PM2.5 - Local Conditions","170","Met One BAM-1020 Mass Monitor w/VSCC","14460","Boston-Cambridge-Newton, MA-NH","25","Massachusetts","017","Middlesex","42.6120846820042","-71.3069864063041"
"06/02/2020","AQS","250170010","3","6.4","ug/m3 LC","36","ChelmsfordNR","1","100.0000","88101","PM2.5 - Local Conditions","170","Met One BAM-1020 Mass Monitor w/VSCC","14460","Boston-Cambridge-Newton, MA-NH","25","Massachusetts","017","Middlesex","42.6120846820042","-71.3069864063041"
"06/03/2020","AQS","250170010","3","9.6","ug/m3 LC","52","ChelmsfordNR","1","100.0000","88101","PM2.5 - Local Conditions","170","Met One BAM-1020 Mass Monitor w/VSCC","14460","Boston-Cambridge-Newton, MA-NH","25","Massachusetts","017","Middlesex","42.6120846820042","-71.3069864063041"
"06/04/2020","AQS","250170010","3","12.4","ug/m3 LC","57","ChelmsfordNR","1","100.0000","88101","PM2.5 - Local Conditions","170","Met One BAM-1020 Mass Monitor w/VSCC","14460","Boston-Cambridge-Newton, MA-NH","25","Massachusetts","017","Middlesex","42.6120846820042","-71.3069864063041"
"06/05/2020","AQS","250170010","3","11.5","ug/m3 LC","55","ChelmsfordNR","1","100.0000","88101","PM2.5 - Local Conditions","170","Met One BAM-1020 Mass Monitor w/VSCC","14460","Boston-Cambridge-Newton, MA-NH","25","Massachusetts","017","Middlesex","42.6120846820042","-71.3069864063041"
"06/06/2020","AQS","250170010","3","9","ug/m3 LC","50","ChelmsfordNR","1","100.0000","88101","PM2.5 - Local Conditions","170","Met One BAM-1020 Mass Monitor w/VSCC","14460","Boston-Cambridge-Newton, MA-NH","25","Massachusetts","017","Middlesex","42.6120846820042","-71.3069864063041"
"06/07/2020","AQS","250170010","3","4.9","ug/m3 LC","27","ChelmsfordNR","1","100.0000","88101","PM2.5 - Local Conditions","170","Met One BAM-1020 Mass Monitor w/VSCC","14460","Boston-Cambridge-Newton, MA-NH","25","Massachusetts","017","Middlesex","42.6120846820042","-71.3069864063041"
"06/08/2020","AQS","250170010","3","4.7","ug/m3 LC","26","ChelmsfordNR","1","100.0000","88101","PM2.5 - Local Conditions","170","Met One BAM-1020 Mass Monitor w/VSCC","14460","Boston-Cambridge-Newton, MA-NH","25","Massachusetts","017","Middlesex","42.6120846820042","-71.3069864063041"
"06/09/2020","AQS","250170010","3","5.8","ug/m3 LC","32","ChelmsfordNR","1","100.0000","88101","PM2.5 - Local Conditions","170","Met One BAM-1020 Mass Monitor w/VSCC","14460","Boston-Cambridge-Newton, MA-NH","25","Massachusetts","017","Middlesex","42.6120846820042","-71.3069864063041"
"06/10/2020","AQS","250170010","3","8.1","ug/m3 LC","45","ChelmsfordNR","1","100.0000","88101","PM2.5 - Local Conditions","170","Met One BAM-1020 Mass Monitor w/VSCC","14460","Boston-Cambridge-Newton, MA-NH","25","Massachusetts","017","Middlesex","42.6120846820042","-71.3069864063041"
"06/11/2020","AQS","250170010","3","8.1","ug/m3 LC","45","ChelmsfordNR","1","100.0000","88101","PM2.5 - Local Conditions","170","Met One BAM-1020 Mass Monitor w/VSCC","14460","Boston-Cambridge-Newton, MA-NH","25","Massachusetts","017","Middlesex","42.6120846820042","-71.3069864063041"
"06/12/2020","AQS","250170010","3","5.7","ug/m3 LC","32","ChelmsfordNR","1","100.0000","88101","PM2.5 - Local Conditions","170","Met One BAM-1020 Mass Monitor w/VSCC","14460","Boston-Cambridge-Newton, MA-NH","25","Massachusetts","017","Middlesex","42.6120846820042","-71.3069864063041"
"06/13/2020","AQS","250170010","3","3.6","ug/m3 LC","20","ChelmsfordNR","1","100.0000","88101","PM2.5 - Local Conditions","170","Met One BAM-1020 Mass Monitor w/VSCC","14460","Boston-Cambridge-Newton, MA-NH","25","Massachusetts","017","Middlesex","42.6120846820042","-71.3069864063041"
"06/14/2020","AQS","250170010","3","5.2","ug/m3 LC","29","ChelmsfordNR","1","100.0000","88101","PM2.5 - Local Conditions","170","Met One BAM-1020 Mass Monitor w/VSCC","14460","Boston-Cambridge-Newton, MA-NH","25","Massachusetts","017","Middlesex","42.6120846820042","-71.3069864063041"
"06/15/2020","AQS","250170010","3","7.2","ug/m3 LC","40","ChelmsfordNR","1","100.0000","88101","PM2.5 - Local Conditions","170","Met One BAM-1020 Mass Monitor w/VSCC","14460","Boston-Cambridge-Newton, MA-NH","25","Massachusetts","017","Middlesex","42.6120846820042","-71.3069864063041"
"06/16/2020","AQS","250170010","3","7.4","ug/m3 LC","41","ChelmsfordNR","1","100.0000","88101","PM2.5 - Local Conditions","170","Met One BAM-1020 Mass Monitor w/VSCC","14460","Boston-Cambridge-Newton, MA-NH","25","Massachusetts","017","Middlesex","42.6120846820042","-71.3069864063041"
"06/17/2020","AQS","250170010","3","8.8","ug/m3 LC","49","ChelmsfordNR","1","100.0000","88101","PM2.5 - Local Conditions","170","Met One BAM-1020 Mass Monitor w/VSCC","14460","Boston-Cambridge-Newton, MA-NH","25","Massachusetts","017","Middlesex","42.6120846820042","-71.3069864063041"
"06/18/2020","AQS","250170010","3","5.5","ug/m3 LC","31","ChelmsfordNR","1","100.0000","88101","PM2.5 - Local Conditions","170","Met One BAM-1020 Mass Monitor w/VSCC","14460","Boston-Cambridge-Newton, MA-NH","25","Massachusetts","017","Middlesex","42.6120846820042","-71.3069864063041"
"06/19/2020","AQS","250170010","3","4.3","ug/m3 LC","24","ChelmsfordNR","1","100.0000","88101","PM2.5 - Local Conditions","170","Met One BAM-1020 Mass Monitor w/VSCC","14460","Boston-Cambridge-Newton, MA-NH","25","Massachusetts","017","Middlesex","42.6120846820042","-71.3069864063041"
"06/20/2020","AQS","250170010","3","7.7","ug/m3 LC","43","ChelmsfordNR","1","100.0000","88101","PM2.5 - Local Conditions","170","Met One BAM-1020 Mass Monitor w/VSCC","14460","Boston-Cambridge-Newton, MA-NH","25","Massachusetts","017","Middlesex","42.6120846820042","-71.3069864063041"
"06/21/2020","AQS","250170010","3","9.9","ug/m3 LC","52","ChelmsfordNR","1","100.0000","88101","PM2.5 - Local Conditions","170","Met One BAM-1020 Mass Monitor w/VSCC","14460","Boston-Cambridge-Newton, MA-NH","25","Massachusetts","017","Middlesex","42.6120846820042","-71.3069864063041"
"06/22/2020","AQS","250170010","3","5.1","ug/m3 LC","28","ChelmsfordNR","1","100.0000","88101","PM2.5 - Local Conditions","170","Met One BAM-1020 Mass Monitor w/VSCC","14460","Boston-Cambridge-Newton, MA-NH","25","Massachusetts","017","Middlesex","42.6120846820042","-71.3069864063041"
"06/23/2020","AQS","250170010","3","8.5","ug/m3 LC","47","ChelmsfordNR","1","100.0000","88101","PM2.5 - Local Conditions","170","Met One BAM-1020 Mass Monitor w/VSCC","14460","Boston-Cambridge-Newton, MA-NH","25","Massachusetts","017","Middlesex","42.6120846820042","-71.3069864063041"
"06/24/2020","AQS","250170010","3","10.8","ug/m3 LC","54","ChelmsfordNR","1","100.0000","88101","PM2.5 - Local Conditions","170","Met One BAM-1020 Mass Monitor w/VSCC","14460","Boston-Cambridge-Newton, MA-NH","25","Massachusetts","017","Middlesex","42.6120846820042","-71.3069864063041"
"06/25/2020","AQS","250170010","3","7.6","ug/m3 LC","42","ChelmsfordNR","1","100.0000","88101","PM2.5 - Local Conditions","170","Met One BAM-1020 Mass Monitor w/VSCC","14460","Boston-Cambridge-Newton, MA-NH","25","Massachusetts","017","Middlesex","42.6120846820042","-71.3069864063041"
"06/26/2020","AQS","250170010","3","8","ug/m3 LC","44","ChelmsfordNR","1","100.0000","88101","PM2.5 - Local Conditions","170","Met One BAM-1020 Mass Monitor w/VSCC","14460","Boston-Cambridge-Newton, MA-NH","25","Massachusetts","017","Middlesex","42.6120846820042","-71.3069864063041"
"06/27/2020","AQS","250170010","3","7.7","ug/m3 LC","43","ChelmsfordNR","1","100.0000","88101","PM2.5 - Local Conditions","170","Met One BAM-1020 Mass Monitor w/VSCC","14460","Boston-Cambridge-Newton, MA-NH","25","Massachusetts","017","Middlesex","42.6120846820042","-71.3069864063041"
"06/28/2020","AQS","250170010","3","6.5","ug/m3 LC","36","ChelmsfordNR","1","100.0000","88101","PM2.5 - Local Conditions","170","Met One BAM-1020 Mass Monitor w/VSCC","14460","Boston-Cambridge-Newton, MA-NH","25","Massachusetts","017","Middlesex","42.6120846820042","-71.3069864063041"
"06/29/2020","AQS","250170010","3","4.2","ug/m3 LC","23","ChelmsfordNR","1","100.0000","88101","PM2.5 - Local Conditions","170","Met One BAM-1020 Mass Monitor w/VSCC","14460","Boston-Cambridge-Newton, MA-NH","25","Massachusetts","017","Middlesex","42.6120846820042","-71.3069864063041"
"06/30/2020","AQS","250170010","3","3.3","ug/m3 LC","18","ChelmsfordNR","1","100.0000","88101","PM2.5 - Local Conditions","170","Met One BAM-1020 Mass Monitor w/VSCC","14460","Boston-Cambridge-Newton, MA-NH","25","Massachusetts","017","Middlesex","42.6120846820042","-71.3069864063041"
"07/01/2020","AQS","250170010","3","4","ug/m3 LC","22","ChelmsfordNR","1","100.0000","88101","PM2.5 - Local Conditions","170","Met One BAM-1020 Mass Monitor w/VSCC","14460","Boston-Cambridge-Newton, MA-NH","25","Massachusetts","017","Middlesex","42.6120846820042","-71.3069864063041"
"07/02/2020","AQS","250170010","3","7.1","ug/m3 LC","39","ChelmsfordNR","1","100.0000","88101","PM2.5 - Local Conditions","170","Met One BAM-1020 Mass Monitor w/VSCC","14460","Boston-Cambridge-Newton, MA-NH","25","Massachusetts","017","Middlesex","42.6120846820042","-71.3069864063041"
"07/03/2020","AQS","250170010","3","7.1","ug/m3 LC","39","ChelmsfordNR","1","100.0000","88101","PM2.5 - Local Conditions","170","Met One BAM-1020 Mass Monitor w/VSCC","14460","Boston-Cambridge-Newton, MA-NH","25","Massachusetts","017","Middlesex","42.6120846820042","-71.3069864063041"
"07/04/2020","AQS","250170010","3","9","ug/m3 LC","50","ChelmsfordNR","1","100.0000","88101","PM2.5 - Local Conditions","170","Met One BAM-1020 Mass Monitor w/VSCC","14460","Boston-Cambridge-Newton, MA-NH","25","Massachusetts","017","Middlesex","42.6120846820042","-71.3069864063041"
"07/05/2020","AQS","250170010","3","20.4","ug/m3 LC","72","ChelmsfordNR","1","100.0000","88101","PM2.5 - Local Conditions","170","Met One BAM-1020 Mass Monitor w/VSCC","14460","Boston-Cambridge-Newton, MA-NH","25","Massachusetts","017","Middlesex","42.6120846820042","-71.3069864063041"
"07/06/2020","AQS","250170010","3","5.7","ug/m3 LC","32","ChelmsfordNR","1","100.0000","88101","PM2.5 - Local Conditions","170","Met One BAM-1020 Mass Monitor w/VSCC","14460","Boston-Cambridge-Newton, MA-NH","25","Massachusetts","017","Middlesex","42.6120846820042","-71.3069864063041"
"07/07/2020","AQS","250170010","3","6","ug/m3 LC","33","ChelmsfordNR","1","100.0000","88101","PM2.5 - Local Conditions","170","Met One BAM-1020 Mass Monitor w/VSCC","14460","Boston-Cambridge-Newton, MA-NH","25","Massachusetts","017","Middlesex","42.6120846820042","-71.3069864063041"
"07/08/2020","AQS","250170010","3","9.7","ug/m3 LC","52","ChelmsfordNR","1","100.0000","88101","PM2.5 - Local Conditions","170","Met One BAM-1020 Mass Monitor w/VSCC","14460","Boston-Cambridge-Newton, MA-NH","25","Massachusetts","017","Middlesex","42.6120846820042","-71.3069864063041"
"07/09/2020","AQS","250170010","3","11","ug/m3 LC","55","ChelmsfordNR","1","100.0000","88101","PM2.5 - Local Conditions","170","Met One BAM-1020 Mass Monitor w/VSCC","14460","Boston-Cambridge-Newton, MA-NH","25","Massachusetts","017","Middlesex","42.6120846820042","-71.3069864063041"
"07/10/2020","AQS","250170010","3","5.3","ug/m3 LC","29","ChelmsfordNR","1","100.0000","88101","PM2.5 - Local Conditions","170","Met One BAM-1020 Mass Monitor w/VSCC","14460","Boston-Cambridge-Newton, MA-NH","25","Massachusetts","017","Middlesex","42.6120846820042","-71.3069864063041"
"07/11/2020","AQS","250170010","3","6.7","ug/m3 LC","37","ChelmsfordNR","1","100.0000","88101","PM2.5 - Local Conditions","170","Met One BAM-1020 Mass Monitor w/VSCC","14460","Boston-Cambridge-Newton, MA-NH","25","Massachusetts","017","Middlesex","42.6120846820042","-71.3069864063041"
"07/12/2020","AQS","250170010","3","4.2","ug/m3 LC","23","ChelmsfordNR","1","100.0000","88101","PM2.5 - Local Conditions","170","Met One BAM-1020 Mass Monitor w/VSCC","14460","Boston-Cambridge-Newton, MA-NH","25","Massachusetts","017","Middlesex","42.6120846820042","-71.3069864063041"
"07/13/2020","AQS","250170010","3","6.8","ug/m3 LC","38","ChelmsfordNR","1","100.0000","88101","PM2.5 - Local Conditions","170","Met One BAM-1020 Mass Monitor w/VSCC","14460","Boston-Cambridge-Newton, MA-NH","25","Massachusetts","017","Middlesex","42.6120846820042","-71.3069864063041"
"07/14/2020","AQS","250170010","3","4.3","ug/m3 LC","24","ChelmsfordNR","1","100.0000","88101","PM2.5 - Local Conditions","170","Met One BAM-1020 Mass Monitor w/VSCC","14460","Boston-Cambridge-Newton, MA-NH","25","Massachusetts","017","Middlesex","42.6120846820042","-71.3069864063041"
"07/15/2020","AQS","250170010","3","3.5","ug/m3 LC","19","ChelmsfordNR","1","100.0000","88101","PM2.5 - Local Conditions","170","Met One BAM-1020 Mass Monitor w/VSCC","14460","Boston-Cambridge-Newton, MA-NH","25","Massachusetts","017","Middlesex","42.6120846820042","-71.3069864063041"
"07/16/2020","AQS","250170010","3","7.4","ug/m3 LC","41","ChelmsfordNR","1","100.0000","88101","PM2.5 - Local Conditions","170","Met One BAM-1020 Mass Monitor w/VSCC","14460","Boston-Cambridge-Newton, MA-NH","25","Massachusetts","017","Middlesex","42.6120846820042","-71.3069864063041"
"07/17/2020","AQS","250170010","3","5","ug/m3 LC","28","ChelmsfordNR","1","100.0000","88101","PM2.5 - Local Conditions","170","Met One BAM-1020 Mass Monitor w/VSCC","14460","Boston-Cambridge-Newton, MA-NH","25","Massachusetts","017","Middlesex","42.6120846820042","-71.3069864063041"
"07/18/2020","AQS","250170010","3","6.8","ug/m3 LC","38","ChelmsfordNR","1","100.0000","88101","PM2.5 - Local Conditions","170","Met One BAM-1020 Mass Monitor w/VSCC","14460","Boston-Cambridge-Newton, MA-NH","25","Massachusetts","017","Middlesex","42.6120846820042","-71.3069864063041"
"07/19/2020","AQS","250170010","3","10.5","ug/m3 LC","54","ChelmsfordNR","1","100.0000","88101","PM2.5 - Local Conditions","170","Met One BAM-1020 Mass Monitor w/VSCC","14460","Boston-Cambridge-Newton, MA-NH","25","Massachusetts","017","Middlesex","42.6120846820042","-71.3069864063041"
"07/20/2020","AQS","250170010","3","7.9","ug/m3 LC","44","ChelmsfordNR","1","100.0000","88101","PM2.5 - Local Conditions","170","Met One BAM-1020 Mass Monitor w/VSCC","14460","Boston-Cambridge-Newton, MA-NH","25","Massachusetts","017","Middlesex","42.6120846820042","-71.3069864063041"
"07/21/2020","AQS","250170010","3","5.3","ug/m3 LC","29","ChelmsfordNR","1","100.0000","88101","PM2.5 - Local Conditions","170","Met One BAM-1020 Mass Monitor w/VSCC","14460","Boston-Cambridge-Newton, MA-NH","25","Massachusetts","017","Middlesex","42.6120846820042","-71.3069864063041"
"07/22/2020","AQS","250170010","3","4.5","ug/m3 LC","25","ChelmsfordNR","1","100.0000","88101","PM2.5 - Local Conditions","170","Met One BAM-1020 Mass Monitor w/VSCC","14460","Boston-Cambridge-Newton, MA-NH","25","Massachusetts","017","Middlesex","42.6120846820042","-71.3069864063041"
"07/23/2020","AQS","250170010","3","6.5","ug/m3 LC","36","ChelmsfordNR","1","100.0000","88101","PM2.5 - Local Conditions","170","Met One BAM-1020 Mass Monitor w/VSCC","14460","Boston-Cambridge-Newton, MA-NH","25","Massachusetts","017","Middlesex","42.6120846820042","-71.3069864063041"
"07/24/2020","AQS","250170010","3","7.6","ug/m3 LC","42","ChelmsfordNR","1","100.0000","88101","PM2.5 - Local Conditions","170","Met One BAM-1020 Mass Monitor w/VSCC","14460","Boston-Cambridge-Newton, MA-NH","25","Massachusetts","017","Middlesex","42.6120846820042","-71.3069864063041"
"07/25/2020","AQS","250170010","3","7.7","ug/m3 LC","43","ChelmsfordNR","1","100.0000","88101","PM2.5 - Local Conditions","170","Met One BAM-1020 Mass Monitor w/VSCC","14460","Boston-Cambridge-Newton, MA-NH","25","Massachusetts","017","Middlesex","42.6120846820042","-71.3069864063041"
"07/26/2020","AQS","250170010","3","6","ug/m3 LC","33","ChelmsfordNR","1","100.0000","88101","PM2.5 - Local Conditions","170","Met One BAM-1020 Mass Monitor w/VSCC","14460","Boston-Cambridge-Newton, MA-NH","25","Massachusetts","017","Middlesex","42.6120846820042","-71.3069864063041"
"07/27/2020","AQS","250170010","3","9.5","ug/m3 LC","52","ChelmsfordNR","1","100.0000","88101","PM2.5 - Local Conditions","170","Met One BAM-1020 Mass Monitor w/VSCC","14460","Boston-Cambridge-Newton, MA-NH","25","Massachusetts","017","Middlesex","42.6120846820042","-71.3069864063041"
"07/28/2020","AQS","250170010","3","6.5","ug/m3 LC","36","ChelmsfordNR","1","100.0000","88101","PM2.5 - Local Conditions","170","Met One BAM-1020 Mass Monitor w/VSCC","14460","Boston-Cambridge-Newton, MA-NH","25","Massachusetts","017","Middlesex","42.6120846820042","-71.3069864063041"
"07/29/2020","AQS","250170010","3","5.5","ug/m3 LC","31","ChelmsfordNR","1","100.0000","88101","PM2.5 - Local Conditions","170","Met One BAM-1020 Mass Monitor w/VSCC","14460","Boston-Cambridge-Newton, MA-NH","25","Massachusetts","017","Middlesex","42.6120846820042","-71.3069864063041"
"07/30/2020","AQS","250170010","3","6.6","ug/m3 LC","37","ChelmsfordNR","1","100.0000","88101","PM2.5 - Local Conditions","170","Met One BAM-1020 Mass Monitor w/VSCC","14460","Boston-Cambridge-Newton, MA-NH","25","Massachusetts","017","Middlesex","42.6120846820042","-71.3069864063041"
"07/31/2020","AQS","250170010","3","7.9","ug/m3 LC","44","ChelmsfordNR","1","100.0000","88101","PM2.5 - Local Conditions","170","Met One BAM-1020 Mass Monitor w/VSCC","14460","Boston-Cambridge-Newton, MA-NH","25","Massachusetts","017","Middlesex","42.6120846820042","-71.3069864063041"
"08/01/2020","AQS","250170010","3","7.3","ug/m3 LC","41","ChelmsfordNR","1","100.0000","88101","PM2.5 - Local Conditions","170","Met One BAM-1020 Mass Monitor w/VSCC","14460","Boston-Cambridge-Newton, MA-NH","25","Massachusetts","017","Middlesex","42.6120846820042","-71.3069864063041"
"08/02/2020","AQS","250170010","3","8.4","ug/m3 LC","47","ChelmsfordNR","1","100.0000","88101","PM2.5 - Local Conditions","170","Met One BAM-1020 Mass Monitor w/VSCC","14460","Boston-Cambridge-Newton, MA-NH","25","Massachusetts","017","Middlesex","42.6120846820042","-71.3069864063041"
"08/03/2020","AQS","250170010","3","7","ug/m3 LC","39","ChelmsfordNR","1","100.0000","88101","PM2.5 - Local Conditions","170","Met One BAM-1020 Mass Monitor w/VSCC","14460","Boston-Cambridge-Newton, MA-NH","25","Massachusetts","017","Middlesex","42.6120846820042","-71.3069864063041"
"08/04/2020","AQS","250170010","3","6.4","ug/m3 LC","36","ChelmsfordNR","1","100.0000","88101","PM2.5 - Local Conditions","170","Met One BAM-1020 Mass Monitor w/VSCC","14460","Boston-Cambridge-Newton, MA-NH","25","Massachusetts","017","Middlesex","42.6120846820042","-71.3069864063041"
"08/05/2020","AQS","250170010","3","5.8","ug/m3 LC","32","ChelmsfordNR","1","100.0000","88101","PM2.5 - Local Conditions","170","Met One BAM-1020 Mass Monitor w/VSCC","14460","Boston-Cambridge-Newton, MA-NH","25","Massachusetts","017","Middlesex","42.6120846820042","-71.3069864063041"
"08/06/2020","AQS","250170010","3","6","ug/m3 LC","33","ChelmsfordNR","1","100.0000","88101","PM2.5 - Local Conditions","170","Met One BAM-1020 Mass Monitor w/VSCC","14460","Boston-Cambridge-Newton, MA-NH","25","Massachusetts","017","Middlesex","42.6120846820042","-71.3069864063041"
"08/07/2020","AQS","250170010","3","8.4","ug/m3 LC","47","ChelmsfordNR","1","100.0000","88101","PM2.5 - Local Conditions","170","Met One BAM-1020 Mass Monitor w/VSCC","14460","Boston-Cambridge-Newton, MA-NH","25","Massachusetts","017","Middlesex","42.6120846820042","-71.3069864063041"
"08/08/2020","AQS","250170010","3","8.4","ug/m3 LC","47","ChelmsfordNR","1","100.0000","88101","PM2.5 - Local Conditions","170","Met One BAM-1020 Mass Monitor w/VSCC","14460","Boston-Cambridge-Newton, MA-NH","25","Massachusetts","017","Middlesex","42.6120846820042","-71.3069864063041"
"08/09/2020","AQS","250170010","3","7.9","ug/m3 LC","44","ChelmsfordNR","1","100.0000","88101","PM2.5 - Local Conditions","170","Met One BAM-1020 Mass Monitor w/VSCC","14460","Boston-Cambridge-Newton, MA-NH","25","Massachusetts","017","Middlesex","42.6120846820042","-71.3069864063041"
"08/10/2020","AQS","250170010","3","8.6","ug/m3 LC","48","ChelmsfordNR","1","100.0000","88101","PM2.5 - Local Conditions","170","Met One BAM-1020 Mass Monitor w/VSCC","14460","Boston-Cambridge-Newton, MA-NH","25","Massachusetts","017","Middlesex","42.6120846820042","-71.3069864063041"
"08/11/2020","AQS","250170010","3","11.3","ug/m3 LC","55","ChelmsfordNR","1","100.0000","88101","PM2.5 - Local Conditions","170","Met One BAM-1020 Mass Monitor w/VSCC","14460","Boston-Cambridge-Newton, MA-NH","25","Massachusetts","017","Middlesex","42.6120846820042","-71.3069864063041"
"08/12/2020","AQS","250170010","3","6.7","ug/m3 LC","37","ChelmsfordNR","1","100.0000","88101","PM2.5 - Local Conditions","170","Met One BAM-1020 Mass Monitor w/VSCC","14460","Boston-Cambridge-Newton, MA-NH","25","Massachusetts","017","Middlesex","42.6120846820042","-71.3069864063041"
"08/13/2020","AQS","250170010","3","8.5","ug/m3 LC","47","ChelmsfordNR","1","100.0000","88101","PM2.5 - Local Conditions","170","Met One BAM-1020 Mass Monitor w/VSCC","14460","Boston-Cambridge-Newton, MA-NH","25","Massachusetts","017","Middlesex","42.6120846820042","-71.3069864063041"
"08/14/2020","AQS","250170010","3","8.9","ug/m3 LC","49","ChelmsfordNR","1","100.0000","88101","PM2.5 - Local Conditions","170","Met One BAM-1020 Mass Monitor w/VSCC","14460","Boston-Cambridge-Newton, MA-NH","25","Massachusetts","017","Middlesex","42.6120846820042","-71.3069864063041"
"08/15/2020","AQS","250170010","3","8.6","ug/m3 LC","48","ChelmsfordNR","1","100.0000","88101","PM2.5 - Local Conditions","170","Met One BAM-1020 Mass Monitor w/VSCC","14460","Boston-Cambridge-Newton, MA-NH","25","Massachusetts","017","Middlesex","42.6120846820042","-71.3069864063041"
"08/16/2020","AQS","250170010","3","6.2","ug/m3 LC","34","ChelmsfordNR","1","100.0000","88101","PM2.5 - Local Conditions","170","Met One BAM-1020 Mass Monitor w/VSCC","14460","Boston-Cambridge-Newton, MA-NH","25","Massachusetts","017","Middlesex","42.6120846820042","-71.3069864063041"
"08/17/2020","AQS","250170010","3","6.5","ug/m3 LC","36","ChelmsfordNR","1","100.0000","88101","PM2.5 - Local Conditions","170","Met One BAM-1020 Mass Monitor w/VSCC","14460","Boston-Cambridge-Newton, MA-NH","25","Massachusetts","017","Middlesex","42.6120846820042","-71.3069864063041"
"08/18/2020","AQS","250170010","3","5.5","ug/m3 LC","31","ChelmsfordNR","1","100.0000","88101","PM2.5 - Local Conditions","170","Met One BAM-1020 Mass Monitor w/VSCC","14460","Boston-Cambridge-Newton, MA-NH","25","Massachusetts","017","Middlesex","42.6120846820042","-71.3069864063041"
"08/19/2020","AQS","250170010","3","5.6","ug/m3 LC","31","ChelmsfordNR","1","100.0000","88101","PM2.5 - Local Conditions","170","Met One BAM-1020 Mass Monitor w/VSCC","14460","Boston-Cambridge-Newton, MA-NH","25","Massachusetts","017","Middlesex","42.6120846820042","-71.3069864063041"
"08/20/2020","AQS","250170010","3","4.7","ug/m3 LC","26","ChelmsfordNR","1","100.0000","88101","PM2.5 - Local Conditions","170","Met One BAM-1020 Mass Monitor w/VSCC","14460","Boston-Cambridge-Newton, MA-NH","25","Massachusetts","017","Middlesex","42.6120846820042","-71.3069864063041"
"08/21/2020","AQS","250170010","3","7.1","ug/m3 LC","39","ChelmsfordNR","1","100.0000","88101","PM2.5 - Local Conditions","170","Met One BAM-1020 Mass Monitor w/VSCC","14460","Boston-Cambridge-Newton, MA-NH","25","Massachusetts","017","Middlesex","42.6120846820042","-71.3069864063041"
"08/22/2020","AQS","250170010","3","8.8","ug/m3 LC","49","ChelmsfordNR","1","100.0000","88101","PM2.5 - Local Conditions","170","Met One BAM-1020 Mass Monitor w/VSCC","14460","Boston-Cambridge-Newton, MA-NH","25","Massachusetts","017","Middlesex","42.6120846820042","-71.3069864063041"
"08/23/2020","AQS","250170010","3","7.3","ug/m3 LC","41","ChelmsfordNR","1","100.0000","88101","PM2.5 - Local Conditions","170","Met One BAM-1020 Mass Monitor w/VSCC","14460","Boston-Cambridge-Newton, MA-NH","25","Massachusetts","017","Middlesex","42.6120846820042","-71.3069864063041"
"08/24/2020","AQS","250170010","3","7.1","ug/m3 LC","39","ChelmsfordNR","1","100.0000","88101","PM2.5 - Local Conditions","170","Met One BAM-1020 Mass Monitor w/VSCC","14460","Boston-Cambridge-Newton, MA-NH","25","Massachusetts","017","Middlesex","42.6120846820042","-71.3069864063041"
"08/25/2020","AQS","250170010","3","6.8","ug/m3 LC","38","ChelmsfordNR","1","100.0000","88101","PM2.5 - Local Conditions","170","Met One BAM-1020 Mass Monitor w/VSCC","14460","Boston-Cambridge-Newton, MA-NH","25","Massachusetts","017","Middlesex","42.6120846820042","-71.3069864063041"
"08/26/2020","AQS","250170010","3","3.4","ug/m3 LC","19","ChelmsfordNR","1","100.0000","88101","PM2.5 - Local Conditions","170","Met One BAM-1020 Mass Monitor w/VSCC","14460","Boston-Cambridge-Newton, MA-NH","25","Massachusetts","017","Middlesex","42.6120846820042","-71.3069864063041"
"08/27/2020","AQS","250170010","3","5.7","ug/m3 LC","32","ChelmsfordNR","1","100.0000","88101","PM2.5 - Local Conditions","170","Met One BAM-1020 Mass Monitor w/VSCC","14460","Boston-Cambridge-Newton, MA-NH","25","Massachusetts","017","Middlesex","42.6120846820042","-71.3069864063041"
"08/28/2020","AQS","250170010","3","5.4","ug/m3 LC","30","ChelmsfordNR","1","100.0000","88101","PM2.5 - Local Conditions","170","Met One BAM-1020 Mass Monitor w/VSCC","14460","Boston-Cambridge-Newton, MA-NH","25","Massachusetts","017","Middlesex","42.6120846820042","-71.3069864063041"
"08/29/2020","AQS","250170010","3","6.6","ug/m3 LC","37","ChelmsfordNR","1","100.0000","88101","PM2.5 - Local Conditions","170","Met One BAM-1020 Mass Monitor w/VSCC","14460","Boston-Cambridge-Newton, MA-NH","25","Massachusetts","017","Middlesex","42.6120846820042","-71.3069864063041"
"08/30/2020","AQS","250170010","3","3.7","ug/m3 LC","21","ChelmsfordNR","1","100.0000","88101","PM2.5 - Local Conditions","170","Met One BAM-1020 Mass Monitor w/VSCC","14460","Boston-Cambridge-Newton, MA-NH","25","Massachusetts","017","Middlesex","42.6120846820042","-71.3069864063041"
"08/31/2020","AQS","250170010","3","4.9","ug/m3 LC","27","ChelmsfordNR","1","100.0000","88101","PM2.5 - Local Conditions","170","Met One BAM-1020 Mass Monitor w/VSCC","14460","Boston-Cambridge-Newton, MA-NH","25","Massachusetts","017","Middlesex","42.6120846820042","-71.3069864063041"
"09/01/2020","AQS","250170010","3","5.4","ug/m3 LC","30","ChelmsfordNR","1","100.0000","88101","PM2.5 - Local Conditions","170","Met One BAM-1020 Mass Monitor w/VSCC","14460","Boston-Cambridge-Newton, MA-NH","25","Massachusetts","017","Middlesex","42.6120846820042","-71.3069864063041"
"09/02/2020","AQS","250170010","3","4.2","ug/m3 LC","23","ChelmsfordNR","1","100.0000","88101","PM2.5 - Local Conditions","170","Met One BAM-1020 Mass Monitor w/VSCC","14460","Boston-Cambridge-Newton, MA-NH","25","Massachusetts","017","Middlesex","42.6120846820042","-71.3069864063041"
"09/03/2020","AQS","250170010","3","5.3","ug/m3 LC","29","ChelmsfordNR","1","100.0000","88101","PM2.5 - Local Conditions","170","Met One BAM-1020 Mass Monitor w/VSCC","14460","Boston-Cambridge-Newton, MA-NH","25","Massachusetts","017","Middlesex","42.6120846820042","-71.3069864063041"
"09/04/2020","AQS","250170010","3","5.6","ug/m3 LC","31","ChelmsfordNR","1","100.0000","88101","PM2.5 - Local Conditions","170","Met One BAM-1020 Mass Monitor w/VSCC","14460","Boston-Cambridge-Newton, MA-NH","25","Massachusetts","017","Middlesex","42.6120846820042","-71.3069864063041"
"09/05/2020","AQS","250170010","3","5.3","ug/m3 LC","29","ChelmsfordNR","1","100.0000","88101","PM2.5 - Local Conditions","170","Met One BAM-1020 Mass Monitor w/VSCC","14460","Boston-Cambridge-Newton, MA-NH","25","Massachusetts","017","Middlesex","42.6120846820042","-71.3069864063041"
"09/06/2020","AQS","250170010","3","9.5","ug/m3 LC","52","ChelmsfordNR","1","100.0000","88101","PM2.5 - Local Conditions","170","Met One BAM-1020 Mass Monitor w/VSCC","14460","Boston-Cambridge-Newton, MA-NH","25","Massachusetts","017","Middlesex","42.6120846820042","-71.3069864063041"
"09/07/2020","AQS","250170010","3","6.2","ug/m3 LC","34","ChelmsfordNR","1","100.0000","88101","PM2.5 - Local Conditions","170","Met One BAM-1020 Mass Monitor w/VSCC","14460","Boston-Cambridge-Newton, MA-NH","25","Massachusetts","017","Middlesex","42.6120846820042","-71.3069864063041"
"09/08/2020","AQS","250170010","3","5.8","ug/m3 LC","32","ChelmsfordNR","1","100.0000","88101","PM2.5 - Local Conditions","170","Met One BAM-1020 Mass Monitor w/VSCC","14460","Boston-Cambridge-Newton, MA-NH","25","Massachusetts","017","Middlesex","42.6120846820042","-71.3069864063041"
"09/09/2020","AQS","250170010","3","6.3","ug/m3 LC","35","ChelmsfordNR","1","100.0000","88101","PM2.5 - Local Conditions","170","Met One BAM-1020 Mass Monitor w/VSCC","14460","Boston-Cambridge-Newton, MA-NH","25","Massachusetts","017","Middlesex","42.6120846820042","-71.3069864063041"
"09/10/2020","AQS","250170010","3","4.5","ug/m3 LC","25","ChelmsfordNR","1","100.0000","88101","PM2.5 - Local Conditions","170","Met One BAM-1020 Mass Monitor w/VSCC","14460","Boston-Cambridge-Newton, MA-NH","25","Massachusetts","017","Middlesex","42.6120846820042","-71.3069864063041"
"09/11/2020","AQS","250170010","3","5.9","ug/m3 LC","33","ChelmsfordNR","1","100.0000","88101","PM2.5 - Local Conditions","170","Met One BAM-1020 Mass Monitor w/VSCC","14460","Boston-Cambridge-Newton, MA-NH","25","Massachusetts","017","Middlesex","42.6120846820042","-71.3069864063041"
"09/12/2020","AQS","250170010","3","7.7","ug/m3 LC","43","ChelmsfordNR","1","100.0000","88101","PM2.5 - Local Conditions","170","Met One BAM-1020 Mass Monitor w/VSCC","14460","Boston-Cambridge-Newton, MA-NH","25","Massachusetts","017","Middlesex","42.6120846820042","-71.3069864063041"
"09/13/2020","AQS","250170010","3","8.5","ug/m3 LC","47","ChelmsfordNR","1","100.0000","88101","PM2.5 - Local Conditions","170","Met One BAM-1020 Mass Monitor w/VSCC","14460","Boston-Cambridge-Newton, MA-NH","25","Massachusetts","017","Middlesex","42.6120846820042","-71.3069864063041"
"09/14/2020","AQS","250170010","3","3.2","ug/m3 LC","18","ChelmsfordNR","1","100.0000","88101","PM2.5 - Local Conditions","170","Met One BAM-1020 Mass Monitor w/VSCC","14460","Boston-Cambridge-Newton, MA-NH","25","Massachusetts","017","Middlesex","42.6120846820042","-71.3069864063041"
"09/15/2020","AQS","250170010","3","4.3","ug/m3 LC","24","ChelmsfordNR","1","100.0000","88101","PM2.5 - Local Conditions","170","Met One BAM-1020 Mass Monitor w/VSCC","14460","Boston-Cambridge-Newton, MA-NH","25","Massachusetts","017","Middlesex","42.6120846820042","-71.3069864063041"
"09/16/2020","AQS","250170010","3","5","ug/m3 LC","28","ChelmsfordNR","1","100.0000","88101","PM2.5 - Local Conditions","170","Met One BAM-1020 Mass Monitor w/VSCC","14460","Boston-Cambridge-Newton, MA-NH","25","Massachusetts","017","Middlesex","42.6120846820042","-71.3069864063041"
"09/17/2020","AQS","250170010","3","5.8","ug/m3 LC","32","ChelmsfordNR","1","100.0000","88101","PM2.5 - Local Conditions","170","Met One BAM-1020 Mass Monitor w/VSCC","14460","Boston-Cambridge-Newton, MA-NH","25","Massachusetts","017","Middlesex","42.6120846820042","-71.3069864063041"
"09/18/2020","AQS","250170010","3","6","ug/m3 LC","33","ChelmsfordNR","1","100.0000","88101","PM2.5 - Local Conditions","170","Met One BAM-1020 Mass Monitor w/VSCC","14460","Boston-Cambridge-Newton, MA-NH","25","Massachusetts","017","Middlesex","42.6120846820042","-71.3069864063041"
"09/19/2020","AQS","250170010","3","5","ug/m3 LC","28","ChelmsfordNR","1","100.0000","88101","PM2.5 - Local Conditions","170","Met One BAM-1020 Mass Monitor w/VSCC","14460","Boston-Cambridge-Newton, MA-NH","25","Massachusetts","017","Middlesex","42.6120846820042","-71.3069864063041"
"09/20/2020","AQS","250170010","3","5","ug/m3 LC","28","ChelmsfordNR","1","100.0000","88101","PM2.5 - Local Conditions","170","Met One BAM-1020 Mass Monitor w/VSCC","14460","Boston-Cambridge-Newton, MA-NH","25","Massachusetts","017","Middlesex","42.6120846820042","-71.3069864063041"
"09/21/2020","AQS","250170010","3","5","ug/m3 LC","28","ChelmsfordNR","1","100.0000","88101","PM2.5 - Local Conditions","170","Met One BAM-1020 Mass Monitor w/VSCC","14460","Boston-Cambridge-Newton, MA-NH","25","Massachusetts","017","Middlesex","42.6120846820042","-71.3069864063041"
"09/22/2020","AQS","250170010","3","4.7","ug/m3 LC","26","ChelmsfordNR","1","100.0000","88101","PM2.5 - Local Conditions","170","Met One BAM-1020 Mass Monitor w/VSCC","14460","Boston-Cambridge-Newton, MA-NH","25","Massachusetts","017","Middlesex","42.6120846820042","-71.3069864063041"
"09/23/2020","AQS","250170010","3","9.3","ug/m3 LC","51","ChelmsfordNR","1","100.0000","88101","PM2.5 - Local Conditions","170","Met One BAM-1020 Mass Monitor w/VSCC","14460","Boston-Cambridge-Newton, MA-NH","25","Massachusetts","017","Middlesex","42.6120846820042","-71.3069864063041"
"09/24/2020","AQS","250170010","3","11.7","ug/m3 LC","56","ChelmsfordNR","1","100.0000","88101","PM2.5 - Local Conditions","170","Met One BAM-1020 Mass Monitor w/VSCC","14460","Boston-Cambridge-Newton, MA-NH","25","Massachusetts","017","Middlesex","42.6120846820042","-71.3069864063041"
"09/25/2020","AQS","250170010","3","10.5","ug/m3 LC","54","ChelmsfordNR","1","100.0000","88101","PM2.5 - Local Conditions","170","Met One BAM-1020 Mass Monitor w/VSCC","14460","Boston-Cambridge-Newton, MA-NH","25","Massachusetts","017","Middlesex","42.6120846820042","-71.3069864063041"
"09/26/2020","AQS","250170010","3","11.6","ug/m3 LC","56","ChelmsfordNR","1","100.0000","88101","PM2.5 - Local Conditions","170","Met One BAM-1020 Mass Monitor w/VSCC","14460","Boston-Cambridge-Newton, MA-NH","25","Massachusetts","017","Middlesex","42.6120846820042","-71.3069864063041"
"09/27/2020","AQS","250170010","3","4.5","ug/m3 LC","25","ChelmsfordNR","1","100.0000","88101","PM2.5 - Local Conditions","170","Met One BAM-1020 Mass Monitor w/VSCC","14460","Boston-Cambridge-Newton, MA-NH","25","Massachusetts","017","Middlesex","42.6120846820042","-71.3069864063041"
"09/28/2020","AQS","250170010","3","6","ug/m3 LC","33","ChelmsfordNR","1","100.0000","88101","PM2.5 - Local Conditions","170","Met One BAM-1020 Mass Monitor w/VSCC","14460","Boston-Cambridge-Newton, MA-NH","25","Massachusetts","017","Middlesex","42.6120846820042","-71.3069864063041"
"10/03/2020","AQS","250170010","3","8.7","ug/m3 LC","48","ChelmsfordNR","1","100.0000","88101","PM2.5 - Local Conditions","170","Met One BAM-1020 Mass Monitor w/VSCC","14460","Boston-Cambridge-Newton, MA-NH","25","Massachusetts","017","Middlesex","42.6120846820042","-71.3069864063041"
"10/04/2020","AQS","250170010","3","7.5","ug/m3 LC","42","ChelmsfordNR","1","100.0000","88101","PM2.5 - Local Conditions","170","Met One BAM-1020 Mass Monitor w/VSCC","14460","Boston-Cambridge-Newton, MA-NH","25","Massachusetts","017","Middlesex","42.6120846820042","-71.3069864063041"
"10/05/2020","AQS","250170010","3","7.9","ug/m3 LC","44","ChelmsfordNR","1","100.0000","88101","PM2.5 - Local Conditions","170","Met One BAM-1020 Mass Monitor w/VSCC","14460","Boston-Cambridge-Newton, MA-NH","25","Massachusetts","017","Middlesex","42.6120846820042","-71.3069864063041"
"10/06/2020","AQS","250170010","3","5.8","ug/m3 LC","32","ChelmsfordNR","1","100.0000","88101","PM2.5 - Local Conditions","170","Met One BAM-1020 Mass Monitor w/VSCC","14460","Boston-Cambridge-Newton, MA-NH","25","Massachusetts","017","Middlesex","42.6120846820042","-71.3069864063041"
"10/07/2020","AQS","250170010","3","7.7","ug/m3 LC","43","ChelmsfordNR","1","100.0000","88101","PM2.5 - Local Conditions","170","Met One BAM-1020 Mass Monitor w/VSCC","14460","Boston-Cambridge-Newton, MA-NH","25","Massachusetts","017","Middlesex","42.6120846820042","-71.3069864063041"
"10/09/2020","AQS","250170010","3","3.6","ug/m3 LC","20","ChelmsfordNR","1","100.0000","88101","PM2.5 - Local Conditions","236","Teledyne T640 at 5.0 LPM","14460","Boston-Cambridge-Newton, MA-NH","25","Massachusetts","017","Middlesex","42.6120846820042","-71.3069864063041"
"10/10/2020","AQS","250170010","3","7.2","ug/m3 LC","40","ChelmsfordNR","1","100.0000","88101","PM2.5 - Local Conditions","236","Teledyne T640 at 5.0 LPM","14460","Boston-Cambridge-Newton, MA-NH","25","Massachusetts","017","Middlesex","42.6120846820042","-71.3069864063041"
"10/11/2020","AQS","250170010","3","4.5","ug/m3 LC","25","ChelmsfordNR","1","100.0000","88101","PM2.5 - Local Conditions","236","Teledyne T640 at 5.0 LPM","14460","Boston-Cambridge-Newton, MA-NH","25","Massachusetts","017","Middlesex","42.6120846820042","-71.3069864063041"
"10/12/2020","AQS","250170010","3","5.1","ug/m3 LC","28","ChelmsfordNR","1","100.0000","88101","PM2.5 - Local Conditions","236","Teledyne T640 at 5.0 LPM","14460","Boston-Cambridge-Newton, MA-NH","25","Massachusetts","017","Middlesex","42.6120846820042","-71.3069864063041"
"10/13/2020","AQS","250170010","3","3.3","ug/m3 LC","18","ChelmsfordNR","1","100.0000","88101","PM2.5 - Local Conditions","236","Teledyne T640 at 5.0 LPM","14460","Boston-Cambridge-Newton, MA-NH","25","Massachusetts","017","Middlesex","42.6120846820042","-71.3069864063041"
"10/14/2020","AQS","250170010","3","3.6","ug/m3 LC","20","ChelmsfordNR","1","100.0000","88101","PM2.5 - Local Conditions","236","Teledyne T640 at 5.0 LPM","14460","Boston-Cambridge-Newton, MA-NH","25","Massachusetts","017","Middlesex","42.6120846820042","-71.3069864063041"
"10/15/2020","AQS","250170010","3","6","ug/m3 LC","33","ChelmsfordNR","1","100.0000","88101","PM2.5 - Local Conditions","236","Teledyne T640 at 5.0 LPM","14460","Boston-Cambridge-Newton, MA-NH","25","Massachusetts","017","Middlesex","42.6120846820042","-71.3069864063041"
"10/16/2020","AQS","250170010","3","4.7","ug/m3 LC","26","ChelmsfordNR","1","100.0000","88101","PM2.5 - Local Conditions","236","Teledyne T640 at 5.0 LPM","14460","Boston-Cambridge-Newton, MA-NH","25","Massachusetts","017","Middlesex","42.6120846820042","-71.3069864063041"
"10/17/2020","AQS","250170010","3","4.1","ug/m3 LC","23","ChelmsfordNR","1","100.0000","88101","PM2.5 - Local Conditions","236","Teledyne T640 at 5.0 LPM","14460","Boston-Cambridge-Newton, MA-NH","25","Massachusetts","017","Middlesex","42.6120846820042","-71.3069864063041"
"10/18/2020","AQS","250170010","3","9","ug/m3 LC","50","ChelmsfordNR","1","100.0000","88101","PM2.5 - Local Conditions","236","Teledyne T640 at 5.0 LPM","14460","Boston-Cambridge-Newton, MA-NH","25","Massachusetts","017","Middlesex","42.6120846820042","-71.3069864063041"
"10/19/2020","AQS","250170010","3","11","ug/m3 LC","55","ChelmsfordNR","1","100.0000","88101","PM2.5 - Local Conditions","236","Teledyne T640 at 5.0 LPM","14460","Boston-Cambridge-Newton, MA-NH","25","Massachusetts","017","Middlesex","42.6120846820042","-71.3069864063041"
"10/20/2020","AQS","250170010","3","7.1","ug/m3 LC","39","ChelmsfordNR","1","100.0000","88101","PM2.5 - Local Conditions","236","Teledyne T640 at 5.0 LPM","14460","Boston-Cambridge-Newton, MA-NH","25","Massachusetts","017","Middlesex","42.6120846820042","-71.3069864063041"
"10/21/2020","AQS","250170010","3","4.6","ug/m3 LC","26","ChelmsfordNR","1","100.0000","88101","PM2.5 - Local Conditions","236","Teledyne T640 at 5.0 LPM","14460","Boston-Cambridge-Newton, MA-NH","25","Massachusetts","017","Middlesex","42.6120846820042","-71.3069864063041"
"10/22/2020","AQS","250170010","3","6.9","ug/m3 LC","38","ChelmsfordNR","1","100.0000","88101","PM2.5 - Local Conditions","236","Teledyne T640 at 5.0 LPM","14460","Boston-Cambridge-Newton, MA-NH","25","Massachusetts","017","Middlesex","42.6120846820042","-71.3069864063041"
"10/23/2020","AQS","250170010","3","7.6","ug/m3 LC","42","ChelmsfordNR","1","100.0000","88101","PM2.5 - Local Conditions","236","Teledyne T640 at 5.0 LPM","14460","Boston-Cambridge-Newton, MA-NH","25","Massachusetts","017","Middlesex","42.6120846820042","-71.3069864063041"
"10/24/2020","AQS","250170010","3","6.2","ug/m3 LC","34","ChelmsfordNR","1","100.0000","88101","PM2.5 - Local Conditions","236","Teledyne T640 at 5.0 LPM","14460","Boston-Cambridge-Newton, MA-NH","25","Massachusetts","017","Middlesex","42.6120846820042","-71.3069864063041"
"10/25/2020","AQS","250170010","3","5.2","ug/m3 LC","29","ChelmsfordNR","1","100.0000","88101","PM2.5 - Local Conditions","236","Teledyne T640 at 5.0 LPM","14460","Boston-Cambridge-Newton, MA-NH","25","Massachusetts","017","Middlesex","42.6120846820042","-71.3069864063041"
"10/26/2020","AQS","250170010","3","8.2","ug/m3 LC","46","ChelmsfordNR","1","100.0000","88101","PM2.5 - Local Conditions","236","Teledyne T640 at 5.0 LPM","14460","Boston-Cambridge-Newton, MA-NH","25","Massachusetts","017","Middlesex","42.6120846820042","-71.3069864063041"
"10/27/2020","AQS","250170010","3","4.8","ug/m3 LC","27","ChelmsfordNR","1","100.0000","88101","PM2.5 - Local Conditions","236","Teledyne T640 at 5.0 LPM","14460","Boston-Cambridge-Newton, MA-NH","25","Massachusetts","017","Middlesex","42.6120846820042","-71.3069864063041"
"10/28/2020","AQS","250170010","3","5.7","ug/m3 LC","32","ChelmsfordNR","1","100.0000","88101","PM2.5 - Local Conditions","236","Teledyne T640 at 5.0 LPM","14460","Boston-Cambridge-Newton, MA-NH","25","Massachusetts","017","Middlesex","42.6120846820042","-71.3069864063041"
"10/29/2020","AQS","250170010","3","6.4","ug/m3 LC","36","ChelmsfordNR","1","100.0000","88101","PM2.5 - Local Conditions","236","Teledyne T640 at 5.0 LPM","14460","Boston-Cambridge-Newton, MA-NH","25","Massachusetts","017","Middlesex","42.6120846820042","-71.3069864063041"
"10/30/2020","AQS","250170010","3","4.9","ug/m3 LC","27","ChelmsfordNR","1","100.0000","88101","PM2.5 - Local Conditions","236","Teledyne T640 at 5.0 LPM","14460","Boston-Cambridge-Newton, MA-NH","25","Massachusetts","017","Middlesex","42.6120846820042","-71.3069864063041"
"10/31/2020","AQS","250170010","3","8.7","ug/m3 LC","48","ChelmsfordNR","1","100.0000","88101","PM2.5 - Local Conditions","236","Teledyne T640 at 5.0 LPM","14460","Boston-Cambridge-Newton, MA-NH","25","Massachusetts","017","Middlesex","42.6120846820042","-71.3069864063041"
"11/01/2020","AQS","250170010","3","12","ug/m3 LC","56","ChelmsfordNR","1","100.0000","88101","PM2.5 - Local Conditions","236","Teledyne T640 at 5.0 LPM","14460","Boston-Cambridge-Newton, MA-NH","25","Massachusetts","017","Middlesex","42.6120846820042","-71.3069864063041"
"11/02/2020","AQS","250170010","3","2.2","ug/m3 LC","12","ChelmsfordNR","1","100.0000","88101","PM2.5 - Local Conditions","236","Teledyne T640 at 5.0 LPM","14460","Boston-Cambridge-Newton, MA-NH","25","Massachusetts","017","Middlesex","42.6120846820042","-71.3069864063041"
"11/03/2020","AQS","250170010","3","2.6","ug/m3 LC","14","ChelmsfordNR","1","100.0000","88101","PM2.5 - Local Conditions","236","Teledyne T640 at 5.0 LPM","14460","Boston-Cambridge-Newton, MA-NH","25","Massachusetts","017","Middlesex","42.6120846820042","-71.3069864063041"
"11/04/2020","AQS","250170010","3","4.9","ug/m3 LC","27","ChelmsfordNR","1","100.0000","88101","PM2.5 - Local Conditions","236","Teledyne T640 at 5.0 LPM","14460","Boston-Cambridge-Newton, MA-NH","25","Massachusetts","017","Middlesex","42.6120846820042","-71.3069864063041"
"11/05/2020","AQS","250170010","3","5.8","ug/m3 LC","32","ChelmsfordNR","1","100.0000","88101","PM2.5 - Local Conditions","236","Teledyne T640 at 5.0 LPM","14460","Boston-Cambridge-Newton, MA-NH","25","Massachusetts","017","Middlesex","42.6120846820042","-71.3069864063041"
"11/06/2020","AQS","250170010","3","7.1","ug/m3 LC","39","ChelmsfordNR","1","100.0000","88101","PM2.5 - Local Conditions","236","Teledyne T640 at 5.0 LPM","14460","Boston-Cambridge-Newton, MA-NH","25","Massachusetts","017","Middlesex","42.6120846820042","-71.3069864063041"
"11/07/2020","AQS","250170010","3","12.9","ug/m3 LC","58","ChelmsfordNR","1","100.0000","88101","PM2.5 - Local Conditions","236","Teledyne T640 at 5.0 LPM","14460","Boston-Cambridge-Newton, MA-NH","25","Massachusetts","017","Middlesex","42.6120846820042","-71.3069864063041"
"11/08/2020","AQS","250170010","3","21","ug/m3 LC","73","ChelmsfordNR","1","100.0000","88101","PM2.5 - Local Conditions","236","Teledyne T640 at 5.0 LPM","14460","Boston-Cambridge-Newton, MA-NH","25","Massachusetts","017","Middlesex","42.6120846820042","-71.3069864063041"
"11/09/2020","AQS","250170010","3","20.6","ug/m3 LC","72","ChelmsfordNR","1","100.0000","88101","PM2.5 - Local Conditions","236","Teledyne T640 at 5.0 LPM","14460","Boston-Cambridge-Newton, MA-NH","25","Massachusetts","017","Middlesex","42.6120846820042","-71.3069864063041"
"11/10/2020","AQS","250170010","3","12.1","ug/m3 LC","57","ChelmsfordNR","1","100.0000","88101","PM2.5 - Local Conditions","236","Teledyne T640 at 5.0 LPM","14460","Boston-Cambridge-Newton, MA-NH","25","Massachusetts","017","Middlesex","42.6120846820042","-71.3069864063041"
"11/11/2020","AQS","250170010","3","4.9","ug/m3 LC","27","ChelmsfordNR","1","100.0000","88101","PM2.5 - Local Conditions","236","Teledyne T640 at 5.0 LPM","14460","Boston-Cambridge-Newton, MA-NH","25","Massachusetts","017","Middlesex","42.6120846820042","-71.3069864063041"
"11/12/2020","AQS","250170010","3","3.2","ug/m3 LC","18","ChelmsfordNR","1","100.0000","88101","PM2.5 - Local Conditions","236","Teledyne T640 at 5.0 LPM","14460","Boston-Cambridge-Newton, MA-NH","25","Massachusetts","017","Middlesex","42.6120846820042","-71.3069864063041"
"11/13/2020","AQS","250170010","3","5","ug/m3 LC","28","ChelmsfordNR","1","100.0000","88101","PM2.5 - Local Conditions","236","Teledyne T640 at 5.0 LPM","14460","Boston-Cambridge-Newton, MA-NH","25","Massachusetts","017","Middlesex","42.6120846820042","-71.3069864063041"
"11/14/2020","AQS","250170010","3","6.7","ug/m3 LC","37","ChelmsfordNR","1","100.0000","88101","PM2.5 - Local Conditions","236","Teledyne T640 at 5.0 LPM","14460","Boston-Cambridge-Newton, MA-NH","25","Massachusetts","017","Middlesex","42.6120846820042","-71.3069864063041"
"11/15/2020","AQS","250170010","3","7.6","ug/m3 LC","42","ChelmsfordNR","1","100.0000","88101","PM2.5 - Local Conditions","236","Teledyne T640 at 5.0 LPM","14460","Boston-Cambridge-Newton, MA-NH","25","Massachusetts","017","Middlesex","42.6120846820042","-71.3069864063041"
"11/16/2020","AQS","250170010","3","4","ug/m3 LC","22","ChelmsfordNR","1","100.0000","88101","PM2.5 - Local Conditions","236","Teledyne T640 at 5.0 LPM","14460","Boston-Cambridge-Newton, MA-NH","25","Massachusetts","017","Middlesex","42.6120846820042","-71.3069864063041"
"11/17/2020","AQS","250170010","3","5.6","ug/m3 LC","31","ChelmsfordNR","1","100.0000","88101","PM2.5 - Local Conditions","236","Teledyne T640 at 5.0 LPM","14460","Boston-Cambridge-Newton, MA-NH","25","Massachusetts","017","Middlesex","42.6120846820042","-71.3069864063041"
"11/18/2020","AQS","250170010","3","3.1","ug/m3 LC","17","ChelmsfordNR","1","100.0000","88101","PM2.5 - Local Conditions","236","Teledyne T640 at 5.0 LPM","14460","Boston-Cambridge-Newton, MA-NH","25","Massachusetts","017","Middlesex","42.6120846820042","-71.3069864063041"
"11/19/2020","AQS","250170010","3","5.7","ug/m3 LC","32","ChelmsfordNR","1","100.0000","88101","PM2.5 - Local Conditions","236","Teledyne T640 at 5.0 LPM","14460","Boston-Cambridge-Newton, MA-NH","25","Massachusetts","017","Middlesex","42.6120846820042","-71.3069864063041"
"11/20/2020","AQS","250170010","3","7","ug/m3 LC","39","ChelmsfordNR","1","100.0000","88101","PM2.5 - Local Conditions","236","Teledyne T640 at 5.0 LPM","14460","Boston-Cambridge-Newton, MA-NH","25","Massachusetts","017","Middlesex","42.6120846820042","-71.3069864063041"
"11/21/2020","AQS","250170010","3","8.3","ug/m3 LC","46","ChelmsfordNR","1","100.0000","88101","PM2.5 - Local Conditions","236","Teledyne T640 at 5.0 LPM","14460","Boston-Cambridge-Newton, MA-NH","25","Massachusetts","017","Middlesex","42.6120846820042","-71.3069864063041"
"11/22/2020","AQS","250170010","3","5.6","ug/m3 LC","31","ChelmsfordNR","1","100.0000","88101","PM2.5 - Local Conditions","236","Teledyne T640 at 5.0 LPM","14460","Boston-Cambridge-Newton, MA-NH","25","Massachusetts","017","Middlesex","42.6120846820042","-71.3069864063041"
"11/23/2020","AQS","250170010","3","4","ug/m3 LC","22","ChelmsfordNR","1","100.0000","88101","PM2.5 - Local Conditions","236","Teledyne T640 at 5.0 LPM","14460","Boston-Cambridge-Newton, MA-NH","25","Massachusetts","017","Middlesex","42.6120846820042","-71.3069864063041"
"11/24/2020","AQS","250170010","3","3.2","ug/m3 LC","18","ChelmsfordNR","1","100.0000","88101","PM2.5 - Local Conditions","236","Teledyne T640 at 5.0 LPM","14460","Boston-Cambridge-Newton, MA-NH","25","Massachusetts","017","Middlesex","42.6120846820042","-71.3069864063041"
"11/25/2020","AQS","250170010","3","7.7","ug/m3 LC","43","ChelmsfordNR","1","100.0000","88101","PM2.5 - Local Conditions","236","Teledyne T640 at 5.0 LPM","14460","Boston-Cambridge-Newton, MA-NH","25","Massachusetts","017","Middlesex","42.6120846820042","-71.3069864063041"
"11/26/2020","AQS","250170010","3","10.8","ug/m3 LC","54","ChelmsfordNR","1","100.0000","88101","PM2.5 - Local Conditions","236","Teledyne T640 at 5.0 LPM","14460","Boston-Cambridge-Newton, MA-NH","25","Massachusetts","017","Middlesex","42.6120846820042","-71.3069864063041"
"11/27/2020","AQS","250170010","3","7.6","ug/m3 LC","42","ChelmsfordNR","1","100.0000","88101","PM2.5 - Local Conditions","236","Teledyne T640 at 5.0 LPM","14460","Boston-Cambridge-Newton, MA-NH","25","Massachusetts","017","Middlesex","42.6120846820042","-71.3069864063041"
"11/28/2020","AQS","250170010","3","8.6","ug/m3 LC","48","ChelmsfordNR","1","100.0000","88101","PM2.5 - Local Conditions","236","Teledyne T640 at 5.0 LPM","14460","Boston-Cambridge-Newton, MA-NH","25","Massachusetts","017","Middlesex","42.6120846820042","-71.3069864063041"
"11/29/2020","AQS","250170010","3","6.9","ug/m3 LC","38","ChelmsfordNR","1","100.0000","88101","PM2.5 - Local Conditions","236","Teledyne T640 at 5.0 LPM","14460","Boston-Cambridge-Newton, MA-NH","25","Massachusetts","017","Middlesex","42.6120846820042","-71.3069864063041"
"11/30/2020","AQS","250170010","3","10.6","ug/m3 LC","54","ChelmsfordNR","1","100.0000","88101","PM2.5 - Local Conditions","236","Teledyne T640 at 5.0 LPM","14460","Boston-Cambridge-Newton, MA-NH","25","Massachusetts","017","Middlesex","42.6120846820042","-71.3069864063041"
"12/01/2020","AQS","250170010","3","7.1","ug/m3 LC","39","ChelmsfordNR","1","100.0000","88101","PM2.5 - Local Conditions","236","Teledyne T640 at 5.0 LPM","14460","Boston-Cambridge-Newton, MA-NH","25","Massachusetts","017","Middlesex","42.6120846820042","-71.3069864063041"
"12/02/2020","AQS","250170010","3","3.3","ug/m3 LC","18","ChelmsfordNR","1","100.0000","88101","PM2.5 - Local Conditions","236","Teledyne T640 at 5.0 LPM","14460","Boston-Cambridge-Newton, MA-NH","25","Massachusetts","017","Middlesex","42.6120846820042","-71.3069864063041"
"12/03/2020","AQS","250170010","3","4.3","ug/m3 LC","24","ChelmsfordNR","1","100.0000","88101","PM2.5 - Local Conditions","236","Teledyne T640 at 5.0 LPM","14460","Boston-Cambridge-Newton, MA-NH","25","Massachusetts","017","Middlesex","42.6120846820042","-71.3069864063041"
"12/04/2020","AQS","250170010","3","5.6","ug/m3 LC","31","ChelmsfordNR","1","100.0000","88101","PM2.5 - Local Conditions","236","Teledyne T640 at 5.0 LPM","14460","Boston-Cambridge-Newton, MA-NH","25","Massachusetts","017","Middlesex","42.6120846820042","-71.3069864063041"
"12/05/2020","AQS","250170010","3","3.9","ug/m3 LC","22","ChelmsfordNR","1","100.0000","88101","PM2.5 - Local Conditions","236","Teledyne T640 at 5.0 LPM","14460","Boston-Cambridge-Newton, MA-NH","25","Massachusetts","017","Middlesex","42.6120846820042","-71.3069864063041"
"12/06/2020","AQS","250170010","3","2","ug/m3 LC","11","ChelmsfordNR","1","100.0000","88101","PM2.5 - Local Conditions","236","Teledyne T640 at 5.0 LPM","14460","Boston-Cambridge-Newton, MA-NH","25","Massachusetts","017","Middlesex","42.6120846820042","-71.3069864063041"
"12/07/2020","AQS","250170010","3","3","ug/m3 LC","17","ChelmsfordNR","1","100.0000","88101","PM2.5 - Local Conditions","236","Teledyne T640 at 5.0 LPM","14460","Boston-Cambridge-Newton, MA-NH","25","Massachusetts","017","Middlesex","42.6120846820042","-71.3069864063041"
"12/08/2020","AQS","250170010","3","5.1","ug/m3 LC","28","ChelmsfordNR","1","100.0000","88101","PM2.5 - Local Conditions","236","Teledyne T640 at 5.0 LPM","14460","Boston-Cambridge-Newton, MA-NH","25","Massachusetts","017","Middlesex","42.6120846820042","-71.3069864063041"
"12/09/2020","AQS","250170010","3","8.8","ug/m3 LC","49","ChelmsfordNR","1","100.0000","88101","PM2.5 - Local Conditions","236","Teledyne T640 at 5.0 LPM","14460","Boston-Cambridge-Newton, MA-NH","25","Massachusetts","017","Middlesex","42.6120846820042","-71.3069864063041"
"12/10/2020","AQS","250170010","3","6.7","ug/m3 LC","37","ChelmsfordNR","1","100.0000","88101","PM2.5 - Local Conditions","236","Teledyne T640 at 5.0 LPM","14460","Boston-Cambridge-Newton, MA-NH","25","Massachusetts","017","Middlesex","42.6120846820042","-71.3069864063041"
"12/11/2020","AQS","250170010","3","12.5","ug/m3 LC","57","ChelmsfordNR","1","100.0000","88101","PM2.5 - Local Conditions","236","Teledyne T640 at 5.0 LPM","14460","Boston-Cambridge-Newton, MA-NH","25","Massachusetts","017","Middlesex","42.6120846820042","-71.3069864063041"
"12/12/2020","AQS","250170010","3","17.1","ug/m3 LC","66","ChelmsfordNR","1","100.0000","88101","PM2.5 - Local Conditions","236","Teledyne T640 at 5.0 LPM","14460","Boston-Cambridge-Newton, MA-NH","25","Massachusetts","017","Middlesex","42.6120846820042","-71.3069864063041"
"12/13/2020","AQS","250170010","3","9.5","ug/m3 LC","52","ChelmsfordNR","1","100.0000","88101","PM2.5 - Local Conditions","236","Teledyne T640 at 5.0 LPM","14460","Boston-Cambridge-Newton, MA-NH","25","Massachusetts","017","Middlesex","42.6120846820042","-71.3069864063041"
"12/14/2020","AQS","250170010","3","5.3","ug/m3 LC","29","ChelmsfordNR","1","100.0000","88101","PM2.5 - Local Conditions","236","Teledyne T640 at 5.0 LPM","14460","Boston-Cambridge-Newton, MA-NH","25","Massachusetts","017","Middlesex","42.6120846820042","-71.3069864063041"
"12/15/2020","AQS","250170010","3","3.9","ug/m3 LC","22","ChelmsfordNR","1","100.0000","88101","PM2.5 - Local Conditions","236","Teledyne T640 at 5.0 LPM","14460","Boston-Cambridge-Newton, MA-NH","25","Massachusetts","017","Middlesex","42.6120846820042","-71.3069864063041"
"12/16/2020","AQS","250170010","3","4.2","ug/m3 LC","23","ChelmsfordNR","1","100.0000","88101","PM2.5 - Local Conditions","236","Teledyne T640 at 5.0 LPM","14460","Boston-Cambridge-Newton, MA-NH","25","Massachusetts","017","Middlesex","42.6120846820042","-71.3069864063041"
"12/17/2020","AQS","250170010","3","2.7","ug/m3 LC","15","ChelmsfordNR","1","100.0000","88101","PM2.5 - Local Conditions","236","Teledyne T640 at 5.0 LPM","14460","Boston-Cambridge-Newton, MA-NH","25","Massachusetts","017","Middlesex","42.6120846820042","-71.3069864063041"
"12/18/2020","AQS","250170010","3","4.6","ug/m3 LC","26","ChelmsfordNR","1","100.0000","88101","PM2.5 - Local Conditions","236","Teledyne T640 at 5.0 LPM","14460","Boston-Cambridge-Newton, MA-NH","25","Massachusetts","017","Middlesex","42.6120846820042","-71.3069864063041"
"12/19/2020","AQS","250170010","3","12","ug/m3 LC","56","ChelmsfordNR","1","100.0000","88101","PM2.5 - Local Conditions","236","Teledyne T640 at 5.0 LPM","14460","Boston-Cambridge-Newton, MA-NH","25","Massachusetts","017","Middlesex","42.6120846820042","-71.3069864063041"
"12/20/2020","AQS","250170010","3","22.9","ug/m3 LC","77","ChelmsfordNR","1","100.0000","88101","PM2.5 - Local Conditions","236","Teledyne T640 at 5.0 LPM","14460","Boston-Cambridge-Newton, MA-NH","25","Massachusetts","017","Middlesex","42.6120846820042","-71.3069864063041"
"12/21/2020","AQS","250170010","3","24","ug/m3 LC","79","ChelmsfordNR","1","100.0000","88101","PM2.5 - Local Conditions","236","Teledyne T640 at 5.0 LPM","14460","Boston-Cambridge-Newton, MA-NH","25","Massachusetts","017","Middlesex","42.6120846820042","-71.3069864063041"
"12/22/2020","AQS","250170010","3","8.6","ug/m3 LC","48","ChelmsfordNR","1","100.0000","88101","PM2.5 - Local Conditions","236","Teledyne T640 at 5.0 LPM","14460","Boston-Cambridge-Newton, MA-NH","25","Massachusetts","017","Middlesex","42.6120846820042","-71.3069864063041"
"12/23/2020","AQS","250170010","3","5.8","ug/m3 LC","32","ChelmsfordNR","1","100.0000","88101","PM2.5 - Local Conditions","236","Teledyne T640 at 5.0 LPM","14460","Boston-Cambridge-Newton, MA-NH","25","Massachusetts","017","Middlesex","42.6120846820042","-71.3069864063041"
"12/24/2020","AQS","250170010","3","8.1","ug/m3 LC","45","ChelmsfordNR","1","100.0000","88101","PM2.5 - Local Conditions","236","Teledyne T640 at 5.0 LPM","14460","Boston-Cambridge-Newton, MA-NH","25","Massachusetts","017","Middlesex","42.6120846820042","-71.3069864063041"
"12/25/2020","AQS","250170010","3","5.9","ug/m3 LC","33","ChelmsfordNR","1","100.0000","88101","PM2.5 - Local Conditions","236","Teledyne T640 at 5.0 LPM","14460","Boston-Cambridge-Newton, MA-NH","25","Massachusetts","017","Middlesex","42.6120846820042","-71.3069864063041"
"12/26/2020","AQS","250170010","3","4.6","ug/m3 LC","26","ChelmsfordNR","1","100.0000","88101","PM2.5 - Local Conditions","236","Teledyne T640 at 5.0 LPM","14460","Boston-Cambridge-Newton, MA-NH","25","Massachusetts","017","Middlesex","42.6120846820042","-71.3069864063041"
"12/27/2020","AQS","250170010","3","7.1","ug/m3 LC","39","ChelmsfordNR","1","100.0000","88101","PM2.5 - Local Conditions","236","Teledyne T640 at 5.0 LPM","14460","Boston-Cambridge-Newton, MA-NH","25","Massachusetts","017","Middlesex","42.6120846820042","-71.3069864063041"
"12/28/2020","AQS","250170010","3","10","ug/m3 LC","53","ChelmsfordNR","1","100.0000","88101","PM2.5 - Local Conditions","236","Teledyne T640 at 5.0 LPM","14460","Boston-Cambridge-Newton, MA-NH","25","Massachusetts","017","Middlesex","42.6120846820042","-71.3069864063041"
"12/29/2020","AQS","250170010","3","2.5","ug/m3 LC","14","ChelmsfordNR","1","100.0000","88101","PM2.5 - Local Conditions","236","Teledyne T640 at 5.0 LPM","14460","Boston-Cambridge-Newton, MA-NH","25","Massachusetts","017","Middlesex","42.6120846820042","-71.3069864063041"
"12/30/2020","AQS","250170010","3","4.2","ug/m3 LC","23","ChelmsfordNR","1","100.0000","88101","PM2.5 - Local Conditions","236","Teledyne T640 at 5.0 LPM","14460","Boston-Cambridge-Newton, MA-NH","25","Massachusetts","017","Middlesex","42.6120846820042","-71.3069864063041"
"12/31/2020","AQS","250170010","3","5.7","ug/m3 LC","32","ChelmsfordNR","1","100.0000","88101","PM2.5 - Local Conditions","236","Teledyne T640 at 5.0 LPM","14460","Boston-Cambridge-Newton, MA-NH","25","Massachusetts","017","Middlesex","42.6120846820042","-71.3069864063041"
"10/09/2020","AQS","250170010","23","2.9","ug/m3 LC","16","ChelmsfordNR","1","100.0000","88101","PM2.5 - Local Conditions","736","Teledyne T640 at 5.0 LPM (Corrected)","14460","Boston-Cambridge-Newton, MA-NH","25","Massachusetts","017","Middlesex","42.6120846820042","-71.3069864063041"
"10/10/2020","AQS","250170010","23","6.2","ug/m3 LC","34","ChelmsfordNR","1","100.0000","88101","PM2.5 - Local Conditions","736","Teledyne T640 at 5.0 LPM (Corrected)","14460","Boston-Cambridge-Newton, MA-NH","25","Massachusetts","017","Middlesex","42.6120846820042","-71.3069864063041"
"10/11/2020","AQS","250170010","23","3.6","ug/m3 LC","20","ChelmsfordNR","1","100.0000","88101","PM2.5 - Local Conditions","736","Teledyne T640 at 5.0 LPM (Corrected)","14460","Boston-Cambridge-Newton, MA-NH","25","Massachusetts","017","Middlesex","42.6120846820042","-71.3069864063041"
"10/12/2020","AQS","250170010","23","4.2","ug/m3 LC","23","ChelmsfordNR","1","100.0000","88101","PM2.5 - Local Conditions","736","Teledyne T640 at 5.0 LPM (Corrected)","14460","Boston-Cambridge-Newton, MA-NH","25","Massachusetts","017","Middlesex","42.6120846820042","-71.3069864063041"
"10/13/2020","AQS","250170010","23","2.7","ug/m3 LC","15","ChelmsfordNR","1","100.0000","88101","PM2.5 - Local Conditions","736","Teledyne T640 at 5.0 LPM (Corrected)","14460","Boston-Cambridge-Newton, MA-NH","25","Massachusetts","017","Middlesex","42.6120846820042","-71.3069864063041"
"10/14/2020","AQS","250170010","23","2.9","ug/m3 LC","16","ChelmsfordNR","1","100.0000","88101","PM2.5 - Local Conditions","736","Teledyne T640 at 5.0 LPM (Corrected)","14460","Boston-Cambridge-Newton, MA-NH","25","Massachusetts","017","Middlesex","42.6120846820042","-71.3069864063041"
"10/15/2020","AQS","250170010","23","4.9","ug/m3 LC","27","ChelmsfordNR","1","100.0000","88101","PM2.5 - Local Conditions","736","Teledyne T640 at 5.0 LPM (Corrected)","14460","Boston-Cambridge-Newton, MA-NH","25","Massachusetts","017","Middlesex","42.6120846820042","-71.3069864063041"
"10/16/2020","AQS","250170010","23","3.8","ug/m3 LC","21","ChelmsfordNR","1","100.0000","88101","PM2.5 - Local Conditions","736","Teledyne T640 at 5.0 LPM (Corrected)","14460","Boston-Cambridge-Newton, MA-NH","25","Massachusetts","017","Middlesex","42.6120846820042","-71.3069864063041"
"10/17/2020","AQS","250170010","23","3.3","ug/m3 LC","18","ChelmsfordNR","1","100.0000","88101","PM2.5 - Local Conditions","736","Teledyne T640 at 5.0 LPM (Corrected)","14460","Boston-Cambridge-Newton, MA-NH","25","Massachusetts","017","Middlesex","42.6120846820042","-71.3069864063041"
"10/18/2020","AQS","250170010","23","7.5","ug/m3 LC","42","ChelmsfordNR","1","100.0000","88101","PM2.5 - Local Conditions","736","Teledyne T640 at 5.0 LPM (Corrected)","14460","Boston-Cambridge-Newton, MA-NH","25","Massachusetts","017","Middlesex","42.6120846820042","-71.3069864063041"
"10/19/2020","AQS","250170010","23","9.4","ug/m3 LC","52","ChelmsfordNR","1","100.0000","88101","PM2.5 - Local Conditions","736","Teledyne T640 at 5.0 LPM (Corrected)","14460","Boston-Cambridge-Newton, MA-NH","25","Massachusetts","017","Middlesex","42.6120846820042","-71.3069864063041"
"10/20/2020","AQS","250170010","23","5.8","ug/m3 LC","32","ChelmsfordNR","1","100.0000","88101","PM2.5 - Local Conditions","736","Teledyne T640 at 5.0 LPM (Corrected)","14460","Boston-Cambridge-Newton, MA-NH","25","Massachusetts","017","Middlesex","42.6120846820042","-71.3069864063041"
"10/21/2020","AQS","250170010","23","3.7","ug/m3 LC","21","ChelmsfordNR","1","100.0000","88101","PM2.5 - Local Conditions","736","Teledyne T640 at 5.0 LPM (Corrected)","14460","Boston-Cambridge-Newton, MA-NH","25","Massachusetts","017","Middlesex","42.6120846820042","-71.3069864063041"
"10/22/2020","AQS","250170010","23","5.7","ug/m3 LC","32","ChelmsfordNR","1","100.0000","88101","PM2.5 - Local Conditions","736","Teledyne T640 at 5.0 LPM (Corrected)","14460","Boston-Cambridge-Newton, MA-NH","25","Massachusetts","017","Middlesex","42.6120846820042","-71.3069864063041"
"10/23/2020","AQS","250170010","23","6.2","ug/m3 LC","34","ChelmsfordNR","1","100.0000","88101","PM2.5 - Local Conditions","736","Teledyne T640 at 5.0 LPM (Corrected)","14460","Boston-Cambridge-Newton, MA-NH","25","Massachusetts","017","Middlesex","42.6120846820042","-71.3069864063041"
"10/24/2020","AQS","250170010","23","5.1","ug/m3 LC","28","ChelmsfordNR","1","100.0000","88101","PM2.5 - Local Conditions","736","Teledyne T640 at 5.0 LPM (Corrected)","14460","Boston-Cambridge-Newton, MA-NH","25","Massachusetts","017","Middlesex","42.6120846820042","-71.3069864063041"
"10/25/2020","AQS","250170010","23","4.3","ug/m3 LC","24","ChelmsfordNR","1","100.0000","88101","PM2.5 - Local Conditions","736","Teledyne T640 at 5.0 LPM (Corrected)","14460","Boston-Cambridge-Newton, MA-NH","25","Massachusetts","017","Middlesex","42.6120846820042","-71.3069864063041"
"10/26/2020","AQS","250170010","23","6.6","ug/m3 LC","37","ChelmsfordNR","1","100.0000","88101","PM2.5 - Local Conditions","736","Teledyne T640 at 5.0 LPM (Corrected)","14460","Boston-Cambridge-Newton, MA-NH","25","Massachusetts","017","Middlesex","42.6120846820042","-71.3069864063041"
"10/27/2020","AQS","250170010","23","3.9","ug/m3 LC","22","ChelmsfordNR","1","100.0000","88101","PM2.5 - Local Conditions","736","Teledyne T640 at 5.0 LPM (Corrected)","14460","Boston-Cambridge-Newton, MA-NH","25","Massachusetts","017","Middlesex","42.6120846820042","-71.3069864063041"
"10/28/2020","AQS","250170010","23","4.6","ug/m3 LC","26","ChelmsfordNR","1","100.0000","88101","PM2.5 - Local Conditions","736","Teledyne T640 at 5.0 LPM (Corrected)","14460","Boston-Cambridge-Newton, MA-NH","25","Massachusetts","017","Middlesex","42.6120846820042","-71.3069864063041"
"10/29/2020","AQS","250170010","23","5.2","ug/m3 LC","29","ChelmsfordNR","1","100.0000","88101","PM2.5 - Local Conditions","736","Teledyne T640 at 5.0 LPM (Corrected)","14460","Boston-Cambridge-Newton, MA-NH","25","Massachusetts","017","Middlesex","42.6120846820042","-71.3069864063041"
"10/30/2020","AQS","250170010","23","4","ug/m3 LC","22","ChelmsfordNR","1","100.0000","88101","PM2.5 - Local Conditions","736","Teledyne T640 at 5.0 LPM (Corrected)","14460","Boston-Cambridge-Newton, MA-NH","25","Massachusetts","017","Middlesex","42.6120846820042","-71.3069864063041"
"10/31/2020","AQS","250170010","23","7.5","ug/m3 LC","42","ChelmsfordNR","1","100.0000","88101","PM2.5 - Local Conditions","736","Teledyne T640 at 5.0 LPM (Corrected)","14460","Boston-Cambridge-Newton, MA-NH","25","Massachusetts","017","Middlesex","42.6120846820042","-71.3069864063041"
"11/01/2020","AQS","250170010","23","10.3","ug/m3 LC","53","ChelmsfordNR","1","100.0000","88101","PM2.5 - Local Conditions","736","Teledyne T640 at 5.0 LPM (Corrected)","14460","Boston-Cambridge-Newton, MA-NH","25","Massachusetts","017","Middlesex","42.6120846820042","-71.3069864063041"
"11/02/2020","AQS","250170010","23","1.7","ug/m3 LC","9","ChelmsfordNR","1","100.0000","88101","PM2.5 - Local Conditions","736","Teledyne T640 at 5.0 LPM (Corrected)","14460","Boston-Cambridge-Newton, MA-NH","25","Massachusetts","017","Middlesex","42.6120846820042","-71.3069864063041"
"11/03/2020","AQS","250170010","23","2.1","ug/m3 LC","12","ChelmsfordNR","1","100.0000","88101","PM2.5 - Local Conditions","736","Teledyne T640 at 5.0 LPM (Corrected)","14460","Boston-Cambridge-Newton, MA-NH","25","Massachusetts","017","Middlesex","42.6120846820042","-71.3069864063041"
"11/04/2020","AQS","250170010","23","4","ug/m3 LC","22","ChelmsfordNR","1","100.0000","88101","PM2.5 - Local Conditions","736","Teledyne T640 at 5.0 LPM (Corrected)","14460","Boston-Cambridge-Newton, MA-NH","25","Massachusetts","017","Middlesex","42.6120846820042","-71.3069864063041"
"11/05/2020","AQS","250170010","23","4.7","ug/m3 LC","26","ChelmsfordNR","1","100.0000","88101","PM2.5 - Local Conditions","736","Teledyne T640 at 5.0 LPM (Corrected)","14460","Boston-Cambridge-Newton, MA-NH","25","Massachusetts","017","Middlesex","42.6120846820042","-71.3069864063041"
"11/06/2020","AQS","250170010","23","5.9","ug/m3 LC","33","ChelmsfordNR","1","100.0000","88101","PM2.5 - Local Conditions","736","Teledyne T640 at 5.0 LPM (Corrected)","14460","Boston-Cambridge-Newton, MA-NH","25","Massachusetts","017","Middlesex","42.6120846820042","-71.3069864063041"
"11/07/2020","AQS","250170010","23","11.4","ug/m3 LC","55","ChelmsfordNR","1","100.0000","88101","PM2.5 - Local Conditions","736","Teledyne T640 at 5.0 LPM (Corrected)","14460","Boston-Cambridge-Newton, MA-NH","25","Massachusetts","017","Middlesex","42.6120846820042","-71.3069864063041"
"11/08/2020","AQS","250170010","23","19.4","ug/m3 LC","70","ChelmsfordNR","1","100.0000","88101","PM2.5 - Local Conditions","736","Teledyne T640 at 5.0 LPM (Corrected)","14460","Boston-Cambridge-Newton, MA-NH","25","Massachusetts","017","Middlesex","42.6120846820042","-71.3069864063041"
"11/09/2020","AQS","250170010","23","18.9","ug/m3 LC","69","ChelmsfordNR","1","100.0000","88101","PM2.5 - Local Conditions","736","Teledyne T640 at 5.0 LPM (Corrected)","14460","Boston-Cambridge-Newton, MA-NH","25","Massachusetts","017","Middlesex","42.6120846820042","-71.3069864063041"
"11/10/2020","AQS","250170010","23","10.7","ug/m3 LC","54","ChelmsfordNR","1","100.0000","88101","PM2.5 - Local Conditions","736","Teledyne T640 at 5.0 LPM (Corrected)","14460","Boston-Cambridge-Newton, MA-NH","25","Massachusetts","017","Middlesex","42.6120846820042","-71.3069864063041"
"11/11/2020","AQS","250170010","23","4","ug/m3 LC","22","ChelmsfordNR","1","100.0000","88101","PM2.5 - Local Conditions","736","Teledyne T640 at 5.0 LPM (Corrected)","14460","Boston-Cambridge-Newton, MA-NH","25","Massachusetts","017","Middlesex","42.6120846820042","-71.3069864063041"
"11/12/2020","AQS","250170010","23","2.6","ug/m3 LC","14","ChelmsfordNR","1","100.0000","88101","PM2.5 - Local Conditions","736","Teledyne T640 at 5.0 LPM (Corrected)","14460","Boston-Cambridge-Newton, MA-NH","25","Massachusetts","017","Middlesex","42.6120846820042","-71.3069864063041"
"11/13/2020","AQS","250170010","23","4.1","ug/m3 LC","23","ChelmsfordNR","1","100.0000","88101","PM2.5 - Local Conditions","736","Teledyne T640 at 5.0 LPM (Corrected)","14460","Boston-Cambridge-Newton, MA-NH","25","Massachusetts","017","Middlesex","42.6120846820042","-71.3069864063041"
"11/14/2020","AQS","250170010","23","5.5","ug/m3 LC","31","ChelmsfordNR","1","100.0000","88101","PM2.5 - Local Conditions","736","Teledyne T640 at 5.0 LPM (Corrected)","14460","Boston-Cambridge-Newton, MA-NH","25","Massachusetts","017","Middlesex","42.6120846820042","-71.3069864063041"
"11/15/2020","AQS","250170010","23","6.2","ug/m3 LC","34","ChelmsfordNR","1","100.0000","88101","PM2.5 - Local Conditions","736","Teledyne T640 at 5.0 LPM (Corrected)","14460","Boston-Cambridge-Newton, MA-NH","25","Massachusetts","017","Middlesex","42.6120846820042","-71.3069864063041"
"11/16/2020","AQS","250170010","23","3.3","ug/m3 LC","18","ChelmsfordNR","1","100.0000","88101","PM2.5 - Local Conditions","736","Teledyne T640 at 5.0 LPM (Corrected)","14460","Boston-Cambridge-Newton, MA-NH","25","Massachusetts","017","Middlesex","42.6120846820042","-71.3069864063041"
"11/17/2020","AQS","250170010","23","4.6","ug/m3 LC","26","ChelmsfordNR","1","100.0000","88101","PM2.5 - Local Conditions","736","Teledyne T640 at 5.0 LPM (Corrected)","14460","Boston-Cambridge-Newton, MA-NH","25","Massachusetts","017","Middlesex","42.6120846820042","-71.3069864063041"
"11/18/2020","AQS","250170010","23","2.5","ug/m3 LC","14","ChelmsfordNR","1","100.0000","88101","PM2.5 - Local Conditions","736","Teledyne T640 at 5.0 LPM (Corrected)","14460","Boston-Cambridge-Newton, MA-NH","25","Massachusetts","017","Middlesex","42.6120846820042","-71.3069864063041"
"11/19/2020","AQS","250170010","23","4.7","ug/m3 LC","26","ChelmsfordNR","1","100.0000","88101","PM2.5 - Local Conditions","736","Teledyne T640 at 5.0 LPM (Corrected)","14460","Boston-Cambridge-Newton, MA-NH","25","Massachusetts","017","Middlesex","42.6120846820042","-71.3069864063041"
"11/20/2020","AQS","250170010","23","5.7","ug/m3 LC","32","ChelmsfordNR","1","100.0000","88101","PM2.5 - Local Conditions","736","Teledyne T640 at 5.0 LPM (Corrected)","14460","Boston-Cambridge-Newton, MA-NH","25","Massachusetts","017","Middlesex","42.6120846820042","-71.3069864063041"
"11/21/2020","AQS","250170010","23","6.9","ug/m3 LC","38","ChelmsfordNR","1","100.0000","88101","PM2.5 - Local Conditions","736","Teledyne T640 at 5.0 LPM (Corrected)","14460","Boston-Cambridge-Newton, MA-NH","25","Massachusetts","017","Middlesex","42.6120846820042","-71.3069864063041"
"11/22/2020","AQS","250170010","23","4.6","ug/m3 LC","26","ChelmsfordNR","1","100.0000","88101","PM2.5 - Local Conditions","736","Teledyne T640 at 5.0 LPM (Corrected)","14460","Boston-Cambridge-Newton, MA-NH","25","Massachusetts","017","Middlesex","42.6120846820042","-71.3069864063041"
"11/23/2020","AQS","250170010","23","3.3","ug/m3 LC","18","ChelmsfordNR","1","100.0000","88101","PM2.5 - Local Conditions","736","Teledyne T640 at 5.0 LPM (Corrected)","14460","Boston-Cambridge-Newton, MA-NH","25","Massachusetts","017","Middlesex","42.6120846820042","-71.3069864063041"
"11/24/2020","AQS","250170010","23","2.6","ug/m3 LC","14","ChelmsfordNR","1","100.0000","88101","PM2.5 - Local Conditions","736","Teledyne T640 at 5.0 LPM (Corrected)","14460","Boston-Cambridge-Newton, MA-NH","25","Massachusetts","017","Middlesex","42.6120846820042","-71.3069864063041"
"11/25/2020","AQS","250170010","23","6.3","ug/m3 LC","35","ChelmsfordNR","1","100.0000","88101","PM2.5 - Local Conditions","736","Teledyne T640 at 5.0 LPM (Corrected)","14460","Boston-Cambridge-Newton, MA-NH","25","Massachusetts","017","Middlesex","42.6120846820042","-71.3069864063041"
"11/26/2020","AQS","250170010","23","9","ug/m3 LC","50","ChelmsfordNR","1","100.0000","88101","PM2.5 - Local Conditions","736","Teledyne T640 at 5.0 LPM (Corrected)","14460","Boston-Cambridge-Newton, MA-NH","25","Massachusetts","017","Middlesex","42.6120846820042","-71.3069864063041"
"11/27/2020","AQS","250170010","23","6.2","ug/m3 LC","34","ChelmsfordNR","1","100.0000","88101","PM2.5 - Local Conditions","736","Teledyne T640 at 5.0 LPM (Corrected)","14460","Boston-Cambridge-Newton, MA-NH","25","Massachusetts","017","Middlesex","42.6120846820042","-71.3069864063041"
"11/28/2020","AQS","250170010","23","7.1","ug/m3 LC","39","ChelmsfordNR","1","100.0000","88101","PM2.5 - Local Conditions","736","Teledyne T640 at 5.0 LPM (Corrected)","14460","Boston-Cambridge-Newton, MA-NH","25","Massachusetts","017","Middlesex","42.6120846820042","-71.3069864063041"
"11/29/2020","AQS","250170010","23","5.7","ug/m3 LC","32","ChelmsfordNR","1","100.0000","88101","PM2.5 - Local Conditions","736","Teledyne T640 at 5.0 LPM (Corrected)","14460","Boston-Cambridge-Newton, MA-NH","25","Massachusetts","017","Middlesex","42.6120846820042","-71.3069864063041"
"11/30/2020","AQS","250170010","23","9.1","ug/m3 LC","51","ChelmsfordNR","1","100.0000","88101","PM2.5 - Local Conditions","736","Teledyne T640 at 5.0 LPM (Corrected)","14460","Boston-Cambridge-Newton, MA-NH","25","Massachusetts","017","Middlesex","42.6120846820042","-71.3069864063041"
"12/01/2020","AQS","250170010","23","5.9","ug/m3 LC","33","ChelmsfordNR","1","100.0000","88101","PM2.5 - Local Conditions","736","Teledyne T640 at 5.0 LPM (Corrected)","14460","Boston-Cambridge-Newton, MA-NH","25","Massachusetts","017","Middlesex","42.6120846820042","-71.3069864063041"
"12/02/2020","AQS","250170010","23","2.7","ug/m3 LC","15","ChelmsfordNR","1","100.0000","88101","PM2.5 - Local Conditions","736","Teledyne T640 at 5.0 LPM (Corrected)","14460","Boston-Cambridge-Newton, MA-NH","25","Massachusetts","017","Middlesex","42.6120846820042","-71.3069864063041"
"12/03/2020","AQS","250170010","23","3.5","ug/m3 LC","19","ChelmsfordNR","1","100.0000","88101","PM2.5 - Local Conditions","736","Teledyne T640 at 5.0 LPM (Corrected)","14460","Boston-Cambridge-Newton, MA-NH","25","Massachusetts","017","Middlesex","42.6120846820042","-71.3069864063041"
"12/04/2020","AQS","250170010","23","4.6","ug/m3 LC","26","ChelmsfordNR","1","100.0000","88101","PM2.5 - Local Conditions","736","Teledyne T640 at 5.0 LPM (Corrected)","14460","Boston-Cambridge-Newton, MA-NH","25","Massachusetts","017","Middlesex","42.6120846820042","-71.3069864063041"
"12/05/2020","AQS","250170010","23","3.1","ug/m3 LC","17","ChelmsfordNR","1","100.0000","88101","PM2.5 - Local Conditions","736","Teledyne T640 at 5.0 LPM (Corrected)","14460","Boston-Cambridge-Newton, MA-NH","25","Massachusetts","017","Middlesex","42.6120846820042","-71.3069864063041"
"12/06/2020","AQS","250170010","23","1.6","ug/m3 LC","9","ChelmsfordNR","1","100.0000","88101","PM2.5 - Local Conditions","736","Teledyne T640 at 5.0 LPM (Corrected)","14460","Boston-Cambridge-Newton, MA-NH","25","Massachusetts","017","Middlesex","42.6120846820042","-71.3069864063041"
"12/07/2020","AQS","250170010","23","2.4","ug/m3 LC","13","ChelmsfordNR","1","100.0000","88101","PM2.5 - Local Conditions","736","Teledyne T640 at 5.0 LPM (Corrected)","14460","Boston-Cambridge-Newton, MA-NH","25","Massachusetts","017","Middlesex","42.6120846820042","-71.3069864063041"
"12/08/2020","AQS","250170010","23","4.2","ug/m3 LC","23","ChelmsfordNR","1","100.0000","88101","PM2.5 - Local Conditions","736","Teledyne T640 at 5.0 LPM (Corrected)","14460","Boston-Cambridge-Newton, MA-NH","25","Massachusetts","017","Middlesex","42.6120846820042","-71.3069864063041"
"12/09/2020","AQS","250170010","23","7.2","ug/m3 LC","40","ChelmsfordNR","1","100.0000","88101","PM2.5 - Local Conditions","736","Teledyne T640 at 5.0 LPM (Corrected)","14460","Boston-Cambridge-Newton, MA-NH","25","Massachusetts","017","Middlesex","42.6120846820042","-71.3069864063041"
"12/10/2020","AQS","250170010","23","5.4","ug/m3 LC","30","ChelmsfordNR","1","100.0000","88101","PM2.5 - Local Conditions","736","Teledyne T640 at 5.0 LPM (Corrected)","14460","Boston-Cambridge-Newton, MA-NH","25","Massachusetts","017","Middlesex","42.6120846820042","-71.3069864063041"
"12/11/2020","AQS","250170010","23","10.7","ug/m3 LC","54","ChelmsfordNR","1","100.0000","88101","PM2.5 - Local Conditions","736","Teledyne T640 at 5.0 LPM (Corrected)","14460","Boston-Cambridge-Newton, MA-NH","25","Massachusetts","017","Middlesex","42.6120846820042","-71.3069864063041"
"12/12/2020","AQS","250170010","23","15.4","ug/m3 LC","63","ChelmsfordNR","1","100.0000","88101","PM2.5 - Local Conditions","736","Teledyne T640 at 5.0 LPM (Corrected)","14460","Boston-Cambridge-Newton, MA-NH","25","Massachusetts","017","Middlesex","42.6120846820042","-71.3069864063041"
"12/13/2020","AQS","250170010","23","8","ug/m3 LC","44","ChelmsfordNR","1","100.0000","88101","PM2.5 - Local Conditions","736","Teledyne T640 at 5.0 LPM (Corrected)","14460","Boston-Cambridge-Newton, MA-NH","25","Massachusetts","017","Middlesex","42.6120846820042","-71.3069864063041"
"12/14/2020","AQS","250170010","23","4.4","ug/m3 LC","24","ChelmsfordNR","1","100.0000","88101","PM2.5 - Local Conditions","736","Teledyne T640 at 5.0 LPM (Corrected)","14460","Boston-Cambridge-Newton, MA-NH","25","Massachusetts","017","Middlesex","42.6120846820042","-71.3069864063041"
"12/15/2020","AQS","250170010","23","3.2","ug/m3 LC","18","ChelmsfordNR","1","100.0000","88101","PM2.5 - Local Conditions","736","Teledyne T640 at 5.0 LPM (Corrected)","14460","Boston-Cambridge-Newton, MA-NH","25","Massachusetts","017","Middlesex","42.6120846820042","-71.3069864063041"
"12/16/2020","AQS","250170010","23","3.5","ug/m3 LC","19","ChelmsfordNR","1","100.0000","88101","PM2.5 - Local Conditions","736","Teledyne T640 at 5.0 LPM (Corrected)","14460","Boston-Cambridge-Newton, MA-NH","25","Massachusetts","017","Middlesex","42.6120846820042","-71.3069864063041"
"12/17/2020","AQS","250170010","23","2.2","ug/m3 LC","12","ChelmsfordNR","1","100.0000","88101","PM2.5 - Local Conditions","736","Teledyne T640 at 5.0 LPM (Corrected)","14460","Boston-Cambridge-Newton, MA-NH","25","Massachusetts","017","Middlesex","42.6120846820042","-71.3069864063041"
"12/18/2020","AQS","250170010","23","3.8","ug/m3 LC","21","ChelmsfordNR","1","100.0000","88101","PM2.5 - Local Conditions","736","Teledyne T640 at 5.0 LPM (Corrected)","14460","Boston-Cambridge-Newton, MA-NH","25","Massachusetts","017","Middlesex","42.6120846820042","-71.3069864063041"
"12/19/2020","AQS","250170010","23","10.1","ug/m3 LC","53","ChelmsfordNR","1","100.0000","88101","PM2.5 - Local Conditions","736","Teledyne T640 at 5.0 LPM (Corrected)","14460","Boston-Cambridge-Newton, MA-NH","25","Massachusetts","017","Middlesex","42.6120846820042","-71.3069864063041"
"12/20/2020","AQS","250170010","23","21","ug/m3 LC","73","ChelmsfordNR","1","100.0000","88101","PM2.5 - Local Conditions","736","Teledyne T640 at 5.0 LPM (Corrected)","14460","Boston-Cambridge-Newton, MA-NH","25","Massachusetts","017","Middlesex","42.6120846820042","-71.3069864063041"
"12/21/2020","AQS","250170010","23","22.1","ug/m3 LC","75","ChelmsfordNR","1","100.0000","88101","PM2.5 - Local Conditions","736","Teledyne T640 at 5.0 LPM (Corrected)","14460","Boston-Cambridge-Newton, MA-NH","25","Massachusetts","017","Middlesex","42.6120846820042","-71.3069864063041"
"12/22/2020","AQS","250170010","23","7.2","ug/m3 LC","40","ChelmsfordNR","1","100.0000","88101","PM2.5 - Local Conditions","736","Teledyne T640 at 5.0 LPM (Corrected)","14460","Boston-Cambridge-Newton, MA-NH","25","Massachusetts","017","Middlesex","42.6120846820042","-71.3069864063041"
"12/23/2020","AQS","250170010","23","4.8","ug/m3 LC","27","ChelmsfordNR","1","100.0000","88101","PM2.5 - Local Conditions","736","Teledyne T640 at 5.0 LPM (Corrected)","14460","Boston-Cambridge-Newton, MA-NH","25","Massachusetts","017","Middlesex","42.6120846820042","-71.3069864063041"
"12/24/2020","AQS","250170010","23","6.6","ug/m3 LC","37","ChelmsfordNR","1","100.0000","88101","PM2.5 - Local Conditions","736","Teledyne T640 at 5.0 LPM (Corrected)","14460","Boston-Cambridge-Newton, MA-NH","25","Massachusetts","017","Middlesex","42.6120846820042","-71.3069864063041"
"12/25/2020","AQS","250170010","23","4.8","ug/m3 LC","27","ChelmsfordNR","1","100.0000","88101","PM2.5 - Local Conditions","736","Teledyne T640 at 5.0 LPM (Corrected)","14460","Boston-Cambridge-Newton, MA-NH","25","Massachusetts","017","Middlesex","42.6120846820042","-71.3069864063041"
"12/26/2020","AQS","250170010","23","3.8","ug/m3 LC","21","ChelmsfordNR","1","100.0000","88101","PM2.5 - Local Conditions","736","Teledyne T640 at 5.0 LPM (Corrected)","14460","Boston-Cambridge-Newton, MA-NH","25","Massachusetts","017","Middlesex","42.6120846820042","-71.3069864063041"
"12/27/2020","AQS","250170010","23","5.9","ug/m3 LC","33","ChelmsfordNR","1","100.0000","88101","PM2.5 - Local Conditions","736","Teledyne T640 at 5.0 LPM (Corrected)","14460","Boston-Cambridge-Newton, MA-NH","25","Massachusetts","017","Middlesex","42.6120846820042","-71.3069864063041"
"12/28/2020","AQS","250170010","23","8.3","ug/m3 LC","46","ChelmsfordNR","1","100.0000","88101","PM2.5 - Local Conditions","736","Teledyne T640 at 5.0 LPM (Corrected)","14460","Boston-Cambridge-Newton, MA-NH","25","Massachusetts","017","Middlesex","42.6120846820042","-71.3069864063041"
"12/29/2020","AQS","250170010","23","2","ug/m3 LC","11","ChelmsfordNR","1","100.0000","88101","PM2.5 - Local Conditions","736","Teledyne T640 at 5.0 LPM (Corrected)","14460","Boston-Cambridge-Newton, MA-NH","25","Massachusetts","017","Middlesex","42.6120846820042","-71.3069864063041"
"12/30/2020","AQS","250170010","23","3.4","ug/m3 LC","19","ChelmsfordNR","1","100.0000","88101","PM2.5 - Local Conditions","736","Teledyne T640 at 5.0 LPM (Corrected)","14460","Boston-Cambridge-Newton, MA-NH","25","Massachusetts","017","Middlesex","42.6120846820042","-71.3069864063041"
"12/31/2020","AQS","250170010","23","4.7","ug/m3 LC","26","ChelmsfordNR","1","100.0000","88101","PM2.5 - Local Conditions","736","Teledyne T640 at 5.0 LPM (Corrected)","14460","Boston-Cambridge-Newton, MA-NH","25","Massachusetts","017","Middlesex","42.6120846820042","-71.3069864063041"
