"Date","Source","Site ID","POC","Daily Mean PM2.5 Concentration","Units","Daily AQI Value","Local Site Name","Daily Obs Count","Percent Complete","AQS Parameter Code","AQS Parameter Description","Method Code","Method Description","CBSA Code","CBSA Name","State FIPS Code","State","County FIPS Code","County","Site Latitude","Site Longitude"
"01/05/2018","AQS","250230005","1","3.4","ug/m3 LC","19","Brockton Buckley","1","100.0000","88101","PM2.5 - Local Conditions","145","R & P Model 2025 PM-2.5 Sequential Air Sampler w/VSCC","14460","Boston-Cambridge-Newton, MA-NH","25","Massachusetts","023","Plymouth","42.0651056363862","-71.0121294262363"
"01/08/2018","AQS","250230005","1","6","ug/m3 LC","33","Brockton Buckley","1","100.0000","88101","PM2.5 - Local Conditions","145","R & P Model 2025 PM-2.5 Sequential Air Sampler w/VSCC","14460","Boston-Cambridge-Newton, MA-NH","25","Massachusetts","023","Plymouth","42.0651056363862","-71.0121294262363"
"01/11/2018","AQS","250230005","1","5.3","ug/m3 LC","29","Brockton Buckley","1","100.0000","88101","PM2.5 - Local Conditions","145","R & P Model 2025 PM-2.5 Sequential Air Sampler w/VSCC","14460","Boston-Cambridge-Newton, MA-NH","25","Massachusetts","023","Plymouth","42.0651056363862","-71.0121294262363"
"01/14/2018","AQS","250230005","1","2.2","ug/m3 LC","12","Brockton Buckley","1","100.0000","88101","PM2.5 - Local Conditions","145","R & P Model 2025 PM-2.5 Sequential Air Sampler w/VSCC","14460","Boston-Cambridge-Newton, MA-NH","25","Massachusetts","023","Plymouth","42.0651056363862","-71.0121294262363"
"01/17/2018","AQS","250230005","1","1.4","ug/m3 LC","8","Brockton Buckley","1","100.0000","88101","PM2.5 - Local Conditions","145","R & P Model 2025 PM-2.5 Sequential Air Sampler w/VSCC","14460","Boston-Cambridge-Newton, MA-NH","25","Massachusetts","023","Plymouth","42.0651056363862","-71.0121294262363"
"01/23/2018","AQS","250230005","1","2.5","ug/m3 LC","14","Brockton Buckley","1","100.0000","88101","PM2.5 - Local Conditions","145","R & P Model 2025 PM-2.5 Sequential Air Sampler w/VSCC","14460","Boston-Cambridge-Newton, MA-NH","25","Massachusetts","023","Plymouth","42.0651056363862","-71.0121294262363"
"01/26/2018","AQS","250230005","1","2.3","ug/m3 LC","13","Brockton Buckley","1","100.0000","88101","PM2.5 - Local Conditions","145","R & P Model 2025 PM-2.5 Sequential Air Sampler w/VSCC","14460","Boston-Cambridge-Newton, MA-NH","25","Massachusetts","023","Plymouth","42.0651056363862","-71.0121294262363"
"01/29/2018","AQS","250230005","1","4.2","ug/m3 LC","23","Brockton Buckley","1","100.0000","88101","PM2.5 - Local Conditions","145","R & P Model 2025 PM-2.5 Sequential Air Sampler w/VSCC","14460","Boston-Cambridge-Newton, MA-NH","25","Massachusetts","023","Plymouth","42.0651056363862","-71.0121294262363"
"02/01/2018","AQS","250230005","1","6.8","ug/m3 LC","38","Brockton Buckley","1","100.0000","88101","PM2.5 - Local Conditions","145","R & P Model 2025 PM-2.5 Sequential Air Sampler w/VSCC","14460","Boston-Cambridge-Newton, MA-NH","25","Massachusetts","023","Plymouth","42.0651056363862","-71.0121294262363"
"02/04/2018","AQS","250230005","1","4.6","ug/m3 LC","26","Brockton Buckley","1","100.0000","88101","PM2.5 - Local Conditions","145","R & P Model 2025 PM-2.5 Sequential Air Sampler w/VSCC","14460","Boston-Cambridge-Newton, MA-NH","25","Massachusetts","023","Plymouth","42.0651056363862","-71.0121294262363"
"02/07/2018","AQS","250230005","1","6.4","ug/m3 LC","36","Brockton Buckley","1","100.0000","88101","PM2.5 - Local Conditions","145","R & P Model 2025 PM-2.5 Sequential Air Sampler w/VSCC","14460","Boston-Cambridge-Newton, MA-NH","25","Massachusetts","023","Plymouth","42.0651056363862","-71.0121294262363"
"02/10/2018","AQS","250230005","1","5.7","ug/m3 LC","32","Brockton Buckley","1","100.0000","88101","PM2.5 - Local Conditions","145","R & P Model 2025 PM-2.5 Sequential Air Sampler w/VSCC","14460","Boston-Cambridge-Newton, MA-NH","25","Massachusetts","023","Plymouth","42.0651056363862","-71.0121294262363"
"02/13/2018","AQS","250230005","1","3.3","ug/m3 LC","18","Brockton Buckley","1","100.0000","88101","PM2.5 - Local Conditions","145","R & P Model 2025 PM-2.5 Sequential Air Sampler w/VSCC","14460","Boston-Cambridge-Newton, MA-NH","25","Massachusetts","023","Plymouth","42.0651056363862","-71.0121294262363"
"02/16/2018","AQS","250230005","1","5.6","ug/m3 LC","31","Brockton Buckley","1","100.0000","88101","PM2.5 - Local Conditions","145","R & P Model 2025 PM-2.5 Sequential Air Sampler w/VSCC","14460","Boston-Cambridge-Newton, MA-NH","25","Massachusetts","023","Plymouth","42.0651056363862","-71.0121294262363"
"02/19/2018","AQS","250230005","1","9.8","ug/m3 LC","52","Brockton Buckley","1","100.0000","88101","PM2.5 - Local Conditions","145","R & P Model 2025 PM-2.5 Sequential Air Sampler w/VSCC","14460","Boston-Cambridge-Newton, MA-NH","25","Massachusetts","023","Plymouth","42.0651056363862","-71.0121294262363"
"02/22/2018","AQS","250230005","1","3.4","ug/m3 LC","19","Brockton Buckley","1","100.0000","88101","PM2.5 - Local Conditions","145","R & P Model 2025 PM-2.5 Sequential Air Sampler w/VSCC","14460","Boston-Cambridge-Newton, MA-NH","25","Massachusetts","023","Plymouth","42.0651056363862","-71.0121294262363"
"02/25/2018","AQS","250230005","1","5.3","ug/m3 LC","29","Brockton Buckley","1","100.0000","88101","PM2.5 - Local Conditions","145","R & P Model 2025 PM-2.5 Sequential Air Sampler w/VSCC","14460","Boston-Cambridge-Newton, MA-NH","25","Massachusetts","023","Plymouth","42.0651056363862","-71.0121294262363"
"02/28/2018","AQS","250230005","1","10.1","ug/m3 LC","53","Brockton Buckley","1","100.0000","88101","PM2.5 - Local Conditions","145","R & P Model 2025 PM-2.5 Sequential Air Sampler w/VSCC","14460","Boston-Cambridge-Newton, MA-NH","25","Massachusetts","023","Plymouth","42.0651056363862","-71.0121294262363"
"03/03/2018","AQS","250230005","1","2.8","ug/m3 LC","16","Brockton Buckley","1","100.0000","88101","PM2.5 - Local Conditions","145","R & P Model 2025 PM-2.5 Sequential Air Sampler w/VSCC","14460","Boston-Cambridge-Newton, MA-NH","25","Massachusetts","023","Plymouth","42.0651056363862","-71.0121294262363"
"03/06/2018","AQS","250230005","1","1.9","ug/m3 LC","11","Brockton Buckley","1","100.0000","88101","PM2.5 - Local Conditions","145","R & P Model 2025 PM-2.5 Sequential Air Sampler w/VSCC","14460","Boston-Cambridge-Newton, MA-NH","25","Massachusetts","023","Plymouth","42.0651056363862","-71.0121294262363"
"03/09/2018","AQS","250230005","1","0","ug/m3 LC","0","Brockton Buckley","1","100.0000","88101","PM2.5 - Local Conditions","145","R & P Model 2025 PM-2.5 Sequential Air Sampler w/VSCC","14460","Boston-Cambridge-Newton, MA-NH","25","Massachusetts","023","Plymouth","42.0651056363862","-71.0121294262363"
"03/12/2018","AQS","250230005","1","0","ug/m3 LC","0","Brockton Buckley","1","100.0000","88101","PM2.5 - Local Conditions","145","R & P Model 2025 PM-2.5 Sequential Air Sampler w/VSCC","14460","Boston-Cambridge-Newton, MA-NH","25","Massachusetts","023","Plymouth","42.0651056363862","-71.0121294262363"
"03/15/2018","AQS","250230005","1","0","ug/m3 LC","0","Brockton Buckley","1","100.0000","88101","PM2.5 - Local Conditions","145","R & P Model 2025 PM-2.5 Sequential Air Sampler w/VSCC","14460","Boston-Cambridge-Newton, MA-NH","25","Massachusetts","023","Plymouth","42.0651056363862","-71.0121294262363"
"03/18/2018","AQS","250230005","1","0","ug/m3 LC","0","Brockton Buckley","1","100.0000","88101","PM2.5 - Local Conditions","145","R & P Model 2025 PM-2.5 Sequential Air Sampler w/VSCC","14460","Boston-Cambridge-Newton, MA-NH","25","Massachusetts","023","Plymouth","42.0651056363862","-71.0121294262363"
"03/21/2018","AQS","250230005","1","0","ug/m3 LC","0","Brockton Buckley","1","100.0000","88101","PM2.5 - Local Conditions","145","R & P Model 2025 PM-2.5 Sequential Air Sampler w/VSCC","14460","Boston-Cambridge-Newton, MA-NH","25","Massachusetts","023","Plymouth","42.0651056363862","-71.0121294262363"
"03/24/2018","AQS","250230005","1","0","ug/m3 LC","0","Brockton Buckley","1","100.0000","88101","PM2.5 - Local Conditions","145","R & P Model 2025 PM-2.5 Sequential Air Sampler w/VSCC","14460","Boston-Cambridge-Newton, MA-NH","25","Massachusetts","023","Plymouth","42.0651056363862","-71.0121294262363"
"03/27/2018","AQS","250230005","1","0","ug/m3 LC","0","Brockton Buckley","1","100.0000","88101","PM2.5 - Local Conditions","145","R & P Model 2025 PM-2.5 Sequential Air Sampler w/VSCC","14460","Boston-Cambridge-Newton, MA-NH","25","Massachusetts","023","Plymouth","42.0651056363862","-71.0121294262363"
"03/30/2018","AQS","250230005","1","5.6","ug/m3 LC","31","Brockton Buckley","1","100.0000","88101","PM2.5 - Local Conditions","145","R & P Model 2025 PM-2.5 Sequential Air Sampler w/VSCC","14460","Boston-Cambridge-Newton, MA-NH","25","Massachusetts","023","Plymouth","42.0651056363862","-71.0121294262363"
"04/02/2018","AQS","250230005","1","3.7","ug/m3 LC","21","Brockton Buckley","1","100.0000","88101","PM2.5 - Local Conditions","145","R & P Model 2025 PM-2.5 Sequential Air Sampler w/VSCC","14460","Boston-Cambridge-Newton, MA-NH","25","Massachusetts","023","Plymouth","42.0651056363862","-71.0121294262363"
"04/05/2018","AQS","250230005","1","2.5","ug/m3 LC","14","Brockton Buckley","1","100.0000","88101","PM2.5 - Local Conditions","145","R & P Model 2025 PM-2.5 Sequential Air Sampler w/VSCC","14460","Boston-Cambridge-Newton, MA-NH","25","Massachusetts","023","Plymouth","42.0651056363862","-71.0121294262363"
"04/08/2018","AQS","250230005","1","2.7","ug/m3 LC","15","Brockton Buckley","1","100.0000","88101","PM2.5 - Local Conditions","145","R & P Model 2025 PM-2.5 Sequential Air Sampler w/VSCC","14460","Boston-Cambridge-Newton, MA-NH","25","Massachusetts","023","Plymouth","42.0651056363862","-71.0121294262363"
"04/11/2018","AQS","250230005","1","8.9","ug/m3 LC","49","Brockton Buckley","1","100.0000","88101","PM2.5 - Local Conditions","145","R & P Model 2025 PM-2.5 Sequential Air Sampler w/VSCC","14460","Boston-Cambridge-Newton, MA-NH","25","Massachusetts","023","Plymouth","42.0651056363862","-71.0121294262363"
"04/14/2018","AQS","250230005","1","5.5","ug/m3 LC","31","Brockton Buckley","1","100.0000","88101","PM2.5 - Local Conditions","145","R & P Model 2025 PM-2.5 Sequential Air Sampler w/VSCC","14460","Boston-Cambridge-Newton, MA-NH","25","Massachusetts","023","Plymouth","42.0651056363862","-71.0121294262363"
"04/17/2018","AQS","250230005","1","0.8","ug/m3 LC","4","Brockton Buckley","1","100.0000","88101","PM2.5 - Local Conditions","145","R & P Model 2025 PM-2.5 Sequential Air Sampler w/VSCC","14460","Boston-Cambridge-Newton, MA-NH","25","Massachusetts","023","Plymouth","42.0651056363862","-71.0121294262363"
"04/23/2018","AQS","250230005","1","4.2","ug/m3 LC","23","Brockton Buckley","1","100.0000","88101","PM2.5 - Local Conditions","145","R & P Model 2025 PM-2.5 Sequential Air Sampler w/VSCC","14460","Boston-Cambridge-Newton, MA-NH","25","Massachusetts","023","Plymouth","42.0651056363862","-71.0121294262363"
"04/26/2018","AQS","250230005","1","6.8","ug/m3 LC","38","Brockton Buckley","1","100.0000","88101","PM2.5 - Local Conditions","145","R & P Model 2025 PM-2.5 Sequential Air Sampler w/VSCC","14460","Boston-Cambridge-Newton, MA-NH","25","Massachusetts","023","Plymouth","42.0651056363862","-71.0121294262363"
"04/29/2018","AQS","250230005","1","6.3","ug/m3 LC","35","Brockton Buckley","1","100.0000","88101","PM2.5 - Local Conditions","145","R & P Model 2025 PM-2.5 Sequential Air Sampler w/VSCC","14460","Boston-Cambridge-Newton, MA-NH","25","Massachusetts","023","Plymouth","42.0651056363862","-71.0121294262363"
"05/02/2018","AQS","250230005","1","8","ug/m3 LC","44","Brockton Buckley","1","100.0000","88101","PM2.5 - Local Conditions","145","R & P Model 2025 PM-2.5 Sequential Air Sampler w/VSCC","14460","Boston-Cambridge-Newton, MA-NH","25","Massachusetts","023","Plymouth","42.0651056363862","-71.0121294262363"
"05/05/2018","AQS","250230005","1","4.5","ug/m3 LC","25","Brockton Buckley","1","100.0000","88101","PM2.5 - Local Conditions","145","R & P Model 2025 PM-2.5 Sequential Air Sampler w/VSCC","14460","Boston-Cambridge-Newton, MA-NH","25","Massachusetts","023","Plymouth","42.0651056363862","-71.0121294262363"
"05/08/2018","AQS","250230005","1","4.8","ug/m3 LC","27","Brockton Buckley","1","100.0000","88101","PM2.5 - Local Conditions","145","R & P Model 2025 PM-2.5 Sequential Air Sampler w/VSCC","14460","Boston-Cambridge-Newton, MA-NH","25","Massachusetts","023","Plymouth","42.0651056363862","-71.0121294262363"
"05/11/2018","AQS","250230005","1","3.1","ug/m3 LC","17","Brockton Buckley","1","100.0000","88101","PM2.5 - Local Conditions","145","R & P Model 2025 PM-2.5 Sequential Air Sampler w/VSCC","14460","Boston-Cambridge-Newton, MA-NH","25","Massachusetts","023","Plymouth","42.0651056363862","-71.0121294262363"
"05/14/2018","AQS","250230005","1","2.3","ug/m3 LC","13","Brockton Buckley","1","100.0000","88101","PM2.5 - Local Conditions","145","R & P Model 2025 PM-2.5 Sequential Air Sampler w/VSCC","14460","Boston-Cambridge-Newton, MA-NH","25","Massachusetts","023","Plymouth","42.0651056363862","-71.0121294262363"
"05/17/2018","AQS","250230005","1","3.2","ug/m3 LC","18","Brockton Buckley","1","100.0000","88101","PM2.5 - Local Conditions","145","R & P Model 2025 PM-2.5 Sequential Air Sampler w/VSCC","14460","Boston-Cambridge-Newton, MA-NH","25","Massachusetts","023","Plymouth","42.0651056363862","-71.0121294262363"
"05/20/2018","AQS","250230005","1","3.3","ug/m3 LC","18","Brockton Buckley","1","100.0000","88101","PM2.5 - Local Conditions","145","R & P Model 2025 PM-2.5 Sequential Air Sampler w/VSCC","14460","Boston-Cambridge-Newton, MA-NH","25","Massachusetts","023","Plymouth","42.0651056363862","-71.0121294262363"
"05/23/2018","AQS","250230005","1","4.5","ug/m3 LC","25","Brockton Buckley","1","100.0000","88101","PM2.5 - Local Conditions","145","R & P Model 2025 PM-2.5 Sequential Air Sampler w/VSCC","14460","Boston-Cambridge-Newton, MA-NH","25","Massachusetts","023","Plymouth","42.0651056363862","-71.0121294262363"
"05/26/2018","AQS","250230005","1","10","ug/m3 LC","53","Brockton Buckley","1","100.0000","88101","PM2.5 - Local Conditions","145","R & P Model 2025 PM-2.5 Sequential Air Sampler w/VSCC","14460","Boston-Cambridge-Newton, MA-NH","25","Massachusetts","023","Plymouth","42.0651056363862","-71.0121294262363"
"05/29/2018","AQS","250230005","1","6.8","ug/m3 LC","38","Brockton Buckley","1","100.0000","88101","PM2.5 - Local Conditions","145","R & P Model 2025 PM-2.5 Sequential Air Sampler w/VSCC","14460","Boston-Cambridge-Newton, MA-NH","25","Massachusetts","023","Plymouth","42.0651056363862","-71.0121294262363"
"06/01/2018","AQS","250230005","1","5.9","ug/m3 LC","33","Brockton Buckley","1","100.0000","88101","PM2.5 - Local Conditions","145","R & P Model 2025 PM-2.5 Sequential Air Sampler w/VSCC","14460","Boston-Cambridge-Newton, MA-NH","25","Massachusetts","023","Plymouth","42.0651056363862","-71.0121294262363"
"06/04/2018","AQS","250230005","1","0.4","ug/m3 LC","2","Brockton Buckley","1","100.0000","88101","PM2.5 - Local Conditions","145","R & P Model 2025 PM-2.5 Sequential Air Sampler w/VSCC","14460","Boston-Cambridge-Newton, MA-NH","25","Massachusetts","023","Plymouth","42.0651056363862","-71.0121294262363"
"06/07/2018","AQS","250230005","1","3.2","ug/m3 LC","18","Brockton Buckley","1","100.0000","88101","PM2.5 - Local Conditions","145","R & P Model 2025 PM-2.5 Sequential Air Sampler w/VSCC","14460","Boston-Cambridge-Newton, MA-NH","25","Massachusetts","023","Plymouth","42.0651056363862","-71.0121294262363"
"06/10/2018","AQS","250230005","1","5.2","ug/m3 LC","29","Brockton Buckley","1","100.0000","88101","PM2.5 - Local Conditions","145","R & P Model 2025 PM-2.5 Sequential Air Sampler w/VSCC","14460","Boston-Cambridge-Newton, MA-NH","25","Massachusetts","023","Plymouth","42.0651056363862","-71.0121294262363"
"06/13/2018","AQS","250230005","1","4","ug/m3 LC","22","Brockton Buckley","1","100.0000","88101","PM2.5 - Local Conditions","145","R & P Model 2025 PM-2.5 Sequential Air Sampler w/VSCC","14460","Boston-Cambridge-Newton, MA-NH","25","Massachusetts","023","Plymouth","42.0651056363862","-71.0121294262363"
"06/16/2018","AQS","250230005","1","6.5","ug/m3 LC","36","Brockton Buckley","1","100.0000","88101","PM2.5 - Local Conditions","145","R & P Model 2025 PM-2.5 Sequential Air Sampler w/VSCC","14460","Boston-Cambridge-Newton, MA-NH","25","Massachusetts","023","Plymouth","42.0651056363862","-71.0121294262363"
"06/19/2018","AQS","250230005","1","5.1","ug/m3 LC","28","Brockton Buckley","1","100.0000","88101","PM2.5 - Local Conditions","145","R & P Model 2025 PM-2.5 Sequential Air Sampler w/VSCC","14460","Boston-Cambridge-Newton, MA-NH","25","Massachusetts","023","Plymouth","42.0651056363862","-71.0121294262363"
"06/22/2018","AQS","250230005","1","6.5","ug/m3 LC","36","Brockton Buckley","1","100.0000","88101","PM2.5 - Local Conditions","145","R & P Model 2025 PM-2.5 Sequential Air Sampler w/VSCC","14460","Boston-Cambridge-Newton, MA-NH","25","Massachusetts","023","Plymouth","42.0651056363862","-71.0121294262363"
"06/25/2018","AQS","250230005","1","3.7","ug/m3 LC","21","Brockton Buckley","1","100.0000","88101","PM2.5 - Local Conditions","145","R & P Model 2025 PM-2.5 Sequential Air Sampler w/VSCC","14460","Boston-Cambridge-Newton, MA-NH","25","Massachusetts","023","Plymouth","42.0651056363862","-71.0121294262363"
"06/28/2018","AQS","250230005","1","4.2","ug/m3 LC","23","Brockton Buckley","1","100.0000","88101","PM2.5 - Local Conditions","145","R & P Model 2025 PM-2.5 Sequential Air Sampler w/VSCC","14460","Boston-Cambridge-Newton, MA-NH","25","Massachusetts","023","Plymouth","42.0651056363862","-71.0121294262363"
"07/01/2018","AQS","250230005","1","12.1","ug/m3 LC","57","Brockton Buckley","1","100.0000","88101","PM2.5 - Local Conditions","145","R & P Model 2025 PM-2.5 Sequential Air Sampler w/VSCC","14460","Boston-Cambridge-Newton, MA-NH","25","Massachusetts","023","Plymouth","42.0651056363862","-71.0121294262363"
"07/07/2018","AQS","250230005","1","3.3","ug/m3 LC","18","Brockton Buckley","1","100.0000","88101","PM2.5 - Local Conditions","145","R & P Model 2025 PM-2.5 Sequential Air Sampler w/VSCC","14460","Boston-Cambridge-Newton, MA-NH","25","Massachusetts","023","Plymouth","42.0651056363862","-71.0121294262363"
"07/10/2018","AQS","250230005","1","10","ug/m3 LC","53","Brockton Buckley","1","100.0000","88101","PM2.5 - Local Conditions","145","R & P Model 2025 PM-2.5 Sequential Air Sampler w/VSCC","14460","Boston-Cambridge-Newton, MA-NH","25","Massachusetts","023","Plymouth","42.0651056363862","-71.0121294262363"
"07/13/2018","AQS","250230005","1","8.5","ug/m3 LC","47","Brockton Buckley","1","100.0000","88101","PM2.5 - Local Conditions","145","R & P Model 2025 PM-2.5 Sequential Air Sampler w/VSCC","14460","Boston-Cambridge-Newton, MA-NH","25","Massachusetts","023","Plymouth","42.0651056363862","-71.0121294262363"
"07/16/2018","AQS","250230005","1","13.3","ug/m3 LC","59","Brockton Buckley","1","100.0000","88101","PM2.5 - Local Conditions","145","R & P Model 2025 PM-2.5 Sequential Air Sampler w/VSCC","14460","Boston-Cambridge-Newton, MA-NH","25","Massachusetts","023","Plymouth","42.0651056363862","-71.0121294262363"
"07/19/2018","AQS","250230005","1","3.7","ug/m3 LC","21","Brockton Buckley","1","100.0000","88101","PM2.5 - Local Conditions","145","R & P Model 2025 PM-2.5 Sequential Air Sampler w/VSCC","14460","Boston-Cambridge-Newton, MA-NH","25","Massachusetts","023","Plymouth","42.0651056363862","-71.0121294262363"
"07/22/2018","AQS","250230005","1","4.1","ug/m3 LC","23","Brockton Buckley","1","100.0000","88101","PM2.5 - Local Conditions","145","R & P Model 2025 PM-2.5 Sequential Air Sampler w/VSCC","14460","Boston-Cambridge-Newton, MA-NH","25","Massachusetts","023","Plymouth","42.0651056363862","-71.0121294262363"
"07/25/2018","AQS","250230005","1","6.6","ug/m3 LC","37","Brockton Buckley","1","100.0000","88101","PM2.5 - Local Conditions","145","R & P Model 2025 PM-2.5 Sequential Air Sampler w/VSCC","14460","Boston-Cambridge-Newton, MA-NH","25","Massachusetts","023","Plymouth","42.0651056363862","-71.0121294262363"
"07/28/2018","AQS","250230005","1","6.6","ug/m3 LC","37","Brockton Buckley","1","100.0000","88101","PM2.5 - Local Conditions","145","R & P Model 2025 PM-2.5 Sequential Air Sampler w/VSCC","14460","Boston-Cambridge-Newton, MA-NH","25","Massachusetts","023","Plymouth","42.0651056363862","-71.0121294262363"
"08/03/2018","AQS","250230005","1","7.2","ug/m3 LC","40","Brockton Buckley","1","100.0000","88101","PM2.5 - Local Conditions","145","R & P Model 2025 PM-2.5 Sequential Air Sampler w/VSCC","14460","Boston-Cambridge-Newton, MA-NH","25","Massachusetts","023","Plymouth","42.0651056363862","-71.0121294262363"
"08/09/2018","AQS","250230005","1","9","ug/m3 LC","50","Brockton Buckley","1","100.0000","88101","PM2.5 - Local Conditions","145","R & P Model 2025 PM-2.5 Sequential Air Sampler w/VSCC","14460","Boston-Cambridge-Newton, MA-NH","25","Massachusetts","023","Plymouth","42.0651056363862","-71.0121294262363"
"08/12/2018","AQS","250230005","1","7.5","ug/m3 LC","42","Brockton Buckley","1","100.0000","88101","PM2.5 - Local Conditions","145","R & P Model 2025 PM-2.5 Sequential Air Sampler w/VSCC","14460","Boston-Cambridge-Newton, MA-NH","25","Massachusetts","023","Plymouth","42.0651056363862","-71.0121294262363"
"08/15/2018","AQS","250230005","1","7.2","ug/m3 LC","40","Brockton Buckley","1","100.0000","88101","PM2.5 - Local Conditions","145","R & P Model 2025 PM-2.5 Sequential Air Sampler w/VSCC","14460","Boston-Cambridge-Newton, MA-NH","25","Massachusetts","023","Plymouth","42.0651056363862","-71.0121294262363"
"08/18/2018","AQS","250230005","1","7.5","ug/m3 LC","42","Brockton Buckley","1","100.0000","88101","PM2.5 - Local Conditions","145","R & P Model 2025 PM-2.5 Sequential Air Sampler w/VSCC","14460","Boston-Cambridge-Newton, MA-NH","25","Massachusetts","023","Plymouth","42.0651056363862","-71.0121294262363"
"08/21/2018","AQS","250230005","1","3.2","ug/m3 LC","18","Brockton Buckley","1","100.0000","88101","PM2.5 - Local Conditions","145","R & P Model 2025 PM-2.5 Sequential Air Sampler w/VSCC","14460","Boston-Cambridge-Newton, MA-NH","25","Massachusetts","023","Plymouth","42.0651056363862","-71.0121294262363"
"08/24/2018","AQS","250230005","1","7.8","ug/m3 LC","43","Brockton Buckley","1","100.0000","88101","PM2.5 - Local Conditions","145","R & P Model 2025 PM-2.5 Sequential Air Sampler w/VSCC","14460","Boston-Cambridge-Newton, MA-NH","25","Massachusetts","023","Plymouth","42.0651056363862","-71.0121294262363"
"08/27/2018","AQS","250230005","1","6.4","ug/m3 LC","36","Brockton Buckley","1","100.0000","88101","PM2.5 - Local Conditions","145","R & P Model 2025 PM-2.5 Sequential Air Sampler w/VSCC","14460","Boston-Cambridge-Newton, MA-NH","25","Massachusetts","023","Plymouth","42.0651056363862","-71.0121294262363"
"08/30/2018","AQS","250230005","1","8.6","ug/m3 LC","48","Brockton Buckley","1","100.0000","88101","PM2.5 - Local Conditions","145","R & P Model 2025 PM-2.5 Sequential Air Sampler w/VSCC","14460","Boston-Cambridge-Newton, MA-NH","25","Massachusetts","023","Plymouth","42.0651056363862","-71.0121294262363"
"11/13/2018","AQS","250230005","1","0.9","ug/m3 LC","5","Brockton Buckley","1","100.0000","88101","PM2.5 - Local Conditions","145","R & P Model 2025 PM-2.5 Sequential Air Sampler w/VSCC","14460","Boston-Cambridge-Newton, MA-NH","25","Massachusetts","023","Plymouth","42.0651056363862","-71.0121294262363"
"11/16/2018","AQS","250230005","1","0.7","ug/m3 LC","4","Brockton Buckley","1","100.0000","88101","PM2.5 - Local Conditions","145","R & P Model 2025 PM-2.5 Sequential Air Sampler w/VSCC","14460","Boston-Cambridge-Newton, MA-NH","25","Massachusetts","023","Plymouth","42.0651056363862","-71.0121294262363"
"11/19/2018","AQS","250230005","1","5.1","ug/m3 LC","28","Brockton Buckley","1","100.0000","88101","PM2.5 - Local Conditions","145","R & P Model 2025 PM-2.5 Sequential Air Sampler w/VSCC","14460","Boston-Cambridge-Newton, MA-NH","25","Massachusetts","023","Plymouth","42.0651056363862","-71.0121294262363"
"11/22/2018","AQS","250230005","1","0.2","ug/m3 LC","1","Brockton Buckley","1","100.0000","88101","PM2.5 - Local Conditions","145","R & P Model 2025 PM-2.5 Sequential Air Sampler w/VSCC","14460","Boston-Cambridge-Newton, MA-NH","25","Massachusetts","023","Plymouth","42.0651056363862","-71.0121294262363"
"11/25/2018","AQS","250230005","1","5.1","ug/m3 LC","28","Brockton Buckley","1","100.0000","88101","PM2.5 - Local Conditions","145","R & P Model 2025 PM-2.5 Sequential Air Sampler w/VSCC","14460","Boston-Cambridge-Newton, MA-NH","25","Massachusetts","023","Plymouth","42.0651056363862","-71.0121294262363"
"11/28/2018","AQS","250230005","1","2.9","ug/m3 LC","16","Brockton Buckley","1","100.0000","88101","PM2.5 - Local Conditions","145","R & P Model 2025 PM-2.5 Sequential Air Sampler w/VSCC","14460","Boston-Cambridge-Newton, MA-NH","25","Massachusetts","023","Plymouth","42.0651056363862","-71.0121294262363"
"12/01/2018","AQS","250230005","1","7.6","ug/m3 LC","42","Brockton Buckley","1","100.0000","88101","PM2.5 - Local Conditions","145","R & P Model 2025 PM-2.5 Sequential Air Sampler w/VSCC","14460","Boston-Cambridge-Newton, MA-NH","25","Massachusetts","023","Plymouth","42.0651056363862","-71.0121294262363"
"12/07/2018","AQS","250230005","1","2.2","ug/m3 LC","12","Brockton Buckley","1","100.0000","88101","PM2.5 - Local Conditions","145","R & P Model 2025 PM-2.5 Sequential Air Sampler w/VSCC","14460","Boston-Cambridge-Newton, MA-NH","25","Massachusetts","023","Plymouth","42.0651056363862","-71.0121294262363"
"12/10/2018","AQS","250230005","1","7.1","ug/m3 LC","39","Brockton Buckley","1","100.0000","88101","PM2.5 - Local Conditions","145","R & P Model 2025 PM-2.5 Sequential Air Sampler w/VSCC","14460","Boston-Cambridge-Newton, MA-NH","25","Massachusetts","023","Plymouth","42.0651056363862","-71.0121294262363"
"12/13/2018","AQS","250230005","1","5.2","ug/m3 LC","29","Brockton Buckley","1","100.0000","88101","PM2.5 - Local Conditions","145","R & P Model 2025 PM-2.5 Sequential Air Sampler w/VSCC","14460","Boston-Cambridge-Newton, MA-NH","25","Massachusetts","023","Plymouth","42.0651056363862","-71.0121294262363"
"12/16/2018","AQS","250230005","1","2.5","ug/m3 LC","14","Brockton Buckley","1","100.0000","88101","PM2.5 - Local Conditions","145","R & P Model 2025 PM-2.5 Sequential Air Sampler w/VSCC","14460","Boston-Cambridge-Newton, MA-NH","25","Massachusetts","023","Plymouth","42.0651056363862","-71.0121294262363"
"12/19/2018","AQS","250230005","1","4.9","ug/m3 LC","27","Brockton Buckley","1","100.0000","88101","PM2.5 - Local Conditions","145","R & P Model 2025 PM-2.5 Sequential Air Sampler w/VSCC","14460","Boston-Cambridge-Newton, MA-NH","25","Massachusetts","023","Plymouth","42.0651056363862","-71.0121294262363"
"12/22/2018","AQS","250230005","1","4.5","ug/m3 LC","25","Brockton Buckley","1","100.0000","88101","PM2.5 - Local Conditions","145","R & P Model 2025 PM-2.5 Sequential Air Sampler w/VSCC","14460","Boston-Cambridge-Newton, MA-NH","25","Massachusetts","023","Plymouth","42.0651056363862","-71.0121294262363"
"12/25/2018","AQS","250230005","1","4","ug/m3 LC","22","Brockton Buckley","1","100.0000","88101","PM2.5 - Local Conditions","145","R & P Model 2025 PM-2.5 Sequential Air Sampler w/VSCC","14460","Boston-Cambridge-Newton, MA-NH","25","Massachusetts","023","Plymouth","42.0651056363862","-71.0121294262363"
"12/28/2018","AQS","250230005","1","3.2","ug/m3 LC","18","Brockton Buckley","1","100.0000","88101","PM2.5 - Local Conditions","145","R & P Model 2025 PM-2.5 Sequential Air Sampler w/VSCC","14460","Boston-Cambridge-Newton, MA-NH","25","Massachusetts","023","Plymouth","42.0651056363862","-71.0121294262363"
"12/31/2018","AQS","250230005","1","7.2","ug/m3 LC","40","Brockton Buckley","1","100.0000","88101","PM2.5 - Local Conditions","145","R & P Model 2025 PM-2.5 Sequential Air Sampler w/VSCC","14460","Boston-Cambridge-Newton, MA-NH","25","Massachusetts","023","Plymouth","42.0651056363862","-71.0121294262363"
"01/02/2018","AQS","250230005","2","9.6","ug/m3 LC","52","Brockton Buckley","1","100.0000","88101","PM2.5 - Local Conditions","145","R & P Model 2025 PM-2.5 Sequential Air Sampler w/VSCC","14460","Boston-Cambridge-Newton, MA-NH","25","Massachusetts","023","Plymouth","42.0651056363862","-71.0121294262363"
"01/05/2018","AQS","250230005","2","2.7","ug/m3 LC","15","Brockton Buckley","1","100.0000","88101","PM2.5 - Local Conditions","145","R & P Model 2025 PM-2.5 Sequential Air Sampler w/VSCC","14460","Boston-Cambridge-Newton, MA-NH","25","Massachusetts","023","Plymouth","42.0651056363862","-71.0121294262363"
"01/11/2018","AQS","250230005","2","3.2","ug/m3 LC","18","Brockton Buckley","1","100.0000","88101","PM2.5 - Local Conditions","145","R & P Model 2025 PM-2.5 Sequential Air Sampler w/VSCC","14460","Boston-Cambridge-Newton, MA-NH","25","Massachusetts","023","Plymouth","42.0651056363862","-71.0121294262363"
"01/01/2018","AQS","250230005","3","2.5","ug/m3 LC","14","Brockton Buckley","1","100.0000","88101","PM2.5 - Local Conditions","170","Met One BAM-1020 Mass Monitor w/VSCC","14460","Boston-Cambridge-Newton, MA-NH","25","Massachusetts","023","Plymouth","42.0651056363862","-71.0121294262363"
"01/02/2018","AQS","250230005","3","5.7","ug/m3 LC","32","Brockton Buckley","1","100.0000","88101","PM2.5 - Local Conditions","170","Met One BAM-1020 Mass Monitor w/VSCC","14460","Boston-Cambridge-Newton, MA-NH","25","Massachusetts","023","Plymouth","42.0651056363862","-71.0121294262363"
"01/12/2018","AQS","250230005","3","3.6","ug/m3 LC","20","Brockton Buckley","1","100.0000","88101","PM2.5 - Local Conditions","170","Met One BAM-1020 Mass Monitor w/VSCC","14460","Boston-Cambridge-Newton, MA-NH","25","Massachusetts","023","Plymouth","42.0651056363862","-71.0121294262363"
"01/13/2018","AQS","250230005","3","0.7","ug/m3 LC","4","Brockton Buckley","1","100.0000","88101","PM2.5 - Local Conditions","170","Met One BAM-1020 Mass Monitor w/VSCC","14460","Boston-Cambridge-Newton, MA-NH","25","Massachusetts","023","Plymouth","42.0651056363862","-71.0121294262363"
"01/14/2018","AQS","250230005","3","2.5","ug/m3 LC","14","Brockton Buckley","1","100.0000","88101","PM2.5 - Local Conditions","170","Met One BAM-1020 Mass Monitor w/VSCC","14460","Boston-Cambridge-Newton, MA-NH","25","Massachusetts","023","Plymouth","42.0651056363862","-71.0121294262363"
"01/15/2018","AQS","250230005","3","4","ug/m3 LC","22","Brockton Buckley","1","100.0000","88101","PM2.5 - Local Conditions","170","Met One BAM-1020 Mass Monitor w/VSCC","14460","Boston-Cambridge-Newton, MA-NH","25","Massachusetts","023","Plymouth","42.0651056363862","-71.0121294262363"
"01/16/2018","AQS","250230005","3","5.9","ug/m3 LC","33","Brockton Buckley","1","100.0000","88101","PM2.5 - Local Conditions","170","Met One BAM-1020 Mass Monitor w/VSCC","14460","Boston-Cambridge-Newton, MA-NH","25","Massachusetts","023","Plymouth","42.0651056363862","-71.0121294262363"
"01/17/2018","AQS","250230005","3","6.5","ug/m3 LC","36","Brockton Buckley","1","100.0000","88101","PM2.5 - Local Conditions","170","Met One BAM-1020 Mass Monitor w/VSCC","14460","Boston-Cambridge-Newton, MA-NH","25","Massachusetts","023","Plymouth","42.0651056363862","-71.0121294262363"
"01/18/2018","AQS","250230005","3","9.2","ug/m3 LC","51","Brockton Buckley","1","100.0000","88101","PM2.5 - Local Conditions","170","Met One BAM-1020 Mass Monitor w/VSCC","14460","Boston-Cambridge-Newton, MA-NH","25","Massachusetts","023","Plymouth","42.0651056363862","-71.0121294262363"
"01/19/2018","AQS","250230005","3","17.5","ug/m3 LC","67","Brockton Buckley","1","100.0000","88101","PM2.5 - Local Conditions","170","Met One BAM-1020 Mass Monitor w/VSCC","14460","Boston-Cambridge-Newton, MA-NH","25","Massachusetts","023","Plymouth","42.0651056363862","-71.0121294262363"
"01/20/2018","AQS","250230005","3","9.4","ug/m3 LC","52","Brockton Buckley","1","100.0000","88101","PM2.5 - Local Conditions","170","Met One BAM-1020 Mass Monitor w/VSCC","14460","Boston-Cambridge-Newton, MA-NH","25","Massachusetts","023","Plymouth","42.0651056363862","-71.0121294262363"
"01/21/2018","AQS","250230005","3","9.7","ug/m3 LC","52","Brockton Buckley","1","100.0000","88101","PM2.5 - Local Conditions","170","Met One BAM-1020 Mass Monitor w/VSCC","14460","Boston-Cambridge-Newton, MA-NH","25","Massachusetts","023","Plymouth","42.0651056363862","-71.0121294262363"
"01/22/2018","AQS","250230005","3","19.5","ug/m3 LC","70","Brockton Buckley","1","100.0000","88101","PM2.5 - Local Conditions","170","Met One BAM-1020 Mass Monitor w/VSCC","14460","Boston-Cambridge-Newton, MA-NH","25","Massachusetts","023","Plymouth","42.0651056363862","-71.0121294262363"
"01/23/2018","AQS","250230005","3","3","ug/m3 LC","17","Brockton Buckley","1","100.0000","88101","PM2.5 - Local Conditions","170","Met One BAM-1020 Mass Monitor w/VSCC","14460","Boston-Cambridge-Newton, MA-NH","25","Massachusetts","023","Plymouth","42.0651056363862","-71.0121294262363"
"01/24/2018","AQS","250230005","3","-0.3","ug/m3 LC","0","Brockton Buckley","1","100.0000","88101","PM2.5 - Local Conditions","170","Met One BAM-1020 Mass Monitor w/VSCC","14460","Boston-Cambridge-Newton, MA-NH","25","Massachusetts","023","Plymouth","42.0651056363862","-71.0121294262363"
"01/25/2018","AQS","250230005","3","-0.6","ug/m3 LC","0","Brockton Buckley","1","100.0000","88101","PM2.5 - Local Conditions","170","Met One BAM-1020 Mass Monitor w/VSCC","14460","Boston-Cambridge-Newton, MA-NH","25","Massachusetts","023","Plymouth","42.0651056363862","-71.0121294262363"
"01/26/2018","AQS","250230005","3","1","ug/m3 LC","6","Brockton Buckley","1","100.0000","88101","PM2.5 - Local Conditions","170","Met One BAM-1020 Mass Monitor w/VSCC","14460","Boston-Cambridge-Newton, MA-NH","25","Massachusetts","023","Plymouth","42.0651056363862","-71.0121294262363"
"01/27/2018","AQS","250230005","3","6.7","ug/m3 LC","37","Brockton Buckley","1","100.0000","88101","PM2.5 - Local Conditions","170","Met One BAM-1020 Mass Monitor w/VSCC","14460","Boston-Cambridge-Newton, MA-NH","25","Massachusetts","023","Plymouth","42.0651056363862","-71.0121294262363"
"01/28/2018","AQS","250230005","3","6.4","ug/m3 LC","36","Brockton Buckley","1","100.0000","88101","PM2.5 - Local Conditions","170","Met One BAM-1020 Mass Monitor w/VSCC","14460","Boston-Cambridge-Newton, MA-NH","25","Massachusetts","023","Plymouth","42.0651056363862","-71.0121294262363"
"01/29/2018","AQS","250230005","3","5.1","ug/m3 LC","28","Brockton Buckley","1","100.0000","88101","PM2.5 - Local Conditions","170","Met One BAM-1020 Mass Monitor w/VSCC","14460","Boston-Cambridge-Newton, MA-NH","25","Massachusetts","023","Plymouth","42.0651056363862","-71.0121294262363"
"01/30/2018","AQS","250230005","3","0.6","ug/m3 LC","3","Brockton Buckley","1","100.0000","88101","PM2.5 - Local Conditions","170","Met One BAM-1020 Mass Monitor w/VSCC","14460","Boston-Cambridge-Newton, MA-NH","25","Massachusetts","023","Plymouth","42.0651056363862","-71.0121294262363"
"01/31/2018","AQS","250230005","3","2.1","ug/m3 LC","12","Brockton Buckley","1","100.0000","88101","PM2.5 - Local Conditions","170","Met One BAM-1020 Mass Monitor w/VSCC","14460","Boston-Cambridge-Newton, MA-NH","25","Massachusetts","023","Plymouth","42.0651056363862","-71.0121294262363"
"02/01/2018","AQS","250230005","3","5.7","ug/m3 LC","32","Brockton Buckley","1","100.0000","88101","PM2.5 - Local Conditions","170","Met One BAM-1020 Mass Monitor w/VSCC","14460","Boston-Cambridge-Newton, MA-NH","25","Massachusetts","023","Plymouth","42.0651056363862","-71.0121294262363"
"02/02/2018","AQS","250230005","3","2.7","ug/m3 LC","15","Brockton Buckley","1","100.0000","88101","PM2.5 - Local Conditions","170","Met One BAM-1020 Mass Monitor w/VSCC","14460","Boston-Cambridge-Newton, MA-NH","25","Massachusetts","023","Plymouth","42.0651056363862","-71.0121294262363"
"02/03/2018","AQS","250230005","3","2.9","ug/m3 LC","16","Brockton Buckley","1","100.0000","88101","PM2.5 - Local Conditions","170","Met One BAM-1020 Mass Monitor w/VSCC","14460","Boston-Cambridge-Newton, MA-NH","25","Massachusetts","023","Plymouth","42.0651056363862","-71.0121294262363"
"02/04/2018","AQS","250230005","3","6","ug/m3 LC","33","Brockton Buckley","1","100.0000","88101","PM2.5 - Local Conditions","170","Met One BAM-1020 Mass Monitor w/VSCC","14460","Boston-Cambridge-Newton, MA-NH","25","Massachusetts","023","Plymouth","42.0651056363862","-71.0121294262363"
"02/05/2018","AQS","250230005","3","0.1","ug/m3 LC","1","Brockton Buckley","1","100.0000","88101","PM2.5 - Local Conditions","170","Met One BAM-1020 Mass Monitor w/VSCC","14460","Boston-Cambridge-Newton, MA-NH","25","Massachusetts","023","Plymouth","42.0651056363862","-71.0121294262363"
"02/06/2018","AQS","250230005","3","5.3","ug/m3 LC","29","Brockton Buckley","1","100.0000","88101","PM2.5 - Local Conditions","170","Met One BAM-1020 Mass Monitor w/VSCC","14460","Boston-Cambridge-Newton, MA-NH","25","Massachusetts","023","Plymouth","42.0651056363862","-71.0121294262363"
"02/07/2018","AQS","250230005","3","10","ug/m3 LC","53","Brockton Buckley","1","100.0000","88101","PM2.5 - Local Conditions","170","Met One BAM-1020 Mass Monitor w/VSCC","14460","Boston-Cambridge-Newton, MA-NH","25","Massachusetts","023","Plymouth","42.0651056363862","-71.0121294262363"
"02/08/2018","AQS","250230005","3","4.2","ug/m3 LC","23","Brockton Buckley","1","100.0000","88101","PM2.5 - Local Conditions","170","Met One BAM-1020 Mass Monitor w/VSCC","14460","Boston-Cambridge-Newton, MA-NH","25","Massachusetts","023","Plymouth","42.0651056363862","-71.0121294262363"
"02/09/2018","AQS","250230005","3","9.3","ug/m3 LC","51","Brockton Buckley","1","100.0000","88101","PM2.5 - Local Conditions","170","Met One BAM-1020 Mass Monitor w/VSCC","14460","Boston-Cambridge-Newton, MA-NH","25","Massachusetts","023","Plymouth","42.0651056363862","-71.0121294262363"
"02/10/2018","AQS","250230005","3","8.5","ug/m3 LC","47","Brockton Buckley","1","100.0000","88101","PM2.5 - Local Conditions","170","Met One BAM-1020 Mass Monitor w/VSCC","14460","Boston-Cambridge-Newton, MA-NH","25","Massachusetts","023","Plymouth","42.0651056363862","-71.0121294262363"
"02/11/2018","AQS","250230005","3","2.6","ug/m3 LC","14","Brockton Buckley","1","100.0000","88101","PM2.5 - Local Conditions","170","Met One BAM-1020 Mass Monitor w/VSCC","14460","Boston-Cambridge-Newton, MA-NH","25","Massachusetts","023","Plymouth","42.0651056363862","-71.0121294262363"
"02/12/2018","AQS","250230005","3","2.2","ug/m3 LC","12","Brockton Buckley","1","100.0000","88101","PM2.5 - Local Conditions","170","Met One BAM-1020 Mass Monitor w/VSCC","14460","Boston-Cambridge-Newton, MA-NH","25","Massachusetts","023","Plymouth","42.0651056363862","-71.0121294262363"
"02/13/2018","AQS","250230005","3","3.6","ug/m3 LC","20","Brockton Buckley","1","100.0000","88101","PM2.5 - Local Conditions","170","Met One BAM-1020 Mass Monitor w/VSCC","14460","Boston-Cambridge-Newton, MA-NH","25","Massachusetts","023","Plymouth","42.0651056363862","-71.0121294262363"
"02/14/2018","AQS","250230005","3","9.3","ug/m3 LC","51","Brockton Buckley","1","100.0000","88101","PM2.5 - Local Conditions","170","Met One BAM-1020 Mass Monitor w/VSCC","14460","Boston-Cambridge-Newton, MA-NH","25","Massachusetts","023","Plymouth","42.0651056363862","-71.0121294262363"
"02/15/2018","AQS","250230005","3","14.2","ug/m3 LC","61","Brockton Buckley","1","100.0000","88101","PM2.5 - Local Conditions","170","Met One BAM-1020 Mass Monitor w/VSCC","14460","Boston-Cambridge-Newton, MA-NH","25","Massachusetts","023","Plymouth","42.0651056363862","-71.0121294262363"
"02/16/2018","AQS","250230005","3","8.6","ug/m3 LC","48","Brockton Buckley","1","100.0000","88101","PM2.5 - Local Conditions","170","Met One BAM-1020 Mass Monitor w/VSCC","14460","Boston-Cambridge-Newton, MA-NH","25","Massachusetts","023","Plymouth","42.0651056363862","-71.0121294262363"
"02/17/2018","AQS","250230005","3","2.8","ug/m3 LC","16","Brockton Buckley","1","100.0000","88101","PM2.5 - Local Conditions","170","Met One BAM-1020 Mass Monitor w/VSCC","14460","Boston-Cambridge-Newton, MA-NH","25","Massachusetts","023","Plymouth","42.0651056363862","-71.0121294262363"
"02/18/2018","AQS","250230005","3","2.6","ug/m3 LC","14","Brockton Buckley","1","100.0000","88101","PM2.5 - Local Conditions","170","Met One BAM-1020 Mass Monitor w/VSCC","14460","Boston-Cambridge-Newton, MA-NH","25","Massachusetts","023","Plymouth","42.0651056363862","-71.0121294262363"
"02/19/2018","AQS","250230005","3","9","ug/m3 LC","50","Brockton Buckley","1","100.0000","88101","PM2.5 - Local Conditions","170","Met One BAM-1020 Mass Monitor w/VSCC","14460","Boston-Cambridge-Newton, MA-NH","25","Massachusetts","023","Plymouth","42.0651056363862","-71.0121294262363"
"02/20/2018","AQS","250230005","3","5.7","ug/m3 LC","32","Brockton Buckley","1","100.0000","88101","PM2.5 - Local Conditions","170","Met One BAM-1020 Mass Monitor w/VSCC","14460","Boston-Cambridge-Newton, MA-NH","25","Massachusetts","023","Plymouth","42.0651056363862","-71.0121294262363"
"02/21/2018","AQS","250230005","3","7.6","ug/m3 LC","42","Brockton Buckley","1","100.0000","88101","PM2.5 - Local Conditions","170","Met One BAM-1020 Mass Monitor w/VSCC","14460","Boston-Cambridge-Newton, MA-NH","25","Massachusetts","023","Plymouth","42.0651056363862","-71.0121294262363"
"02/22/2018","AQS","250230005","3","0.4","ug/m3 LC","2","Brockton Buckley","1","100.0000","88101","PM2.5 - Local Conditions","170","Met One BAM-1020 Mass Monitor w/VSCC","14460","Boston-Cambridge-Newton, MA-NH","25","Massachusetts","023","Plymouth","42.0651056363862","-71.0121294262363"
"02/23/2018","AQS","250230005","3","6","ug/m3 LC","33","Brockton Buckley","1","100.0000","88101","PM2.5 - Local Conditions","170","Met One BAM-1020 Mass Monitor w/VSCC","14460","Boston-Cambridge-Newton, MA-NH","25","Massachusetts","023","Plymouth","42.0651056363862","-71.0121294262363"
"02/24/2018","AQS","250230005","3","2.7","ug/m3 LC","15","Brockton Buckley","1","100.0000","88101","PM2.5 - Local Conditions","170","Met One BAM-1020 Mass Monitor w/VSCC","14460","Boston-Cambridge-Newton, MA-NH","25","Massachusetts","023","Plymouth","42.0651056363862","-71.0121294262363"
"02/25/2018","AQS","250230005","3","2","ug/m3 LC","11","Brockton Buckley","1","100.0000","88101","PM2.5 - Local Conditions","170","Met One BAM-1020 Mass Monitor w/VSCC","14460","Boston-Cambridge-Newton, MA-NH","25","Massachusetts","023","Plymouth","42.0651056363862","-71.0121294262363"
"02/26/2018","AQS","250230005","3","1.2","ug/m3 LC","7","Brockton Buckley","1","100.0000","88101","PM2.5 - Local Conditions","170","Met One BAM-1020 Mass Monitor w/VSCC","14460","Boston-Cambridge-Newton, MA-NH","25","Massachusetts","023","Plymouth","42.0651056363862","-71.0121294262363"
"02/27/2018","AQS","250230005","3","2.3","ug/m3 LC","13","Brockton Buckley","1","100.0000","88101","PM2.5 - Local Conditions","170","Met One BAM-1020 Mass Monitor w/VSCC","14460","Boston-Cambridge-Newton, MA-NH","25","Massachusetts","023","Plymouth","42.0651056363862","-71.0121294262363"
"02/28/2018","AQS","250230005","3","4.6","ug/m3 LC","26","Brockton Buckley","1","100.0000","88101","PM2.5 - Local Conditions","170","Met One BAM-1020 Mass Monitor w/VSCC","14460","Boston-Cambridge-Newton, MA-NH","25","Massachusetts","023","Plymouth","42.0651056363862","-71.0121294262363"
"03/01/2018","AQS","250230005","3","7.2","ug/m3 LC","40","Brockton Buckley","1","100.0000","88101","PM2.5 - Local Conditions","170","Met One BAM-1020 Mass Monitor w/VSCC","14460","Boston-Cambridge-Newton, MA-NH","25","Massachusetts","023","Plymouth","42.0651056363862","-71.0121294262363"
"03/02/2018","AQS","250230005","3","1.9","ug/m3 LC","11","Brockton Buckley","1","100.0000","88101","PM2.5 - Local Conditions","170","Met One BAM-1020 Mass Monitor w/VSCC","14460","Boston-Cambridge-Newton, MA-NH","25","Massachusetts","023","Plymouth","42.0651056363862","-71.0121294262363"
"03/03/2018","AQS","250230005","3","1.8","ug/m3 LC","10","Brockton Buckley","1","100.0000","88101","PM2.5 - Local Conditions","170","Met One BAM-1020 Mass Monitor w/VSCC","14460","Boston-Cambridge-Newton, MA-NH","25","Massachusetts","023","Plymouth","42.0651056363862","-71.0121294262363"
"03/04/2018","AQS","250230005","3","0.5","ug/m3 LC","3","Brockton Buckley","1","100.0000","88101","PM2.5 - Local Conditions","170","Met One BAM-1020 Mass Monitor w/VSCC","14460","Boston-Cambridge-Newton, MA-NH","25","Massachusetts","023","Plymouth","42.0651056363862","-71.0121294262363"
"03/05/2018","AQS","250230005","3","1.1","ug/m3 LC","6","Brockton Buckley","1","100.0000","88101","PM2.5 - Local Conditions","170","Met One BAM-1020 Mass Monitor w/VSCC","14460","Boston-Cambridge-Newton, MA-NH","25","Massachusetts","023","Plymouth","42.0651056363862","-71.0121294262363"
"03/06/2018","AQS","250230005","3","0.5","ug/m3 LC","3","Brockton Buckley","1","100.0000","88101","PM2.5 - Local Conditions","170","Met One BAM-1020 Mass Monitor w/VSCC","14460","Boston-Cambridge-Newton, MA-NH","25","Massachusetts","023","Plymouth","42.0651056363862","-71.0121294262363"
"03/07/2018","AQS","250230005","3","1.1","ug/m3 LC","6","Brockton Buckley","1","100.0000","88101","PM2.5 - Local Conditions","170","Met One BAM-1020 Mass Monitor w/VSCC","14460","Boston-Cambridge-Newton, MA-NH","25","Massachusetts","023","Plymouth","42.0651056363862","-71.0121294262363"
"03/08/2018","AQS","250230005","3","0.1","ug/m3 LC","1","Brockton Buckley","1","100.0000","88101","PM2.5 - Local Conditions","170","Met One BAM-1020 Mass Monitor w/VSCC","14460","Boston-Cambridge-Newton, MA-NH","25","Massachusetts","023","Plymouth","42.0651056363862","-71.0121294262363"
"03/09/2018","AQS","250230005","3","1.6","ug/m3 LC","9","Brockton Buckley","1","100.0000","88101","PM2.5 - Local Conditions","170","Met One BAM-1020 Mass Monitor w/VSCC","14460","Boston-Cambridge-Newton, MA-NH","25","Massachusetts","023","Plymouth","42.0651056363862","-71.0121294262363"
"03/10/2018","AQS","250230005","3","1","ug/m3 LC","6","Brockton Buckley","1","100.0000","88101","PM2.5 - Local Conditions","170","Met One BAM-1020 Mass Monitor w/VSCC","14460","Boston-Cambridge-Newton, MA-NH","25","Massachusetts","023","Plymouth","42.0651056363862","-71.0121294262363"
"03/11/2018","AQS","250230005","3","0.3","ug/m3 LC","2","Brockton Buckley","1","100.0000","88101","PM2.5 - Local Conditions","170","Met One BAM-1020 Mass Monitor w/VSCC","14460","Boston-Cambridge-Newton, MA-NH","25","Massachusetts","023","Plymouth","42.0651056363862","-71.0121294262363"
"03/12/2018","AQS","250230005","3","1.3","ug/m3 LC","7","Brockton Buckley","1","100.0000","88101","PM2.5 - Local Conditions","170","Met One BAM-1020 Mass Monitor w/VSCC","14460","Boston-Cambridge-Newton, MA-NH","25","Massachusetts","023","Plymouth","42.0651056363862","-71.0121294262363"
"03/13/2018","AQS","250230005","3","-1.3","ug/m3 LC","0","Brockton Buckley","1","100.0000","88101","PM2.5 - Local Conditions","170","Met One BAM-1020 Mass Monitor w/VSCC","14460","Boston-Cambridge-Newton, MA-NH","25","Massachusetts","023","Plymouth","42.0651056363862","-71.0121294262363"
"03/14/2018","AQS","250230005","3","1.2","ug/m3 LC","7","Brockton Buckley","1","100.0000","88101","PM2.5 - Local Conditions","170","Met One BAM-1020 Mass Monitor w/VSCC","14460","Boston-Cambridge-Newton, MA-NH","25","Massachusetts","023","Plymouth","42.0651056363862","-71.0121294262363"
"03/15/2018","AQS","250230005","3","1.2","ug/m3 LC","7","Brockton Buckley","1","100.0000","88101","PM2.5 - Local Conditions","170","Met One BAM-1020 Mass Monitor w/VSCC","14460","Boston-Cambridge-Newton, MA-NH","25","Massachusetts","023","Plymouth","42.0651056363862","-71.0121294262363"
"03/16/2018","AQS","250230005","3","1.4","ug/m3 LC","8","Brockton Buckley","1","100.0000","88101","PM2.5 - Local Conditions","170","Met One BAM-1020 Mass Monitor w/VSCC","14460","Boston-Cambridge-Newton, MA-NH","25","Massachusetts","023","Plymouth","42.0651056363862","-71.0121294262363"
"03/17/2018","AQS","250230005","3","0.5","ug/m3 LC","3","Brockton Buckley","1","100.0000","88101","PM2.5 - Local Conditions","170","Met One BAM-1020 Mass Monitor w/VSCC","14460","Boston-Cambridge-Newton, MA-NH","25","Massachusetts","023","Plymouth","42.0651056363862","-71.0121294262363"
"03/18/2018","AQS","250230005","3","-0.3","ug/m3 LC","0","Brockton Buckley","1","100.0000","88101","PM2.5 - Local Conditions","170","Met One BAM-1020 Mass Monitor w/VSCC","14460","Boston-Cambridge-Newton, MA-NH","25","Massachusetts","023","Plymouth","42.0651056363862","-71.0121294262363"
"03/19/2018","AQS","250230005","3","-0.5","ug/m3 LC","0","Brockton Buckley","1","100.0000","88101","PM2.5 - Local Conditions","170","Met One BAM-1020 Mass Monitor w/VSCC","14460","Boston-Cambridge-Newton, MA-NH","25","Massachusetts","023","Plymouth","42.0651056363862","-71.0121294262363"
"03/20/2018","AQS","250230005","3","1.4","ug/m3 LC","8","Brockton Buckley","1","100.0000","88101","PM2.5 - Local Conditions","170","Met One BAM-1020 Mass Monitor w/VSCC","14460","Boston-Cambridge-Newton, MA-NH","25","Massachusetts","023","Plymouth","42.0651056363862","-71.0121294262363"
"03/21/2018","AQS","250230005","3","3.1","ug/m3 LC","17","Brockton Buckley","1","100.0000","88101","PM2.5 - Local Conditions","170","Met One BAM-1020 Mass Monitor w/VSCC","14460","Boston-Cambridge-Newton, MA-NH","25","Massachusetts","023","Plymouth","42.0651056363862","-71.0121294262363"
"03/22/2018","AQS","250230005","3","1.9","ug/m3 LC","11","Brockton Buckley","1","100.0000","88101","PM2.5 - Local Conditions","170","Met One BAM-1020 Mass Monitor w/VSCC","14460","Boston-Cambridge-Newton, MA-NH","25","Massachusetts","023","Plymouth","42.0651056363862","-71.0121294262363"
"03/23/2018","AQS","250230005","3","3.7","ug/m3 LC","21","Brockton Buckley","1","100.0000","88101","PM2.5 - Local Conditions","170","Met One BAM-1020 Mass Monitor w/VSCC","14460","Boston-Cambridge-Newton, MA-NH","25","Massachusetts","023","Plymouth","42.0651056363862","-71.0121294262363"
"03/24/2018","AQS","250230005","3","1.4","ug/m3 LC","8","Brockton Buckley","1","100.0000","88101","PM2.5 - Local Conditions","170","Met One BAM-1020 Mass Monitor w/VSCC","14460","Boston-Cambridge-Newton, MA-NH","25","Massachusetts","023","Plymouth","42.0651056363862","-71.0121294262363"
"03/25/2018","AQS","250230005","3","1.4","ug/m3 LC","8","Brockton Buckley","1","100.0000","88101","PM2.5 - Local Conditions","170","Met One BAM-1020 Mass Monitor w/VSCC","14460","Boston-Cambridge-Newton, MA-NH","25","Massachusetts","023","Plymouth","42.0651056363862","-71.0121294262363"
"03/26/2018","AQS","250230005","3","1.9","ug/m3 LC","11","Brockton Buckley","1","100.0000","88101","PM2.5 - Local Conditions","170","Met One BAM-1020 Mass Monitor w/VSCC","14460","Boston-Cambridge-Newton, MA-NH","25","Massachusetts","023","Plymouth","42.0651056363862","-71.0121294262363"
"03/27/2018","AQS","250230005","3","4.2","ug/m3 LC","23","Brockton Buckley","1","100.0000","88101","PM2.5 - Local Conditions","170","Met One BAM-1020 Mass Monitor w/VSCC","14460","Boston-Cambridge-Newton, MA-NH","25","Massachusetts","023","Plymouth","42.0651056363862","-71.0121294262363"
"03/28/2018","AQS","250230005","3","7.4","ug/m3 LC","41","Brockton Buckley","1","100.0000","88101","PM2.5 - Local Conditions","170","Met One BAM-1020 Mass Monitor w/VSCC","14460","Boston-Cambridge-Newton, MA-NH","25","Massachusetts","023","Plymouth","42.0651056363862","-71.0121294262363"
"03/29/2018","AQS","250230005","3","11.1","ug/m3 LC","55","Brockton Buckley","1","100.0000","88101","PM2.5 - Local Conditions","170","Met One BAM-1020 Mass Monitor w/VSCC","14460","Boston-Cambridge-Newton, MA-NH","25","Massachusetts","023","Plymouth","42.0651056363862","-71.0121294262363"
"03/30/2018","AQS","250230005","3","7.4","ug/m3 LC","41","Brockton Buckley","1","100.0000","88101","PM2.5 - Local Conditions","170","Met One BAM-1020 Mass Monitor w/VSCC","14460","Boston-Cambridge-Newton, MA-NH","25","Massachusetts","023","Plymouth","42.0651056363862","-71.0121294262363"
"03/31/2018","AQS","250230005","3","1.5","ug/m3 LC","8","Brockton Buckley","1","100.0000","88101","PM2.5 - Local Conditions","170","Met One BAM-1020 Mass Monitor w/VSCC","14460","Boston-Cambridge-Newton, MA-NH","25","Massachusetts","023","Plymouth","42.0651056363862","-71.0121294262363"
"04/01/2018","AQS","250230005","3","1.2","ug/m3 LC","7","Brockton Buckley","1","100.0000","88101","PM2.5 - Local Conditions","170","Met One BAM-1020 Mass Monitor w/VSCC","14460","Boston-Cambridge-Newton, MA-NH","25","Massachusetts","023","Plymouth","42.0651056363862","-71.0121294262363"
"04/02/2018","AQS","250230005","3","2","ug/m3 LC","11","Brockton Buckley","1","100.0000","88101","PM2.5 - Local Conditions","170","Met One BAM-1020 Mass Monitor w/VSCC","14460","Boston-Cambridge-Newton, MA-NH","25","Massachusetts","023","Plymouth","42.0651056363862","-71.0121294262363"
"04/03/2018","AQS","250230005","3","5.1","ug/m3 LC","28","Brockton Buckley","1","100.0000","88101","PM2.5 - Local Conditions","170","Met One BAM-1020 Mass Monitor w/VSCC","14460","Boston-Cambridge-Newton, MA-NH","25","Massachusetts","023","Plymouth","42.0651056363862","-71.0121294262363"
"04/04/2018","AQS","250230005","3","2.2","ug/m3 LC","12","Brockton Buckley","1","100.0000","88101","PM2.5 - Local Conditions","170","Met One BAM-1020 Mass Monitor w/VSCC","14460","Boston-Cambridge-Newton, MA-NH","25","Massachusetts","023","Plymouth","42.0651056363862","-71.0121294262363"
"04/05/2018","AQS","250230005","3","-0.7","ug/m3 LC","0","Brockton Buckley","1","100.0000","88101","PM2.5 - Local Conditions","170","Met One BAM-1020 Mass Monitor w/VSCC","14460","Boston-Cambridge-Newton, MA-NH","25","Massachusetts","023","Plymouth","42.0651056363862","-71.0121294262363"
"04/06/2018","AQS","250230005","3","5.6","ug/m3 LC","31","Brockton Buckley","1","100.0000","88101","PM2.5 - Local Conditions","170","Met One BAM-1020 Mass Monitor w/VSCC","14460","Boston-Cambridge-Newton, MA-NH","25","Massachusetts","023","Plymouth","42.0651056363862","-71.0121294262363"
"04/07/2018","AQS","250230005","3","3.7","ug/m3 LC","21","Brockton Buckley","1","100.0000","88101","PM2.5 - Local Conditions","170","Met One BAM-1020 Mass Monitor w/VSCC","14460","Boston-Cambridge-Newton, MA-NH","25","Massachusetts","023","Plymouth","42.0651056363862","-71.0121294262363"
"04/08/2018","AQS","250230005","3","0.2","ug/m3 LC","1","Brockton Buckley","1","100.0000","88101","PM2.5 - Local Conditions","170","Met One BAM-1020 Mass Monitor w/VSCC","14460","Boston-Cambridge-Newton, MA-NH","25","Massachusetts","023","Plymouth","42.0651056363862","-71.0121294262363"
"04/09/2018","AQS","250230005","3","1.2","ug/m3 LC","7","Brockton Buckley","1","100.0000","88101","PM2.5 - Local Conditions","170","Met One BAM-1020 Mass Monitor w/VSCC","14460","Boston-Cambridge-Newton, MA-NH","25","Massachusetts","023","Plymouth","42.0651056363862","-71.0121294262363"
"04/10/2018","AQS","250230005","3","7.3","ug/m3 LC","41","Brockton Buckley","1","100.0000","88101","PM2.5 - Local Conditions","170","Met One BAM-1020 Mass Monitor w/VSCC","14460","Boston-Cambridge-Newton, MA-NH","25","Massachusetts","023","Plymouth","42.0651056363862","-71.0121294262363"
"04/18/2018","AQS","250230005","3","-1.3","ug/m3 LC","0","Brockton Buckley","1","100.0000","88101","PM2.5 - Local Conditions","170","Met One BAM-1020 Mass Monitor w/VSCC","14460","Boston-Cambridge-Newton, MA-NH","25","Massachusetts","023","Plymouth","42.0651056363862","-71.0121294262363"
"04/19/2018","AQS","250230005","3","2.3","ug/m3 LC","13","Brockton Buckley","1","100.0000","88101","PM2.5 - Local Conditions","170","Met One BAM-1020 Mass Monitor w/VSCC","14460","Boston-Cambridge-Newton, MA-NH","25","Massachusetts","023","Plymouth","42.0651056363862","-71.0121294262363"
"04/20/2018","AQS","250230005","3","-1.4","ug/m3 LC","0","Brockton Buckley","1","100.0000","88101","PM2.5 - Local Conditions","170","Met One BAM-1020 Mass Monitor w/VSCC","14460","Boston-Cambridge-Newton, MA-NH","25","Massachusetts","023","Plymouth","42.0651056363862","-71.0121294262363"
"04/21/2018","AQS","250230005","3","2.9","ug/m3 LC","16","Brockton Buckley","1","100.0000","88101","PM2.5 - Local Conditions","170","Met One BAM-1020 Mass Monitor w/VSCC","14460","Boston-Cambridge-Newton, MA-NH","25","Massachusetts","023","Plymouth","42.0651056363862","-71.0121294262363"
"04/22/2018","AQS","250230005","3","7.7","ug/m3 LC","43","Brockton Buckley","1","100.0000","88101","PM2.5 - Local Conditions","170","Met One BAM-1020 Mass Monitor w/VSCC","14460","Boston-Cambridge-Newton, MA-NH","25","Massachusetts","023","Plymouth","42.0651056363862","-71.0121294262363"
"04/23/2018","AQS","250230005","3","6.6","ug/m3 LC","37","Brockton Buckley","1","100.0000","88101","PM2.5 - Local Conditions","170","Met One BAM-1020 Mass Monitor w/VSCC","14460","Boston-Cambridge-Newton, MA-NH","25","Massachusetts","023","Plymouth","42.0651056363862","-71.0121294262363"
"04/24/2018","AQS","250230005","3","5.1","ug/m3 LC","28","Brockton Buckley","1","100.0000","88101","PM2.5 - Local Conditions","170","Met One BAM-1020 Mass Monitor w/VSCC","14460","Boston-Cambridge-Newton, MA-NH","25","Massachusetts","023","Plymouth","42.0651056363862","-71.0121294262363"
"04/25/2018","AQS","250230005","3","3.6","ug/m3 LC","20","Brockton Buckley","1","100.0000","88101","PM2.5 - Local Conditions","170","Met One BAM-1020 Mass Monitor w/VSCC","14460","Boston-Cambridge-Newton, MA-NH","25","Massachusetts","023","Plymouth","42.0651056363862","-71.0121294262363"
"04/26/2018","AQS","250230005","3","1.9","ug/m3 LC","11","Brockton Buckley","1","100.0000","88101","PM2.5 - Local Conditions","170","Met One BAM-1020 Mass Monitor w/VSCC","14460","Boston-Cambridge-Newton, MA-NH","25","Massachusetts","023","Plymouth","42.0651056363862","-71.0121294262363"
"04/27/2018","AQS","250230005","3","3.2","ug/m3 LC","18","Brockton Buckley","1","100.0000","88101","PM2.5 - Local Conditions","170","Met One BAM-1020 Mass Monitor w/VSCC","14460","Boston-Cambridge-Newton, MA-NH","25","Massachusetts","023","Plymouth","42.0651056363862","-71.0121294262363"
"04/28/2018","AQS","250230005","3","5.4","ug/m3 LC","30","Brockton Buckley","1","100.0000","88101","PM2.5 - Local Conditions","170","Met One BAM-1020 Mass Monitor w/VSCC","14460","Boston-Cambridge-Newton, MA-NH","25","Massachusetts","023","Plymouth","42.0651056363862","-71.0121294262363"
"04/29/2018","AQS","250230005","3","4.9","ug/m3 LC","27","Brockton Buckley","1","100.0000","88101","PM2.5 - Local Conditions","170","Met One BAM-1020 Mass Monitor w/VSCC","14460","Boston-Cambridge-Newton, MA-NH","25","Massachusetts","023","Plymouth","42.0651056363862","-71.0121294262363"
"04/30/2018","AQS","250230005","3","0.2","ug/m3 LC","1","Brockton Buckley","1","100.0000","88101","PM2.5 - Local Conditions","170","Met One BAM-1020 Mass Monitor w/VSCC","14460","Boston-Cambridge-Newton, MA-NH","25","Massachusetts","023","Plymouth","42.0651056363862","-71.0121294262363"
"05/01/2018","AQS","250230005","3","3.3","ug/m3 LC","18","Brockton Buckley","1","100.0000","88101","PM2.5 - Local Conditions","170","Met One BAM-1020 Mass Monitor w/VSCC","14460","Boston-Cambridge-Newton, MA-NH","25","Massachusetts","023","Plymouth","42.0651056363862","-71.0121294262363"
"05/02/2018","AQS","250230005","3","8.4","ug/m3 LC","47","Brockton Buckley","1","100.0000","88101","PM2.5 - Local Conditions","170","Met One BAM-1020 Mass Monitor w/VSCC","14460","Boston-Cambridge-Newton, MA-NH","25","Massachusetts","023","Plymouth","42.0651056363862","-71.0121294262363"
"05/03/2018","AQS","250230005","3","14.3","ug/m3 LC","61","Brockton Buckley","1","100.0000","88101","PM2.5 - Local Conditions","170","Met One BAM-1020 Mass Monitor w/VSCC","14460","Boston-Cambridge-Newton, MA-NH","25","Massachusetts","023","Plymouth","42.0651056363862","-71.0121294262363"
"05/04/2018","AQS","250230005","3","12.4","ug/m3 LC","57","Brockton Buckley","1","100.0000","88101","PM2.5 - Local Conditions","170","Met One BAM-1020 Mass Monitor w/VSCC","14460","Boston-Cambridge-Newton, MA-NH","25","Massachusetts","023","Plymouth","42.0651056363862","-71.0121294262363"
"05/05/2018","AQS","250230005","3","3.8","ug/m3 LC","21","Brockton Buckley","1","100.0000","88101","PM2.5 - Local Conditions","170","Met One BAM-1020 Mass Monitor w/VSCC","14460","Boston-Cambridge-Newton, MA-NH","25","Massachusetts","023","Plymouth","42.0651056363862","-71.0121294262363"
"05/06/2018","AQS","250230005","3","5.3","ug/m3 LC","29","Brockton Buckley","1","100.0000","88101","PM2.5 - Local Conditions","170","Met One BAM-1020 Mass Monitor w/VSCC","14460","Boston-Cambridge-Newton, MA-NH","25","Massachusetts","023","Plymouth","42.0651056363862","-71.0121294262363"
"05/07/2018","AQS","250230005","3","7.9","ug/m3 LC","44","Brockton Buckley","1","100.0000","88101","PM2.5 - Local Conditions","170","Met One BAM-1020 Mass Monitor w/VSCC","14460","Boston-Cambridge-Newton, MA-NH","25","Massachusetts","023","Plymouth","42.0651056363862","-71.0121294262363"
"05/08/2018","AQS","250230005","3","5.1","ug/m3 LC","28","Brockton Buckley","1","100.0000","88101","PM2.5 - Local Conditions","170","Met One BAM-1020 Mass Monitor w/VSCC","14460","Boston-Cambridge-Newton, MA-NH","25","Massachusetts","023","Plymouth","42.0651056363862","-71.0121294262363"
"05/09/2018","AQS","250230005","3","4.5","ug/m3 LC","25","Brockton Buckley","1","100.0000","88101","PM2.5 - Local Conditions","170","Met One BAM-1020 Mass Monitor w/VSCC","14460","Boston-Cambridge-Newton, MA-NH","25","Massachusetts","023","Plymouth","42.0651056363862","-71.0121294262363"
"05/10/2018","AQS","250230005","3","1.6","ug/m3 LC","9","Brockton Buckley","1","100.0000","88101","PM2.5 - Local Conditions","170","Met One BAM-1020 Mass Monitor w/VSCC","14460","Boston-Cambridge-Newton, MA-NH","25","Massachusetts","023","Plymouth","42.0651056363862","-71.0121294262363"
"05/11/2018","AQS","250230005","3","3.7","ug/m3 LC","21","Brockton Buckley","1","100.0000","88101","PM2.5 - Local Conditions","170","Met One BAM-1020 Mass Monitor w/VSCC","14460","Boston-Cambridge-Newton, MA-NH","25","Massachusetts","023","Plymouth","42.0651056363862","-71.0121294262363"
"05/12/2018","AQS","250230005","3","4.6","ug/m3 LC","26","Brockton Buckley","1","100.0000","88101","PM2.5 - Local Conditions","170","Met One BAM-1020 Mass Monitor w/VSCC","14460","Boston-Cambridge-Newton, MA-NH","25","Massachusetts","023","Plymouth","42.0651056363862","-71.0121294262363"
"05/13/2018","AQS","250230005","3","3.7","ug/m3 LC","21","Brockton Buckley","1","100.0000","88101","PM2.5 - Local Conditions","170","Met One BAM-1020 Mass Monitor w/VSCC","14460","Boston-Cambridge-Newton, MA-NH","25","Massachusetts","023","Plymouth","42.0651056363862","-71.0121294262363"
"05/14/2018","AQS","250230005","3","4","ug/m3 LC","22","Brockton Buckley","1","100.0000","88101","PM2.5 - Local Conditions","170","Met One BAM-1020 Mass Monitor w/VSCC","14460","Boston-Cambridge-Newton, MA-NH","25","Massachusetts","023","Plymouth","42.0651056363862","-71.0121294262363"
"05/15/2018","AQS","250230005","3","9.3","ug/m3 LC","51","Brockton Buckley","1","100.0000","88101","PM2.5 - Local Conditions","170","Met One BAM-1020 Mass Monitor w/VSCC","14460","Boston-Cambridge-Newton, MA-NH","25","Massachusetts","023","Plymouth","42.0651056363862","-71.0121294262363"
"05/16/2018","AQS","250230005","3","7.1","ug/m3 LC","39","Brockton Buckley","1","100.0000","88101","PM2.5 - Local Conditions","170","Met One BAM-1020 Mass Monitor w/VSCC","14460","Boston-Cambridge-Newton, MA-NH","25","Massachusetts","023","Plymouth","42.0651056363862","-71.0121294262363"
"05/17/2018","AQS","250230005","3","6.2","ug/m3 LC","34","Brockton Buckley","1","100.0000","88101","PM2.5 - Local Conditions","170","Met One BAM-1020 Mass Monitor w/VSCC","14460","Boston-Cambridge-Newton, MA-NH","25","Massachusetts","023","Plymouth","42.0651056363862","-71.0121294262363"
"05/18/2018","AQS","250230005","3","3.1","ug/m3 LC","17","Brockton Buckley","1","100.0000","88101","PM2.5 - Local Conditions","170","Met One BAM-1020 Mass Monitor w/VSCC","14460","Boston-Cambridge-Newton, MA-NH","25","Massachusetts","023","Plymouth","42.0651056363862","-71.0121294262363"
"05/19/2018","AQS","250230005","3","5.2","ug/m3 LC","29","Brockton Buckley","1","100.0000","88101","PM2.5 - Local Conditions","170","Met One BAM-1020 Mass Monitor w/VSCC","14460","Boston-Cambridge-Newton, MA-NH","25","Massachusetts","023","Plymouth","42.0651056363862","-71.0121294262363"
"05/20/2018","AQS","250230005","3","5.3","ug/m3 LC","29","Brockton Buckley","1","100.0000","88101","PM2.5 - Local Conditions","170","Met One BAM-1020 Mass Monitor w/VSCC","14460","Boston-Cambridge-Newton, MA-NH","25","Massachusetts","023","Plymouth","42.0651056363862","-71.0121294262363"
"05/21/2018","AQS","250230005","3","4","ug/m3 LC","22","Brockton Buckley","1","100.0000","88101","PM2.5 - Local Conditions","170","Met One BAM-1020 Mass Monitor w/VSCC","14460","Boston-Cambridge-Newton, MA-NH","25","Massachusetts","023","Plymouth","42.0651056363862","-71.0121294262363"
"05/22/2018","AQS","250230005","3","6.3","ug/m3 LC","35","Brockton Buckley","1","100.0000","88101","PM2.5 - Local Conditions","170","Met One BAM-1020 Mass Monitor w/VSCC","14460","Boston-Cambridge-Newton, MA-NH","25","Massachusetts","023","Plymouth","42.0651056363862","-71.0121294262363"
"05/23/2018","AQS","250230005","3","6.9","ug/m3 LC","38","Brockton Buckley","1","100.0000","88101","PM2.5 - Local Conditions","170","Met One BAM-1020 Mass Monitor w/VSCC","14460","Boston-Cambridge-Newton, MA-NH","25","Massachusetts","023","Plymouth","42.0651056363862","-71.0121294262363"
"05/24/2018","AQS","250230005","3","5.5","ug/m3 LC","31","Brockton Buckley","1","100.0000","88101","PM2.5 - Local Conditions","170","Met One BAM-1020 Mass Monitor w/VSCC","14460","Boston-Cambridge-Newton, MA-NH","25","Massachusetts","023","Plymouth","42.0651056363862","-71.0121294262363"
"05/25/2018","AQS","250230005","3","10.4","ug/m3 LC","53","Brockton Buckley","1","100.0000","88101","PM2.5 - Local Conditions","170","Met One BAM-1020 Mass Monitor w/VSCC","14460","Boston-Cambridge-Newton, MA-NH","25","Massachusetts","023","Plymouth","42.0651056363862","-71.0121294262363"
"05/26/2018","AQS","250230005","3","13.5","ug/m3 LC","59","Brockton Buckley","1","100.0000","88101","PM2.5 - Local Conditions","170","Met One BAM-1020 Mass Monitor w/VSCC","14460","Boston-Cambridge-Newton, MA-NH","25","Massachusetts","023","Plymouth","42.0651056363862","-71.0121294262363"
"05/27/2018","AQS","250230005","3","7","ug/m3 LC","39","Brockton Buckley","1","100.0000","88101","PM2.5 - Local Conditions","170","Met One BAM-1020 Mass Monitor w/VSCC","14460","Boston-Cambridge-Newton, MA-NH","25","Massachusetts","023","Plymouth","42.0651056363862","-71.0121294262363"
"05/28/2018","AQS","250230005","3","3.8","ug/m3 LC","21","Brockton Buckley","1","100.0000","88101","PM2.5 - Local Conditions","170","Met One BAM-1020 Mass Monitor w/VSCC","14460","Boston-Cambridge-Newton, MA-NH","25","Massachusetts","023","Plymouth","42.0651056363862","-71.0121294262363"
"05/29/2018","AQS","250230005","3","9.6","ug/m3 LC","52","Brockton Buckley","1","100.0000","88101","PM2.5 - Local Conditions","170","Met One BAM-1020 Mass Monitor w/VSCC","14460","Boston-Cambridge-Newton, MA-NH","25","Massachusetts","023","Plymouth","42.0651056363862","-71.0121294262363"
"05/30/2018","AQS","250230005","3","8.1","ug/m3 LC","45","Brockton Buckley","1","100.0000","88101","PM2.5 - Local Conditions","170","Met One BAM-1020 Mass Monitor w/VSCC","14460","Boston-Cambridge-Newton, MA-NH","25","Massachusetts","023","Plymouth","42.0651056363862","-71.0121294262363"
"05/31/2018","AQS","250230005","3","7.9","ug/m3 LC","44","Brockton Buckley","1","100.0000","88101","PM2.5 - Local Conditions","170","Met One BAM-1020 Mass Monitor w/VSCC","14460","Boston-Cambridge-Newton, MA-NH","25","Massachusetts","023","Plymouth","42.0651056363862","-71.0121294262363"
"06/01/2018","AQS","250230005","3","4.3","ug/m3 LC","24","Brockton Buckley","1","100.0000","88101","PM2.5 - Local Conditions","170","Met One BAM-1020 Mass Monitor w/VSCC","14460","Boston-Cambridge-Newton, MA-NH","25","Massachusetts","023","Plymouth","42.0651056363862","-71.0121294262363"
"06/02/2018","AQS","250230005","3","7.9","ug/m3 LC","44","Brockton Buckley","1","100.0000","88101","PM2.5 - Local Conditions","170","Met One BAM-1020 Mass Monitor w/VSCC","14460","Boston-Cambridge-Newton, MA-NH","25","Massachusetts","023","Plymouth","42.0651056363862","-71.0121294262363"
"06/03/2018","AQS","250230005","3","2.7","ug/m3 LC","15","Brockton Buckley","1","100.0000","88101","PM2.5 - Local Conditions","170","Met One BAM-1020 Mass Monitor w/VSCC","14460","Boston-Cambridge-Newton, MA-NH","25","Massachusetts","023","Plymouth","42.0651056363862","-71.0121294262363"
"06/04/2018","AQS","250230005","3","0.6","ug/m3 LC","3","Brockton Buckley","1","100.0000","88101","PM2.5 - Local Conditions","170","Met One BAM-1020 Mass Monitor w/VSCC","14460","Boston-Cambridge-Newton, MA-NH","25","Massachusetts","023","Plymouth","42.0651056363862","-71.0121294262363"
"06/05/2018","AQS","250230005","3","3.5","ug/m3 LC","19","Brockton Buckley","1","100.0000","88101","PM2.5 - Local Conditions","170","Met One BAM-1020 Mass Monitor w/VSCC","14460","Boston-Cambridge-Newton, MA-NH","25","Massachusetts","023","Plymouth","42.0651056363862","-71.0121294262363"
"06/06/2018","AQS","250230005","3","2.7","ug/m3 LC","15","Brockton Buckley","1","100.0000","88101","PM2.5 - Local Conditions","170","Met One BAM-1020 Mass Monitor w/VSCC","14460","Boston-Cambridge-Newton, MA-NH","25","Massachusetts","023","Plymouth","42.0651056363862","-71.0121294262363"
"06/07/2018","AQS","250230005","3","4.2","ug/m3 LC","23","Brockton Buckley","1","100.0000","88101","PM2.5 - Local Conditions","170","Met One BAM-1020 Mass Monitor w/VSCC","14460","Boston-Cambridge-Newton, MA-NH","25","Massachusetts","023","Plymouth","42.0651056363862","-71.0121294262363"
"06/08/2018","AQS","250230005","3","8.7","ug/m3 LC","48","Brockton Buckley","1","100.0000","88101","PM2.5 - Local Conditions","170","Met One BAM-1020 Mass Monitor w/VSCC","14460","Boston-Cambridge-Newton, MA-NH","25","Massachusetts","023","Plymouth","42.0651056363862","-71.0121294262363"
"06/09/2018","AQS","250230005","3","7.8","ug/m3 LC","43","Brockton Buckley","1","100.0000","88101","PM2.5 - Local Conditions","170","Met One BAM-1020 Mass Monitor w/VSCC","14460","Boston-Cambridge-Newton, MA-NH","25","Massachusetts","023","Plymouth","42.0651056363862","-71.0121294262363"
"06/10/2018","AQS","250230005","3","5.5","ug/m3 LC","31","Brockton Buckley","1","100.0000","88101","PM2.5 - Local Conditions","170","Met One BAM-1020 Mass Monitor w/VSCC","14460","Boston-Cambridge-Newton, MA-NH","25","Massachusetts","023","Plymouth","42.0651056363862","-71.0121294262363"
"06/11/2018","AQS","250230005","3","6.3","ug/m3 LC","35","Brockton Buckley","1","100.0000","88101","PM2.5 - Local Conditions","170","Met One BAM-1020 Mass Monitor w/VSCC","14460","Boston-Cambridge-Newton, MA-NH","25","Massachusetts","023","Plymouth","42.0651056363862","-71.0121294262363"
"06/12/2018","AQS","250230005","3","4.2","ug/m3 LC","23","Brockton Buckley","1","100.0000","88101","PM2.5 - Local Conditions","170","Met One BAM-1020 Mass Monitor w/VSCC","14460","Boston-Cambridge-Newton, MA-NH","25","Massachusetts","023","Plymouth","42.0651056363862","-71.0121294262363"
"06/13/2018","AQS","250230005","3","4.8","ug/m3 LC","27","Brockton Buckley","1","100.0000","88101","PM2.5 - Local Conditions","170","Met One BAM-1020 Mass Monitor w/VSCC","14460","Boston-Cambridge-Newton, MA-NH","25","Massachusetts","023","Plymouth","42.0651056363862","-71.0121294262363"
"06/14/2018","AQS","250230005","3","4.6","ug/m3 LC","26","Brockton Buckley","1","100.0000","88101","PM2.5 - Local Conditions","170","Met One BAM-1020 Mass Monitor w/VSCC","14460","Boston-Cambridge-Newton, MA-NH","25","Massachusetts","023","Plymouth","42.0651056363862","-71.0121294262363"
"06/15/2018","AQS","250230005","3","2.7","ug/m3 LC","15","Brockton Buckley","1","100.0000","88101","PM2.5 - Local Conditions","170","Met One BAM-1020 Mass Monitor w/VSCC","14460","Boston-Cambridge-Newton, MA-NH","25","Massachusetts","023","Plymouth","42.0651056363862","-71.0121294262363"
"06/16/2018","AQS","250230005","3","7.3","ug/m3 LC","41","Brockton Buckley","1","100.0000","88101","PM2.5 - Local Conditions","170","Met One BAM-1020 Mass Monitor w/VSCC","14460","Boston-Cambridge-Newton, MA-NH","25","Massachusetts","023","Plymouth","42.0651056363862","-71.0121294262363"
"06/17/2018","AQS","250230005","3","11.2","ug/m3 LC","55","Brockton Buckley","1","100.0000","88101","PM2.5 - Local Conditions","170","Met One BAM-1020 Mass Monitor w/VSCC","14460","Boston-Cambridge-Newton, MA-NH","25","Massachusetts","023","Plymouth","42.0651056363862","-71.0121294262363"
"06/18/2018","AQS","250230005","3","13.2","ug/m3 LC","59","Brockton Buckley","1","100.0000","88101","PM2.5 - Local Conditions","170","Met One BAM-1020 Mass Monitor w/VSCC","14460","Boston-Cambridge-Newton, MA-NH","25","Massachusetts","023","Plymouth","42.0651056363862","-71.0121294262363"
"06/19/2018","AQS","250230005","3","5.8","ug/m3 LC","32","Brockton Buckley","1","100.0000","88101","PM2.5 - Local Conditions","170","Met One BAM-1020 Mass Monitor w/VSCC","14460","Boston-Cambridge-Newton, MA-NH","25","Massachusetts","023","Plymouth","42.0651056363862","-71.0121294262363"
"06/20/2018","AQS","250230005","3","5.6","ug/m3 LC","31","Brockton Buckley","1","100.0000","88101","PM2.5 - Local Conditions","170","Met One BAM-1020 Mass Monitor w/VSCC","14460","Boston-Cambridge-Newton, MA-NH","25","Massachusetts","023","Plymouth","42.0651056363862","-71.0121294262363"
"06/21/2018","AQS","250230005","3","9.2","ug/m3 LC","51","Brockton Buckley","1","100.0000","88101","PM2.5 - Local Conditions","170","Met One BAM-1020 Mass Monitor w/VSCC","14460","Boston-Cambridge-Newton, MA-NH","25","Massachusetts","023","Plymouth","42.0651056363862","-71.0121294262363"
"06/22/2018","AQS","250230005","3","8.2","ug/m3 LC","46","Brockton Buckley","1","100.0000","88101","PM2.5 - Local Conditions","170","Met One BAM-1020 Mass Monitor w/VSCC","14460","Boston-Cambridge-Newton, MA-NH","25","Massachusetts","023","Plymouth","42.0651056363862","-71.0121294262363"
"06/23/2018","AQS","250230005","3","4.3","ug/m3 LC","24","Brockton Buckley","1","100.0000","88101","PM2.5 - Local Conditions","170","Met One BAM-1020 Mass Monitor w/VSCC","14460","Boston-Cambridge-Newton, MA-NH","25","Massachusetts","023","Plymouth","42.0651056363862","-71.0121294262363"
"06/24/2018","AQS","250230005","3","7.1","ug/m3 LC","39","Brockton Buckley","1","100.0000","88101","PM2.5 - Local Conditions","170","Met One BAM-1020 Mass Monitor w/VSCC","14460","Boston-Cambridge-Newton, MA-NH","25","Massachusetts","023","Plymouth","42.0651056363862","-71.0121294262363"
"06/25/2018","AQS","250230005","3","4.1","ug/m3 LC","23","Brockton Buckley","1","100.0000","88101","PM2.5 - Local Conditions","170","Met One BAM-1020 Mass Monitor w/VSCC","14460","Boston-Cambridge-Newton, MA-NH","25","Massachusetts","023","Plymouth","42.0651056363862","-71.0121294262363"
"06/26/2018","AQS","250230005","3","5","ug/m3 LC","28","Brockton Buckley","1","100.0000","88101","PM2.5 - Local Conditions","170","Met One BAM-1020 Mass Monitor w/VSCC","14460","Boston-Cambridge-Newton, MA-NH","25","Massachusetts","023","Plymouth","42.0651056363862","-71.0121294262363"
"06/27/2018","AQS","250230005","3","3.7","ug/m3 LC","21","Brockton Buckley","1","100.0000","88101","PM2.5 - Local Conditions","170","Met One BAM-1020 Mass Monitor w/VSCC","14460","Boston-Cambridge-Newton, MA-NH","25","Massachusetts","023","Plymouth","42.0651056363862","-71.0121294262363"
"07/12/2018","AQS","250230005","3","9.8","ug/m3 LC","52","Brockton Buckley","1","100.0000","88101","PM2.5 - Local Conditions","170","Met One BAM-1020 Mass Monitor w/VSCC","14460","Boston-Cambridge-Newton, MA-NH","25","Massachusetts","023","Plymouth","42.0651056363862","-71.0121294262363"
"07/13/2018","AQS","250230005","3","10.1","ug/m3 LC","53","Brockton Buckley","1","100.0000","88101","PM2.5 - Local Conditions","170","Met One BAM-1020 Mass Monitor w/VSCC","14460","Boston-Cambridge-Newton, MA-NH","25","Massachusetts","023","Plymouth","42.0651056363862","-71.0121294262363"
"07/14/2018","AQS","250230005","3","10.2","ug/m3 LC","53","Brockton Buckley","1","100.0000","88101","PM2.5 - Local Conditions","170","Met One BAM-1020 Mass Monitor w/VSCC","14460","Boston-Cambridge-Newton, MA-NH","25","Massachusetts","023","Plymouth","42.0651056363862","-71.0121294262363"
"07/15/2018","AQS","250230005","3","14.1","ug/m3 LC","60","Brockton Buckley","1","100.0000","88101","PM2.5 - Local Conditions","170","Met One BAM-1020 Mass Monitor w/VSCC","14460","Boston-Cambridge-Newton, MA-NH","25","Massachusetts","023","Plymouth","42.0651056363862","-71.0121294262363"
"07/16/2018","AQS","250230005","3","19.1","ug/m3 LC","70","Brockton Buckley","1","100.0000","88101","PM2.5 - Local Conditions","170","Met One BAM-1020 Mass Monitor w/VSCC","14460","Boston-Cambridge-Newton, MA-NH","25","Massachusetts","023","Plymouth","42.0651056363862","-71.0121294262363"
"07/17/2018","AQS","250230005","3","14.4","ug/m3 LC","61","Brockton Buckley","1","100.0000","88101","PM2.5 - Local Conditions","170","Met One BAM-1020 Mass Monitor w/VSCC","14460","Boston-Cambridge-Newton, MA-NH","25","Massachusetts","023","Plymouth","42.0651056363862","-71.0121294262363"
"07/18/2018","AQS","250230005","3","9.3","ug/m3 LC","51","Brockton Buckley","1","100.0000","88101","PM2.5 - Local Conditions","170","Met One BAM-1020 Mass Monitor w/VSCC","14460","Boston-Cambridge-Newton, MA-NH","25","Massachusetts","023","Plymouth","42.0651056363862","-71.0121294262363"
"07/19/2018","AQS","250230005","3","8.1","ug/m3 LC","45","Brockton Buckley","1","100.0000","88101","PM2.5 - Local Conditions","170","Met One BAM-1020 Mass Monitor w/VSCC","14460","Boston-Cambridge-Newton, MA-NH","25","Massachusetts","023","Plymouth","42.0651056363862","-71.0121294262363"
"07/20/2018","AQS","250230005","3","10.7","ug/m3 LC","54","Brockton Buckley","1","100.0000","88101","PM2.5 - Local Conditions","170","Met One BAM-1020 Mass Monitor w/VSCC","14460","Boston-Cambridge-Newton, MA-NH","25","Massachusetts","023","Plymouth","42.0651056363862","-71.0121294262363"
"07/21/2018","AQS","250230005","3","8.7","ug/m3 LC","48","Brockton Buckley","1","100.0000","88101","PM2.5 - Local Conditions","170","Met One BAM-1020 Mass Monitor w/VSCC","14460","Boston-Cambridge-Newton, MA-NH","25","Massachusetts","023","Plymouth","42.0651056363862","-71.0121294262363"
"07/22/2018","AQS","250230005","3","6","ug/m3 LC","33","Brockton Buckley","1","100.0000","88101","PM2.5 - Local Conditions","170","Met One BAM-1020 Mass Monitor w/VSCC","14460","Boston-Cambridge-Newton, MA-NH","25","Massachusetts","023","Plymouth","42.0651056363862","-71.0121294262363"
"07/23/2018","AQS","250230005","3","9.7","ug/m3 LC","52","Brockton Buckley","1","100.0000","88101","PM2.5 - Local Conditions","170","Met One BAM-1020 Mass Monitor w/VSCC","14460","Boston-Cambridge-Newton, MA-NH","25","Massachusetts","023","Plymouth","42.0651056363862","-71.0121294262363"
"07/24/2018","AQS","250230005","3","6.8","ug/m3 LC","38","Brockton Buckley","1","100.0000","88101","PM2.5 - Local Conditions","170","Met One BAM-1020 Mass Monitor w/VSCC","14460","Boston-Cambridge-Newton, MA-NH","25","Massachusetts","023","Plymouth","42.0651056363862","-71.0121294262363"
"07/25/2018","AQS","250230005","3","6.4","ug/m3 LC","36","Brockton Buckley","1","100.0000","88101","PM2.5 - Local Conditions","170","Met One BAM-1020 Mass Monitor w/VSCC","14460","Boston-Cambridge-Newton, MA-NH","25","Massachusetts","023","Plymouth","42.0651056363862","-71.0121294262363"
"07/26/2018","AQS","250230005","3","2.3","ug/m3 LC","13","Brockton Buckley","1","100.0000","88101","PM2.5 - Local Conditions","170","Met One BAM-1020 Mass Monitor w/VSCC","14460","Boston-Cambridge-Newton, MA-NH","25","Massachusetts","023","Plymouth","42.0651056363862","-71.0121294262363"
"07/27/2018","AQS","250230005","3","12","ug/m3 LC","56","Brockton Buckley","1","100.0000","88101","PM2.5 - Local Conditions","170","Met One BAM-1020 Mass Monitor w/VSCC","14460","Boston-Cambridge-Newton, MA-NH","25","Massachusetts","023","Plymouth","42.0651056363862","-71.0121294262363"
"07/28/2018","AQS","250230005","3","9.2","ug/m3 LC","51","Brockton Buckley","1","100.0000","88101","PM2.5 - Local Conditions","170","Met One BAM-1020 Mass Monitor w/VSCC","14460","Boston-Cambridge-Newton, MA-NH","25","Massachusetts","023","Plymouth","42.0651056363862","-71.0121294262363"
"07/29/2018","AQS","250230005","3","8.9","ug/m3 LC","49","Brockton Buckley","1","100.0000","88101","PM2.5 - Local Conditions","170","Met One BAM-1020 Mass Monitor w/VSCC","14460","Boston-Cambridge-Newton, MA-NH","25","Massachusetts","023","Plymouth","42.0651056363862","-71.0121294262363"
"07/30/2018","AQS","250230005","3","12.3","ug/m3 LC","57","Brockton Buckley","1","100.0000","88101","PM2.5 - Local Conditions","170","Met One BAM-1020 Mass Monitor w/VSCC","14460","Boston-Cambridge-Newton, MA-NH","25","Massachusetts","023","Plymouth","42.0651056363862","-71.0121294262363"
"08/02/2018","AQS","250230005","3","8.4","ug/m3 LC","47","Brockton Buckley","1","100.0000","88101","PM2.5 - Local Conditions","170","Met One BAM-1020 Mass Monitor w/VSCC","14460","Boston-Cambridge-Newton, MA-NH","25","Massachusetts","023","Plymouth","42.0651056363862","-71.0121294262363"
"08/03/2018","AQS","250230005","3","10.6","ug/m3 LC","54","Brockton Buckley","1","100.0000","88101","PM2.5 - Local Conditions","170","Met One BAM-1020 Mass Monitor w/VSCC","14460","Boston-Cambridge-Newton, MA-NH","25","Massachusetts","023","Plymouth","42.0651056363862","-71.0121294262363"
"08/04/2018","AQS","250230005","3","6.2","ug/m3 LC","34","Brockton Buckley","1","100.0000","88101","PM2.5 - Local Conditions","170","Met One BAM-1020 Mass Monitor w/VSCC","14460","Boston-Cambridge-Newton, MA-NH","25","Massachusetts","023","Plymouth","42.0651056363862","-71.0121294262363"
"08/05/2018","AQS","250230005","3","11.9","ug/m3 LC","56","Brockton Buckley","1","100.0000","88101","PM2.5 - Local Conditions","170","Met One BAM-1020 Mass Monitor w/VSCC","14460","Boston-Cambridge-Newton, MA-NH","25","Massachusetts","023","Plymouth","42.0651056363862","-71.0121294262363"
"08/06/2018","AQS","250230005","3","16.7","ug/m3 LC","65","Brockton Buckley","1","100.0000","88101","PM2.5 - Local Conditions","170","Met One BAM-1020 Mass Monitor w/VSCC","14460","Boston-Cambridge-Newton, MA-NH","25","Massachusetts","023","Plymouth","42.0651056363862","-71.0121294262363"
"08/07/2018","AQS","250230005","3","22.3","ug/m3 LC","76","Brockton Buckley","1","100.0000","88101","PM2.5 - Local Conditions","170","Met One BAM-1020 Mass Monitor w/VSCC","14460","Boston-Cambridge-Newton, MA-NH","25","Massachusetts","023","Plymouth","42.0651056363862","-71.0121294262363"
"08/08/2018","AQS","250230005","3","11.4","ug/m3 LC","55","Brockton Buckley","1","100.0000","88101","PM2.5 - Local Conditions","170","Met One BAM-1020 Mass Monitor w/VSCC","14460","Boston-Cambridge-Newton, MA-NH","25","Massachusetts","023","Plymouth","42.0651056363862","-71.0121294262363"
"08/09/2018","AQS","250230005","3","10.7","ug/m3 LC","54","Brockton Buckley","1","100.0000","88101","PM2.5 - Local Conditions","170","Met One BAM-1020 Mass Monitor w/VSCC","14460","Boston-Cambridge-Newton, MA-NH","25","Massachusetts","023","Plymouth","42.0651056363862","-71.0121294262363"
"08/10/2018","AQS","250230005","3","14.9","ug/m3 LC","62","Brockton Buckley","1","100.0000","88101","PM2.5 - Local Conditions","170","Met One BAM-1020 Mass Monitor w/VSCC","14460","Boston-Cambridge-Newton, MA-NH","25","Massachusetts","023","Plymouth","42.0651056363862","-71.0121294262363"
"08/11/2018","AQS","250230005","3","14","ug/m3 LC","60","Brockton Buckley","1","100.0000","88101","PM2.5 - Local Conditions","170","Met One BAM-1020 Mass Monitor w/VSCC","14460","Boston-Cambridge-Newton, MA-NH","25","Massachusetts","023","Plymouth","42.0651056363862","-71.0121294262363"
"08/12/2018","AQS","250230005","3","10","ug/m3 LC","53","Brockton Buckley","1","100.0000","88101","PM2.5 - Local Conditions","170","Met One BAM-1020 Mass Monitor w/VSCC","14460","Boston-Cambridge-Newton, MA-NH","25","Massachusetts","023","Plymouth","42.0651056363862","-71.0121294262363"
"08/13/2018","AQS","250230005","3","4.5","ug/m3 LC","25","Brockton Buckley","1","100.0000","88101","PM2.5 - Local Conditions","170","Met One BAM-1020 Mass Monitor w/VSCC","14460","Boston-Cambridge-Newton, MA-NH","25","Massachusetts","023","Plymouth","42.0651056363862","-71.0121294262363"
"08/14/2018","AQS","250230005","3","6.4","ug/m3 LC","36","Brockton Buckley","1","100.0000","88101","PM2.5 - Local Conditions","170","Met One BAM-1020 Mass Monitor w/VSCC","14460","Boston-Cambridge-Newton, MA-NH","25","Massachusetts","023","Plymouth","42.0651056363862","-71.0121294262363"
"08/15/2018","AQS","250230005","3","8.7","ug/m3 LC","48","Brockton Buckley","1","100.0000","88101","PM2.5 - Local Conditions","170","Met One BAM-1020 Mass Monitor w/VSCC","14460","Boston-Cambridge-Newton, MA-NH","25","Massachusetts","023","Plymouth","42.0651056363862","-71.0121294262363"
"08/16/2018","AQS","250230005","3","20.6","ug/m3 LC","72","Brockton Buckley","1","100.0000","88101","PM2.5 - Local Conditions","170","Met One BAM-1020 Mass Monitor w/VSCC","14460","Boston-Cambridge-Newton, MA-NH","25","Massachusetts","023","Plymouth","42.0651056363862","-71.0121294262363"
"08/17/2018","AQS","250230005","3","17.5","ug/m3 LC","67","Brockton Buckley","1","100.0000","88101","PM2.5 - Local Conditions","170","Met One BAM-1020 Mass Monitor w/VSCC","14460","Boston-Cambridge-Newton, MA-NH","25","Massachusetts","023","Plymouth","42.0651056363862","-71.0121294262363"
"08/18/2018","AQS","250230005","3","10","ug/m3 LC","53","Brockton Buckley","1","100.0000","88101","PM2.5 - Local Conditions","170","Met One BAM-1020 Mass Monitor w/VSCC","14460","Boston-Cambridge-Newton, MA-NH","25","Massachusetts","023","Plymouth","42.0651056363862","-71.0121294262363"
"08/19/2018","AQS","250230005","3","6.1","ug/m3 LC","34","Brockton Buckley","1","100.0000","88101","PM2.5 - Local Conditions","170","Met One BAM-1020 Mass Monitor w/VSCC","14460","Boston-Cambridge-Newton, MA-NH","25","Massachusetts","023","Plymouth","42.0651056363862","-71.0121294262363"
"08/20/2018","AQS","250230005","3","6","ug/m3 LC","33","Brockton Buckley","1","100.0000","88101","PM2.5 - Local Conditions","170","Met One BAM-1020 Mass Monitor w/VSCC","14460","Boston-Cambridge-Newton, MA-NH","25","Massachusetts","023","Plymouth","42.0651056363862","-71.0121294262363"
"08/21/2018","AQS","250230005","3","8","ug/m3 LC","44","Brockton Buckley","1","100.0000","88101","PM2.5 - Local Conditions","170","Met One BAM-1020 Mass Monitor w/VSCC","14460","Boston-Cambridge-Newton, MA-NH","25","Massachusetts","023","Plymouth","42.0651056363862","-71.0121294262363"
"08/22/2018","AQS","250230005","3","7.3","ug/m3 LC","41","Brockton Buckley","1","100.0000","88101","PM2.5 - Local Conditions","170","Met One BAM-1020 Mass Monitor w/VSCC","14460","Boston-Cambridge-Newton, MA-NH","25","Massachusetts","023","Plymouth","42.0651056363862","-71.0121294262363"
"08/23/2018","AQS","250230005","3","8","ug/m3 LC","44","Brockton Buckley","1","100.0000","88101","PM2.5 - Local Conditions","170","Met One BAM-1020 Mass Monitor w/VSCC","14460","Boston-Cambridge-Newton, MA-NH","25","Massachusetts","023","Plymouth","42.0651056363862","-71.0121294262363"
"08/24/2018","AQS","250230005","3","15.1","ug/m3 LC","62","Brockton Buckley","1","100.0000","88101","PM2.5 - Local Conditions","170","Met One BAM-1020 Mass Monitor w/VSCC","14460","Boston-Cambridge-Newton, MA-NH","25","Massachusetts","023","Plymouth","42.0651056363862","-71.0121294262363"
"08/25/2018","AQS","250230005","3","9.6","ug/m3 LC","52","Brockton Buckley","1","100.0000","88101","PM2.5 - Local Conditions","170","Met One BAM-1020 Mass Monitor w/VSCC","14460","Boston-Cambridge-Newton, MA-NH","25","Massachusetts","023","Plymouth","42.0651056363862","-71.0121294262363"
"08/26/2018","AQS","250230005","3","9.7","ug/m3 LC","52","Brockton Buckley","1","100.0000","88101","PM2.5 - Local Conditions","170","Met One BAM-1020 Mass Monitor w/VSCC","14460","Boston-Cambridge-Newton, MA-NH","25","Massachusetts","023","Plymouth","42.0651056363862","-71.0121294262363"
"08/27/2018","AQS","250230005","3","14.2","ug/m3 LC","61","Brockton Buckley","1","100.0000","88101","PM2.5 - Local Conditions","170","Met One BAM-1020 Mass Monitor w/VSCC","14460","Boston-Cambridge-Newton, MA-NH","25","Massachusetts","023","Plymouth","42.0651056363862","-71.0121294262363"
"08/28/2018","AQS","250230005","3","27.3","ug/m3 LC","85","Brockton Buckley","1","100.0000","88101","PM2.5 - Local Conditions","170","Met One BAM-1020 Mass Monitor w/VSCC","14460","Boston-Cambridge-Newton, MA-NH","25","Massachusetts","023","Plymouth","42.0651056363862","-71.0121294262363"
"08/29/2018","AQS","250230005","3","24.2","ug/m3 LC","79","Brockton Buckley","1","100.0000","88101","PM2.5 - Local Conditions","170","Met One BAM-1020 Mass Monitor w/VSCC","14460","Boston-Cambridge-Newton, MA-NH","25","Massachusetts","023","Plymouth","42.0651056363862","-71.0121294262363"
"08/30/2018","AQS","250230005","3","12.9","ug/m3 LC","58","Brockton Buckley","1","100.0000","88101","PM2.5 - Local Conditions","170","Met One BAM-1020 Mass Monitor w/VSCC","14460","Boston-Cambridge-Newton, MA-NH","25","Massachusetts","023","Plymouth","42.0651056363862","-71.0121294262363"
"08/31/2018","AQS","250230005","3","6.2","ug/m3 LC","34","Brockton Buckley","1","100.0000","88101","PM2.5 - Local Conditions","170","Met One BAM-1020 Mass Monitor w/VSCC","14460","Boston-Cambridge-Newton, MA-NH","25","Massachusetts","023","Plymouth","42.0651056363862","-71.0121294262363"
"09/01/2018","AQS","250230005","3","8.3","ug/m3 LC","46","Brockton Buckley","1","100.0000","88101","PM2.5 - Local Conditions","170","Met One BAM-1020 Mass Monitor w/VSCC","14460","Boston-Cambridge-Newton, MA-NH","25","Massachusetts","023","Plymouth","42.0651056363862","-71.0121294262363"
"09/02/2018","AQS","250230005","3","9.5","ug/m3 LC","52","Brockton Buckley","1","100.0000","88101","PM2.5 - Local Conditions","170","Met One BAM-1020 Mass Monitor w/VSCC","14460","Boston-Cambridge-Newton, MA-NH","25","Massachusetts","023","Plymouth","42.0651056363862","-71.0121294262363"
"09/03/2018","AQS","250230005","3","9.7","ug/m3 LC","52","Brockton Buckley","1","100.0000","88101","PM2.5 - Local Conditions","170","Met One BAM-1020 Mass Monitor w/VSCC","14460","Boston-Cambridge-Newton, MA-NH","25","Massachusetts","023","Plymouth","42.0651056363862","-71.0121294262363"
"09/04/2018","AQS","250230005","3","9.4","ug/m3 LC","52","Brockton Buckley","1","100.0000","88101","PM2.5 - Local Conditions","170","Met One BAM-1020 Mass Monitor w/VSCC","14460","Boston-Cambridge-Newton, MA-NH","25","Massachusetts","023","Plymouth","42.0651056363862","-71.0121294262363"
"09/05/2018","AQS","250230005","3","6.1","ug/m3 LC","34","Brockton Buckley","1","100.0000","88101","PM2.5 - Local Conditions","170","Met One BAM-1020 Mass Monitor w/VSCC","14460","Boston-Cambridge-Newton, MA-NH","25","Massachusetts","023","Plymouth","42.0651056363862","-71.0121294262363"
"09/06/2018","AQS","250230005","3","10.4","ug/m3 LC","53","Brockton Buckley","1","100.0000","88101","PM2.5 - Local Conditions","170","Met One BAM-1020 Mass Monitor w/VSCC","14460","Boston-Cambridge-Newton, MA-NH","25","Massachusetts","023","Plymouth","42.0651056363862","-71.0121294262363"
"09/07/2018","AQS","250230005","3","4.5","ug/m3 LC","25","Brockton Buckley","1","100.0000","88101","PM2.5 - Local Conditions","170","Met One BAM-1020 Mass Monitor w/VSCC","14460","Boston-Cambridge-Newton, MA-NH","25","Massachusetts","023","Plymouth","42.0651056363862","-71.0121294262363"
"09/08/2018","AQS","250230005","3","7.3","ug/m3 LC","41","Brockton Buckley","1","100.0000","88101","PM2.5 - Local Conditions","170","Met One BAM-1020 Mass Monitor w/VSCC","14460","Boston-Cambridge-Newton, MA-NH","25","Massachusetts","023","Plymouth","42.0651056363862","-71.0121294262363"
"09/09/2018","AQS","250230005","3","3.8","ug/m3 LC","21","Brockton Buckley","1","100.0000","88101","PM2.5 - Local Conditions","170","Met One BAM-1020 Mass Monitor w/VSCC","14460","Boston-Cambridge-Newton, MA-NH","25","Massachusetts","023","Plymouth","42.0651056363862","-71.0121294262363"
"09/10/2018","AQS","250230005","3","5.6","ug/m3 LC","31","Brockton Buckley","1","100.0000","88101","PM2.5 - Local Conditions","170","Met One BAM-1020 Mass Monitor w/VSCC","14460","Boston-Cambridge-Newton, MA-NH","25","Massachusetts","023","Plymouth","42.0651056363862","-71.0121294262363"
"09/11/2018","AQS","250230005","3","7.6","ug/m3 LC","42","Brockton Buckley","1","100.0000","88101","PM2.5 - Local Conditions","170","Met One BAM-1020 Mass Monitor w/VSCC","14460","Boston-Cambridge-Newton, MA-NH","25","Massachusetts","023","Plymouth","42.0651056363862","-71.0121294262363"
"09/12/2018","AQS","250230005","3","3.3","ug/m3 LC","18","Brockton Buckley","1","100.0000","88101","PM2.5 - Local Conditions","170","Met One BAM-1020 Mass Monitor w/VSCC","14460","Boston-Cambridge-Newton, MA-NH","25","Massachusetts","023","Plymouth","42.0651056363862","-71.0121294262363"
"09/13/2018","AQS","250230005","3","2.5","ug/m3 LC","14","Brockton Buckley","1","100.0000","88101","PM2.5 - Local Conditions","170","Met One BAM-1020 Mass Monitor w/VSCC","14460","Boston-Cambridge-Newton, MA-NH","25","Massachusetts","023","Plymouth","42.0651056363862","-71.0121294262363"
"09/14/2018","AQS","250230005","3","3.3","ug/m3 LC","18","Brockton Buckley","1","100.0000","88101","PM2.5 - Local Conditions","170","Met One BAM-1020 Mass Monitor w/VSCC","14460","Boston-Cambridge-Newton, MA-NH","25","Massachusetts","023","Plymouth","42.0651056363862","-71.0121294262363"
"09/15/2018","AQS","250230005","3","9.6","ug/m3 LC","52","Brockton Buckley","1","100.0000","88101","PM2.5 - Local Conditions","170","Met One BAM-1020 Mass Monitor w/VSCC","14460","Boston-Cambridge-Newton, MA-NH","25","Massachusetts","023","Plymouth","42.0651056363862","-71.0121294262363"
"09/16/2018","AQS","250230005","3","7.7","ug/m3 LC","43","Brockton Buckley","1","100.0000","88101","PM2.5 - Local Conditions","170","Met One BAM-1020 Mass Monitor w/VSCC","14460","Boston-Cambridge-Newton, MA-NH","25","Massachusetts","023","Plymouth","42.0651056363862","-71.0121294262363"
"09/17/2018","AQS","250230005","3","8.2","ug/m3 LC","46","Brockton Buckley","1","100.0000","88101","PM2.5 - Local Conditions","170","Met One BAM-1020 Mass Monitor w/VSCC","14460","Boston-Cambridge-Newton, MA-NH","25","Massachusetts","023","Plymouth","42.0651056363862","-71.0121294262363"
"09/18/2018","AQS","250230005","3","-2.7","ug/m3 LC","0","Brockton Buckley","1","100.0000","88101","PM2.5 - Local Conditions","170","Met One BAM-1020 Mass Monitor w/VSCC","14460","Boston-Cambridge-Newton, MA-NH","25","Massachusetts","023","Plymouth","42.0651056363862","-71.0121294262363"
"09/19/2018","AQS","250230005","3","-0.5","ug/m3 LC","0","Brockton Buckley","1","100.0000","88101","PM2.5 - Local Conditions","170","Met One BAM-1020 Mass Monitor w/VSCC","14460","Boston-Cambridge-Newton, MA-NH","25","Massachusetts","023","Plymouth","42.0651056363862","-71.0121294262363"
"09/20/2018","AQS","250230005","3","2.4","ug/m3 LC","13","Brockton Buckley","1","100.0000","88101","PM2.5 - Local Conditions","170","Met One BAM-1020 Mass Monitor w/VSCC","14460","Boston-Cambridge-Newton, MA-NH","25","Massachusetts","023","Plymouth","42.0651056363862","-71.0121294262363"
"09/21/2018","AQS","250230005","3","4.5","ug/m3 LC","25","Brockton Buckley","1","100.0000","88101","PM2.5 - Local Conditions","170","Met One BAM-1020 Mass Monitor w/VSCC","14460","Boston-Cambridge-Newton, MA-NH","25","Massachusetts","023","Plymouth","42.0651056363862","-71.0121294262363"
"09/22/2018","AQS","250230005","3","5.8","ug/m3 LC","32","Brockton Buckley","1","100.0000","88101","PM2.5 - Local Conditions","170","Met One BAM-1020 Mass Monitor w/VSCC","14460","Boston-Cambridge-Newton, MA-NH","25","Massachusetts","023","Plymouth","42.0651056363862","-71.0121294262363"
"09/23/2018","AQS","250230005","3","10.1","ug/m3 LC","53","Brockton Buckley","1","100.0000","88101","PM2.5 - Local Conditions","170","Met One BAM-1020 Mass Monitor w/VSCC","14460","Boston-Cambridge-Newton, MA-NH","25","Massachusetts","023","Plymouth","42.0651056363862","-71.0121294262363"
"09/24/2018","AQS","250230005","3","8","ug/m3 LC","44","Brockton Buckley","1","100.0000","88101","PM2.5 - Local Conditions","170","Met One BAM-1020 Mass Monitor w/VSCC","14460","Boston-Cambridge-Newton, MA-NH","25","Massachusetts","023","Plymouth","42.0651056363862","-71.0121294262363"
"09/25/2018","AQS","250230005","3","2.5","ug/m3 LC","14","Brockton Buckley","1","100.0000","88101","PM2.5 - Local Conditions","170","Met One BAM-1020 Mass Monitor w/VSCC","14460","Boston-Cambridge-Newton, MA-NH","25","Massachusetts","023","Plymouth","42.0651056363862","-71.0121294262363"
"09/26/2018","AQS","250230005","3","0.9","ug/m3 LC","5","Brockton Buckley","1","100.0000","88101","PM2.5 - Local Conditions","170","Met One BAM-1020 Mass Monitor w/VSCC","14460","Boston-Cambridge-Newton, MA-NH","25","Massachusetts","023","Plymouth","42.0651056363862","-71.0121294262363"
"09/27/2018","AQS","250230005","3","2.3","ug/m3 LC","13","Brockton Buckley","1","100.0000","88101","PM2.5 - Local Conditions","170","Met One BAM-1020 Mass Monitor w/VSCC","14460","Boston-Cambridge-Newton, MA-NH","25","Massachusetts","023","Plymouth","42.0651056363862","-71.0121294262363"
"09/28/2018","AQS","250230005","3","2.8","ug/m3 LC","16","Brockton Buckley","1","100.0000","88101","PM2.5 - Local Conditions","170","Met One BAM-1020 Mass Monitor w/VSCC","14460","Boston-Cambridge-Newton, MA-NH","25","Massachusetts","023","Plymouth","42.0651056363862","-71.0121294262363"
"09/29/2018","AQS","250230005","3","6.1","ug/m3 LC","34","Brockton Buckley","1","100.0000","88101","PM2.5 - Local Conditions","170","Met One BAM-1020 Mass Monitor w/VSCC","14460","Boston-Cambridge-Newton, MA-NH","25","Massachusetts","023","Plymouth","42.0651056363862","-71.0121294262363"
"10/02/2018","AQS","250230005","3","3","ug/m3 LC","17","Brockton Buckley","1","100.0000","88101","PM2.5 - Local Conditions","170","Met One BAM-1020 Mass Monitor w/VSCC","14460","Boston-Cambridge-Newton, MA-NH","25","Massachusetts","023","Plymouth","42.0651056363862","-71.0121294262363"
"10/03/2018","AQS","250230005","3","3.7","ug/m3 LC","21","Brockton Buckley","1","100.0000","88101","PM2.5 - Local Conditions","170","Met One BAM-1020 Mass Monitor w/VSCC","14460","Boston-Cambridge-Newton, MA-NH","25","Massachusetts","023","Plymouth","42.0651056363862","-71.0121294262363"
"10/04/2018","AQS","250230005","3","6.8","ug/m3 LC","38","Brockton Buckley","1","100.0000","88101","PM2.5 - Local Conditions","170","Met One BAM-1020 Mass Monitor w/VSCC","14460","Boston-Cambridge-Newton, MA-NH","25","Massachusetts","023","Plymouth","42.0651056363862","-71.0121294262363"
"10/05/2018","AQS","250230005","3","4.5","ug/m3 LC","25","Brockton Buckley","1","100.0000","88101","PM2.5 - Local Conditions","170","Met One BAM-1020 Mass Monitor w/VSCC","14460","Boston-Cambridge-Newton, MA-NH","25","Massachusetts","023","Plymouth","42.0651056363862","-71.0121294262363"
"10/06/2018","AQS","250230005","3","5.1","ug/m3 LC","28","Brockton Buckley","1","100.0000","88101","PM2.5 - Local Conditions","170","Met One BAM-1020 Mass Monitor w/VSCC","14460","Boston-Cambridge-Newton, MA-NH","25","Massachusetts","023","Plymouth","42.0651056363862","-71.0121294262363"
"10/07/2018","AQS","250230005","3","5.3","ug/m3 LC","29","Brockton Buckley","1","100.0000","88101","PM2.5 - Local Conditions","170","Met One BAM-1020 Mass Monitor w/VSCC","14460","Boston-Cambridge-Newton, MA-NH","25","Massachusetts","023","Plymouth","42.0651056363862","-71.0121294262363"
"10/08/2018","AQS","250230005","3","4.2","ug/m3 LC","23","Brockton Buckley","1","100.0000","88101","PM2.5 - Local Conditions","170","Met One BAM-1020 Mass Monitor w/VSCC","14460","Boston-Cambridge-Newton, MA-NH","25","Massachusetts","023","Plymouth","42.0651056363862","-71.0121294262363"
"10/09/2018","AQS","250230005","3","5","ug/m3 LC","28","Brockton Buckley","1","100.0000","88101","PM2.5 - Local Conditions","170","Met One BAM-1020 Mass Monitor w/VSCC","14460","Boston-Cambridge-Newton, MA-NH","25","Massachusetts","023","Plymouth","42.0651056363862","-71.0121294262363"
"10/10/2018","AQS","250230005","3","4.5","ug/m3 LC","25","Brockton Buckley","1","100.0000","88101","PM2.5 - Local Conditions","170","Met One BAM-1020 Mass Monitor w/VSCC","14460","Boston-Cambridge-Newton, MA-NH","25","Massachusetts","023","Plymouth","42.0651056363862","-71.0121294262363"
"10/11/2018","AQS","250230005","3","0.7","ug/m3 LC","4","Brockton Buckley","1","100.0000","88101","PM2.5 - Local Conditions","170","Met One BAM-1020 Mass Monitor w/VSCC","14460","Boston-Cambridge-Newton, MA-NH","25","Massachusetts","023","Plymouth","42.0651056363862","-71.0121294262363"
"10/12/2018","AQS","250230005","3","3","ug/m3 LC","17","Brockton Buckley","1","100.0000","88101","PM2.5 - Local Conditions","170","Met One BAM-1020 Mass Monitor w/VSCC","14460","Boston-Cambridge-Newton, MA-NH","25","Massachusetts","023","Plymouth","42.0651056363862","-71.0121294262363"
"10/13/2018","AQS","250230005","3","2.5","ug/m3 LC","14","Brockton Buckley","1","100.0000","88101","PM2.5 - Local Conditions","170","Met One BAM-1020 Mass Monitor w/VSCC","14460","Boston-Cambridge-Newton, MA-NH","25","Massachusetts","023","Plymouth","42.0651056363862","-71.0121294262363"
"10/14/2018","AQS","250230005","3","5.9","ug/m3 LC","33","Brockton Buckley","1","100.0000","88101","PM2.5 - Local Conditions","170","Met One BAM-1020 Mass Monitor w/VSCC","14460","Boston-Cambridge-Newton, MA-NH","25","Massachusetts","023","Plymouth","42.0651056363862","-71.0121294262363"
"10/15/2018","AQS","250230005","3","9","ug/m3 LC","50","Brockton Buckley","1","100.0000","88101","PM2.5 - Local Conditions","170","Met One BAM-1020 Mass Monitor w/VSCC","14460","Boston-Cambridge-Newton, MA-NH","25","Massachusetts","023","Plymouth","42.0651056363862","-71.0121294262363"
"10/16/2018","AQS","250230005","3","4.7","ug/m3 LC","26","Brockton Buckley","1","100.0000","88101","PM2.5 - Local Conditions","170","Met One BAM-1020 Mass Monitor w/VSCC","14460","Boston-Cambridge-Newton, MA-NH","25","Massachusetts","023","Plymouth","42.0651056363862","-71.0121294262363"
"10/17/2018","AQS","250230005","3","3.4","ug/m3 LC","19","Brockton Buckley","1","100.0000","88101","PM2.5 - Local Conditions","170","Met One BAM-1020 Mass Monitor w/VSCC","14460","Boston-Cambridge-Newton, MA-NH","25","Massachusetts","023","Plymouth","42.0651056363862","-71.0121294262363"
"10/18/2018","AQS","250230005","3","0.4","ug/m3 LC","2","Brockton Buckley","1","100.0000","88101","PM2.5 - Local Conditions","170","Met One BAM-1020 Mass Monitor w/VSCC","14460","Boston-Cambridge-Newton, MA-NH","25","Massachusetts","023","Plymouth","42.0651056363862","-71.0121294262363"
"10/19/2018","AQS","250230005","3","3.9","ug/m3 LC","22","Brockton Buckley","1","100.0000","88101","PM2.5 - Local Conditions","170","Met One BAM-1020 Mass Monitor w/VSCC","14460","Boston-Cambridge-Newton, MA-NH","25","Massachusetts","023","Plymouth","42.0651056363862","-71.0121294262363"
"10/20/2018","AQS","250230005","3","6.2","ug/m3 LC","34","Brockton Buckley","1","100.0000","88101","PM2.5 - Local Conditions","170","Met One BAM-1020 Mass Monitor w/VSCC","14460","Boston-Cambridge-Newton, MA-NH","25","Massachusetts","023","Plymouth","42.0651056363862","-71.0121294262363"
"10/21/2018","AQS","250230005","3","2.4","ug/m3 LC","13","Brockton Buckley","1","100.0000","88101","PM2.5 - Local Conditions","170","Met One BAM-1020 Mass Monitor w/VSCC","14460","Boston-Cambridge-Newton, MA-NH","25","Massachusetts","023","Plymouth","42.0651056363862","-71.0121294262363"
"10/22/2018","AQS","250230005","3","1.7","ug/m3 LC","9","Brockton Buckley","1","100.0000","88101","PM2.5 - Local Conditions","170","Met One BAM-1020 Mass Monitor w/VSCC","14460","Boston-Cambridge-Newton, MA-NH","25","Massachusetts","023","Plymouth","42.0651056363862","-71.0121294262363"
"10/23/2018","AQS","250230005","3","6.8","ug/m3 LC","38","Brockton Buckley","1","100.0000","88101","PM2.5 - Local Conditions","170","Met One BAM-1020 Mass Monitor w/VSCC","14460","Boston-Cambridge-Newton, MA-NH","25","Massachusetts","023","Plymouth","42.0651056363862","-71.0121294262363"
"10/24/2018","AQS","250230005","3","2.6","ug/m3 LC","14","Brockton Buckley","1","100.0000","88101","PM2.5 - Local Conditions","170","Met One BAM-1020 Mass Monitor w/VSCC","14460","Boston-Cambridge-Newton, MA-NH","25","Massachusetts","023","Plymouth","42.0651056363862","-71.0121294262363"
"10/25/2018","AQS","250230005","3","0.7","ug/m3 LC","4","Brockton Buckley","1","100.0000","88101","PM2.5 - Local Conditions","170","Met One BAM-1020 Mass Monitor w/VSCC","14460","Boston-Cambridge-Newton, MA-NH","25","Massachusetts","023","Plymouth","42.0651056363862","-71.0121294262363"
"10/26/2018","AQS","250230005","3","0.4","ug/m3 LC","2","Brockton Buckley","1","100.0000","88101","PM2.5 - Local Conditions","170","Met One BAM-1020 Mass Monitor w/VSCC","14460","Boston-Cambridge-Newton, MA-NH","25","Massachusetts","023","Plymouth","42.0651056363862","-71.0121294262363"
"10/30/2018","AQS","250230005","3","2.5","ug/m3 LC","14","Brockton Buckley","1","100.0000","88101","PM2.5 - Local Conditions","170","Met One BAM-1020 Mass Monitor w/VSCC","14460","Boston-Cambridge-Newton, MA-NH","25","Massachusetts","023","Plymouth","42.0651056363862","-71.0121294262363"
"11/01/2018","AQS","250230005","3","11.8","ug/m3 LC","56","Brockton Buckley","1","100.0000","88101","PM2.5 - Local Conditions","170","Met One BAM-1020 Mass Monitor w/VSCC","14460","Boston-Cambridge-Newton, MA-NH","25","Massachusetts","023","Plymouth","42.0651056363862","-71.0121294262363"
"11/02/2018","AQS","250230005","3","6.3","ug/m3 LC","35","Brockton Buckley","1","100.0000","88101","PM2.5 - Local Conditions","170","Met One BAM-1020 Mass Monitor w/VSCC","14460","Boston-Cambridge-Newton, MA-NH","25","Massachusetts","023","Plymouth","42.0651056363862","-71.0121294262363"
"11/03/2018","AQS","250230005","3","0.3","ug/m3 LC","2","Brockton Buckley","1","100.0000","88101","PM2.5 - Local Conditions","170","Met One BAM-1020 Mass Monitor w/VSCC","14460","Boston-Cambridge-Newton, MA-NH","25","Massachusetts","023","Plymouth","42.0651056363862","-71.0121294262363"
"11/04/2018","AQS","250230005","3","6.6","ug/m3 LC","37","Brockton Buckley","1","100.0000","88101","PM2.5 - Local Conditions","170","Met One BAM-1020 Mass Monitor w/VSCC","14460","Boston-Cambridge-Newton, MA-NH","25","Massachusetts","023","Plymouth","42.0651056363862","-71.0121294262363"
"11/05/2018","AQS","250230005","3","7.2","ug/m3 LC","40","Brockton Buckley","1","100.0000","88101","PM2.5 - Local Conditions","170","Met One BAM-1020 Mass Monitor w/VSCC","14460","Boston-Cambridge-Newton, MA-NH","25","Massachusetts","023","Plymouth","42.0651056363862","-71.0121294262363"
"11/06/2018","AQS","250230005","3","2.2","ug/m3 LC","12","Brockton Buckley","1","100.0000","88101","PM2.5 - Local Conditions","170","Met One BAM-1020 Mass Monitor w/VSCC","14460","Boston-Cambridge-Newton, MA-NH","25","Massachusetts","023","Plymouth","42.0651056363862","-71.0121294262363"
"11/07/2018","AQS","250230005","3","2.1","ug/m3 LC","12","Brockton Buckley","1","100.0000","88101","PM2.5 - Local Conditions","170","Met One BAM-1020 Mass Monitor w/VSCC","14460","Boston-Cambridge-Newton, MA-NH","25","Massachusetts","023","Plymouth","42.0651056363862","-71.0121294262363"
"11/08/2018","AQS","250230005","3","2.8","ug/m3 LC","16","Brockton Buckley","1","100.0000","88101","PM2.5 - Local Conditions","170","Met One BAM-1020 Mass Monitor w/VSCC","14460","Boston-Cambridge-Newton, MA-NH","25","Massachusetts","023","Plymouth","42.0651056363862","-71.0121294262363"
"11/09/2018","AQS","250230005","3","4.7","ug/m3 LC","26","Brockton Buckley","1","100.0000","88101","PM2.5 - Local Conditions","170","Met One BAM-1020 Mass Monitor w/VSCC","14460","Boston-Cambridge-Newton, MA-NH","25","Massachusetts","023","Plymouth","42.0651056363862","-71.0121294262363"
"11/10/2018","AQS","250230005","3","1.6","ug/m3 LC","9","Brockton Buckley","1","100.0000","88101","PM2.5 - Local Conditions","170","Met One BAM-1020 Mass Monitor w/VSCC","14460","Boston-Cambridge-Newton, MA-NH","25","Massachusetts","023","Plymouth","42.0651056363862","-71.0121294262363"
"11/11/2018","AQS","250230005","3","1.4","ug/m3 LC","8","Brockton Buckley","1","100.0000","88101","PM2.5 - Local Conditions","170","Met One BAM-1020 Mass Monitor w/VSCC","14460","Boston-Cambridge-Newton, MA-NH","25","Massachusetts","023","Plymouth","42.0651056363862","-71.0121294262363"
"11/12/2018","AQS","250230005","3","5.7","ug/m3 LC","32","Brockton Buckley","1","100.0000","88101","PM2.5 - Local Conditions","170","Met One BAM-1020 Mass Monitor w/VSCC","14460","Boston-Cambridge-Newton, MA-NH","25","Massachusetts","023","Plymouth","42.0651056363862","-71.0121294262363"
"11/13/2018","AQS","250230005","3","3.2","ug/m3 LC","18","Brockton Buckley","1","100.0000","88101","PM2.5 - Local Conditions","170","Met One BAM-1020 Mass Monitor w/VSCC","14460","Boston-Cambridge-Newton, MA-NH","25","Massachusetts","023","Plymouth","42.0651056363862","-71.0121294262363"
"11/14/2018","AQS","250230005","3","-0.7","ug/m3 LC","0","Brockton Buckley","1","100.0000","88101","PM2.5 - Local Conditions","170","Met One BAM-1020 Mass Monitor w/VSCC","14460","Boston-Cambridge-Newton, MA-NH","25","Massachusetts","023","Plymouth","42.0651056363862","-71.0121294262363"
"11/15/2018","AQS","250230005","3","2.3","ug/m3 LC","13","Brockton Buckley","1","100.0000","88101","PM2.5 - Local Conditions","170","Met One BAM-1020 Mass Monitor w/VSCC","14460","Boston-Cambridge-Newton, MA-NH","25","Massachusetts","023","Plymouth","42.0651056363862","-71.0121294262363"
"11/16/2018","AQS","250230005","3","1.8","ug/m3 LC","10","Brockton Buckley","1","100.0000","88101","PM2.5 - Local Conditions","170","Met One BAM-1020 Mass Monitor w/VSCC","14460","Boston-Cambridge-Newton, MA-NH","25","Massachusetts","023","Plymouth","42.0651056363862","-71.0121294262363"
"11/17/2018","AQS","250230005","3","3.3","ug/m3 LC","18","Brockton Buckley","1","100.0000","88101","PM2.5 - Local Conditions","170","Met One BAM-1020 Mass Monitor w/VSCC","14460","Boston-Cambridge-Newton, MA-NH","25","Massachusetts","023","Plymouth","42.0651056363862","-71.0121294262363"
"11/18/2018","AQS","250230005","3","4.3","ug/m3 LC","24","Brockton Buckley","1","100.0000","88101","PM2.5 - Local Conditions","170","Met One BAM-1020 Mass Monitor w/VSCC","14460","Boston-Cambridge-Newton, MA-NH","25","Massachusetts","023","Plymouth","42.0651056363862","-71.0121294262363"
"11/19/2018","AQS","250230005","3","10.7","ug/m3 LC","54","Brockton Buckley","1","100.0000","88101","PM2.5 - Local Conditions","170","Met One BAM-1020 Mass Monitor w/VSCC","14460","Boston-Cambridge-Newton, MA-NH","25","Massachusetts","023","Plymouth","42.0651056363862","-71.0121294262363"
"11/20/2018","AQS","250230005","3","3.1","ug/m3 LC","17","Brockton Buckley","1","100.0000","88101","PM2.5 - Local Conditions","170","Met One BAM-1020 Mass Monitor w/VSCC","14460","Boston-Cambridge-Newton, MA-NH","25","Massachusetts","023","Plymouth","42.0651056363862","-71.0121294262363"
"11/22/2018","AQS","250230005","3","-0.8","ug/m3 LC","0","Brockton Buckley","1","100.0000","88101","PM2.5 - Local Conditions","170","Met One BAM-1020 Mass Monitor w/VSCC","14460","Boston-Cambridge-Newton, MA-NH","25","Massachusetts","023","Plymouth","42.0651056363862","-71.0121294262363"
"11/27/2018","AQS","250230005","3","3.9","ug/m3 LC","22","Brockton Buckley","1","100.0000","88101","PM2.5 - Local Conditions","170","Met One BAM-1020 Mass Monitor w/VSCC","14460","Boston-Cambridge-Newton, MA-NH","25","Massachusetts","023","Plymouth","42.0651056363862","-71.0121294262363"
"11/28/2018","AQS","250230005","3","4.5","ug/m3 LC","25","Brockton Buckley","1","100.0000","88101","PM2.5 - Local Conditions","170","Met One BAM-1020 Mass Monitor w/VSCC","14460","Boston-Cambridge-Newton, MA-NH","25","Massachusetts","023","Plymouth","42.0651056363862","-71.0121294262363"
"11/29/2018","AQS","250230005","3","4.3","ug/m3 LC","24","Brockton Buckley","1","100.0000","88101","PM2.5 - Local Conditions","170","Met One BAM-1020 Mass Monitor w/VSCC","14460","Boston-Cambridge-Newton, MA-NH","25","Massachusetts","023","Plymouth","42.0651056363862","-71.0121294262363"
"11/30/2018","AQS","250230005","3","7.6","ug/m3 LC","42","Brockton Buckley","1","100.0000","88101","PM2.5 - Local Conditions","170","Met One BAM-1020 Mass Monitor w/VSCC","14460","Boston-Cambridge-Newton, MA-NH","25","Massachusetts","023","Plymouth","42.0651056363862","-71.0121294262363"
"12/01/2018","AQS","250230005","3","10.5","ug/m3 LC","54","Brockton Buckley","1","100.0000","88101","PM2.5 - Local Conditions","170","Met One BAM-1020 Mass Monitor w/VSCC","14460","Boston-Cambridge-Newton, MA-NH","25","Massachusetts","023","Plymouth","42.0651056363862","-71.0121294262363"
"12/02/2018","AQS","250230005","3","6.6","ug/m3 LC","37","Brockton Buckley","1","100.0000","88101","PM2.5 - Local Conditions","170","Met One BAM-1020 Mass Monitor w/VSCC","14460","Boston-Cambridge-Newton, MA-NH","25","Massachusetts","023","Plymouth","42.0651056363862","-71.0121294262363"
"12/03/2018","AQS","250230005","3","7.3","ug/m3 LC","41","Brockton Buckley","1","100.0000","88101","PM2.5 - Local Conditions","170","Met One BAM-1020 Mass Monitor w/VSCC","14460","Boston-Cambridge-Newton, MA-NH","25","Massachusetts","023","Plymouth","42.0651056363862","-71.0121294262363"
"12/04/2018","AQS","250230005","3","5","ug/m3 LC","28","Brockton Buckley","1","100.0000","88101","PM2.5 - Local Conditions","170","Met One BAM-1020 Mass Monitor w/VSCC","14460","Boston-Cambridge-Newton, MA-NH","25","Massachusetts","023","Plymouth","42.0651056363862","-71.0121294262363"
"12/05/2018","AQS","250230005","3","7.7","ug/m3 LC","43","Brockton Buckley","1","100.0000","88101","PM2.5 - Local Conditions","170","Met One BAM-1020 Mass Monitor w/VSCC","14460","Boston-Cambridge-Newton, MA-NH","25","Massachusetts","023","Plymouth","42.0651056363862","-71.0121294262363"
"12/06/2018","AQS","250230005","3","9.8","ug/m3 LC","52","Brockton Buckley","1","100.0000","88101","PM2.5 - Local Conditions","170","Met One BAM-1020 Mass Monitor w/VSCC","14460","Boston-Cambridge-Newton, MA-NH","25","Massachusetts","023","Plymouth","42.0651056363862","-71.0121294262363"
"12/07/2018","AQS","250230005","3","9.4","ug/m3 LC","52","Brockton Buckley","1","100.0000","88101","PM2.5 - Local Conditions","170","Met One BAM-1020 Mass Monitor w/VSCC","14460","Boston-Cambridge-Newton, MA-NH","25","Massachusetts","023","Plymouth","42.0651056363862","-71.0121294262363"
"12/08/2018","AQS","250230005","3","8.5","ug/m3 LC","47","Brockton Buckley","1","100.0000","88101","PM2.5 - Local Conditions","170","Met One BAM-1020 Mass Monitor w/VSCC","14460","Boston-Cambridge-Newton, MA-NH","25","Massachusetts","023","Plymouth","42.0651056363862","-71.0121294262363"
"12/09/2018","AQS","250230005","3","14","ug/m3 LC","60","Brockton Buckley","1","100.0000","88101","PM2.5 - Local Conditions","170","Met One BAM-1020 Mass Monitor w/VSCC","14460","Boston-Cambridge-Newton, MA-NH","25","Massachusetts","023","Plymouth","42.0651056363862","-71.0121294262363"
"12/10/2018","AQS","250230005","3","11.4","ug/m3 LC","55","Brockton Buckley","1","100.0000","88101","PM2.5 - Local Conditions","170","Met One BAM-1020 Mass Monitor w/VSCC","14460","Boston-Cambridge-Newton, MA-NH","25","Massachusetts","023","Plymouth","42.0651056363862","-71.0121294262363"
"12/11/2018","AQS","250230005","3","12.4","ug/m3 LC","57","Brockton Buckley","1","100.0000","88101","PM2.5 - Local Conditions","170","Met One BAM-1020 Mass Monitor w/VSCC","14460","Boston-Cambridge-Newton, MA-NH","25","Massachusetts","023","Plymouth","42.0651056363862","-71.0121294262363"
"12/12/2018","AQS","250230005","3","10.2","ug/m3 LC","53","Brockton Buckley","1","100.0000","88101","PM2.5 - Local Conditions","170","Met One BAM-1020 Mass Monitor w/VSCC","14460","Boston-Cambridge-Newton, MA-NH","25","Massachusetts","023","Plymouth","42.0651056363862","-71.0121294262363"
"12/13/2018","AQS","250230005","3","10.2","ug/m3 LC","53","Brockton Buckley","1","100.0000","88101","PM2.5 - Local Conditions","170","Met One BAM-1020 Mass Monitor w/VSCC","14460","Boston-Cambridge-Newton, MA-NH","25","Massachusetts","023","Plymouth","42.0651056363862","-71.0121294262363"
"12/14/2018","AQS","250230005","3","13.1","ug/m3 LC","58","Brockton Buckley","1","100.0000","88101","PM2.5 - Local Conditions","170","Met One BAM-1020 Mass Monitor w/VSCC","14460","Boston-Cambridge-Newton, MA-NH","25","Massachusetts","023","Plymouth","42.0651056363862","-71.0121294262363"
"12/15/2018","AQS","250230005","3","7.2","ug/m3 LC","40","Brockton Buckley","1","100.0000","88101","PM2.5 - Local Conditions","170","Met One BAM-1020 Mass Monitor w/VSCC","14460","Boston-Cambridge-Newton, MA-NH","25","Massachusetts","023","Plymouth","42.0651056363862","-71.0121294262363"
"12/16/2018","AQS","250230005","3","6.3","ug/m3 LC","35","Brockton Buckley","1","100.0000","88101","PM2.5 - Local Conditions","170","Met One BAM-1020 Mass Monitor w/VSCC","14460","Boston-Cambridge-Newton, MA-NH","25","Massachusetts","023","Plymouth","42.0651056363862","-71.0121294262363"
"12/17/2018","AQS","250230005","3","6","ug/m3 LC","33","Brockton Buckley","1","100.0000","88101","PM2.5 - Local Conditions","170","Met One BAM-1020 Mass Monitor w/VSCC","14460","Boston-Cambridge-Newton, MA-NH","25","Massachusetts","023","Plymouth","42.0651056363862","-71.0121294262363"
"12/18/2018","AQS","250230005","3","6","ug/m3 LC","33","Brockton Buckley","1","100.0000","88101","PM2.5 - Local Conditions","170","Met One BAM-1020 Mass Monitor w/VSCC","14460","Boston-Cambridge-Newton, MA-NH","25","Massachusetts","023","Plymouth","42.0651056363862","-71.0121294262363"
"12/19/2018","AQS","250230005","3","8.9","ug/m3 LC","49","Brockton Buckley","1","100.0000","88101","PM2.5 - Local Conditions","170","Met One BAM-1020 Mass Monitor w/VSCC","14460","Boston-Cambridge-Newton, MA-NH","25","Massachusetts","023","Plymouth","42.0651056363862","-71.0121294262363"
"12/20/2018","AQS","250230005","3","13.9","ug/m3 LC","60","Brockton Buckley","1","100.0000","88101","PM2.5 - Local Conditions","170","Met One BAM-1020 Mass Monitor w/VSCC","14460","Boston-Cambridge-Newton, MA-NH","25","Massachusetts","023","Plymouth","42.0651056363862","-71.0121294262363"
"12/21/2018","AQS","250230005","3","4","ug/m3 LC","22","Brockton Buckley","1","100.0000","88101","PM2.5 - Local Conditions","170","Met One BAM-1020 Mass Monitor w/VSCC","14460","Boston-Cambridge-Newton, MA-NH","25","Massachusetts","023","Plymouth","42.0651056363862","-71.0121294262363"
"12/22/2018","AQS","250230005","3","5.2","ug/m3 LC","29","Brockton Buckley","1","100.0000","88101","PM2.5 - Local Conditions","170","Met One BAM-1020 Mass Monitor w/VSCC","14460","Boston-Cambridge-Newton, MA-NH","25","Massachusetts","023","Plymouth","42.0651056363862","-71.0121294262363"
"12/23/2018","AQS","250230005","3","7.6","ug/m3 LC","42","Brockton Buckley","1","100.0000","88101","PM2.5 - Local Conditions","170","Met One BAM-1020 Mass Monitor w/VSCC","14460","Boston-Cambridge-Newton, MA-NH","25","Massachusetts","023","Plymouth","42.0651056363862","-71.0121294262363"
"12/24/2018","AQS","250230005","3","14.8","ug/m3 LC","62","Brockton Buckley","1","100.0000","88101","PM2.5 - Local Conditions","170","Met One BAM-1020 Mass Monitor w/VSCC","14460","Boston-Cambridge-Newton, MA-NH","25","Massachusetts","023","Plymouth","42.0651056363862","-71.0121294262363"
"12/25/2018","AQS","250230005","3","7.7","ug/m3 LC","43","Brockton Buckley","1","100.0000","88101","PM2.5 - Local Conditions","170","Met One BAM-1020 Mass Monitor w/VSCC","14460","Boston-Cambridge-Newton, MA-NH","25","Massachusetts","023","Plymouth","42.0651056363862","-71.0121294262363"
"12/26/2018","AQS","250230005","3","8.1","ug/m3 LC","45","Brockton Buckley","1","100.0000","88101","PM2.5 - Local Conditions","170","Met One BAM-1020 Mass Monitor w/VSCC","14460","Boston-Cambridge-Newton, MA-NH","25","Massachusetts","023","Plymouth","42.0651056363862","-71.0121294262363"
"12/27/2018","AQS","250230005","3","9.1","ug/m3 LC","51","Brockton Buckley","1","100.0000","88101","PM2.5 - Local Conditions","170","Met One BAM-1020 Mass Monitor w/VSCC","14460","Boston-Cambridge-Newton, MA-NH","25","Massachusetts","023","Plymouth","42.0651056363862","-71.0121294262363"
"12/28/2018","AQS","250230005","3","4.6","ug/m3 LC","26","Brockton Buckley","1","100.0000","88101","PM2.5 - Local Conditions","170","Met One BAM-1020 Mass Monitor w/VSCC","14460","Boston-Cambridge-Newton, MA-NH","25","Massachusetts","023","Plymouth","42.0651056363862","-71.0121294262363"
"12/29/2018","AQS","250230005","3","4.9","ug/m3 LC","27","Brockton Buckley","1","100.0000","88101","PM2.5 - Local Conditions","170","Met One BAM-1020 Mass Monitor w/VSCC","14460","Boston-Cambridge-Newton, MA-NH","25","Massachusetts","023","Plymouth","42.0651056363862","-71.0121294262363"
"12/30/2018","AQS","250230005","3","9.1","ug/m3 LC","51","Brockton Buckley","1","100.0000","88101","PM2.5 - Local Conditions","170","Met One BAM-1020 Mass Monitor w/VSCC","14460","Boston-Cambridge-Newton, MA-NH","25","Massachusetts","023","Plymouth","42.0651056363862","-71.0121294262363"
"12/31/2018","AQS","250230005","3","11.2","ug/m3 LC","55","Brockton Buckley","1","100.0000","88101","PM2.5 - Local Conditions","170","Met One BAM-1020 Mass Monitor w/VSCC","14460","Boston-Cambridge-Newton, MA-NH","25","Massachusetts","023","Plymouth","42.0651056363862","-71.0121294262363"
