"Date","Source","Site ID","POC","Daily Mean PM2.5 Concentration","Units","Daily AQI Value","Local Site Name","Daily Obs Count","Percent Complete","AQS Parameter Code","AQS Parameter Description","Method Code","Method Description","CBSA Code","CBSA Name","State FIPS Code","State","County FIPS Code","County","Site Latitude","Site Longitude"
"01/04/2020","AQS","250270023","1","8.9","ug/m3 LC","49","WORCESTER SUMMER STREET","1","100.0000","88101","PM2.5 - Local Conditions","145","R & P Model 2025 PM-2.5 Sequential Air Sampler w/VSCC","49340","Worcester, MA-CT","25","Massachusetts","027","Worcester","42.2639545825909","-71.7943222531487"
"01/10/2020","AQS","250270023","1","5.2","ug/m3 LC","29","WORCESTER SUMMER STREET","1","100.0000","88101","PM2.5 - Local Conditions","145","R & P Model 2025 PM-2.5 Sequential Air Sampler w/VSCC","49340","Worcester, MA-CT","25","Massachusetts","027","Worcester","42.2639545825909","-71.7943222531487"
"01/16/2020","AQS","250270023","1","5.2","ug/m3 LC","29","WORCESTER SUMMER STREET","1","100.0000","88101","PM2.5 - Local Conditions","145","R & P Model 2025 PM-2.5 Sequential Air Sampler w/VSCC","49340","Worcester, MA-CT","25","Massachusetts","027","Worcester","42.2639545825909","-71.7943222531487"
"01/22/2020","AQS","250270023","1","12.5","ug/m3 LC","57","WORCESTER SUMMER STREET","1","100.0000","88101","PM2.5 - Local Conditions","145","R & P Model 2025 PM-2.5 Sequential Air Sampler w/VSCC","49340","Worcester, MA-CT","25","Massachusetts","027","Worcester","42.2639545825909","-71.7943222531487"
"01/28/2020","AQS","250270023","1","3.6","ug/m3 LC","20","WORCESTER SUMMER STREET","1","100.0000","88101","PM2.5 - Local Conditions","145","R & P Model 2025 PM-2.5 Sequential Air Sampler w/VSCC","49340","Worcester, MA-CT","25","Massachusetts","027","Worcester","42.2639545825909","-71.7943222531487"
"02/03/2020","AQS","250270023","1","8.7","ug/m3 LC","48","WORCESTER SUMMER STREET","1","100.0000","88101","PM2.5 - Local Conditions","145","R & P Model 2025 PM-2.5 Sequential Air Sampler w/VSCC","49340","Worcester, MA-CT","25","Massachusetts","027","Worcester","42.2639545825909","-71.7943222531487"
"02/09/2020","AQS","250270023","1","5","ug/m3 LC","28","WORCESTER SUMMER STREET","1","100.0000","88101","PM2.5 - Local Conditions","145","R & P Model 2025 PM-2.5 Sequential Air Sampler w/VSCC","49340","Worcester, MA-CT","25","Massachusetts","027","Worcester","42.2639545825909","-71.7943222531487"
"02/15/2020","AQS","250270023","1","3.7","ug/m3 LC","21","WORCESTER SUMMER STREET","1","100.0000","88101","PM2.5 - Local Conditions","145","R & P Model 2025 PM-2.5 Sequential Air Sampler w/VSCC","49340","Worcester, MA-CT","25","Massachusetts","027","Worcester","42.2639545825909","-71.7943222531487"
"02/21/2020","AQS","250270023","1","3","ug/m3 LC","17","WORCESTER SUMMER STREET","1","100.0000","88101","PM2.5 - Local Conditions","145","R & P Model 2025 PM-2.5 Sequential Air Sampler w/VSCC","49340","Worcester, MA-CT","25","Massachusetts","027","Worcester","42.2639545825909","-71.7943222531487"
"02/27/2020","AQS","250270023","1","2","ug/m3 LC","11","WORCESTER SUMMER STREET","1","100.0000","88101","PM2.5 - Local Conditions","145","R & P Model 2025 PM-2.5 Sequential Air Sampler w/VSCC","49340","Worcester, MA-CT","25","Massachusetts","027","Worcester","42.2639545825909","-71.7943222531487"
"03/04/2020","AQS","250270023","1","3","ug/m3 LC","17","WORCESTER SUMMER STREET","1","100.0000","88101","PM2.5 - Local Conditions","145","R & P Model 2025 PM-2.5 Sequential Air Sampler w/VSCC","49340","Worcester, MA-CT","25","Massachusetts","027","Worcester","42.2639545825909","-71.7943222531487"
"03/10/2020","AQS","250270023","1","8.2","ug/m3 LC","46","WORCESTER SUMMER STREET","1","100.0000","88101","PM2.5 - Local Conditions","145","R & P Model 2025 PM-2.5 Sequential Air Sampler w/VSCC","49340","Worcester, MA-CT","25","Massachusetts","027","Worcester","42.2639545825909","-71.7943222531487"
"03/16/2020","AQS","250270023","1","3.9","ug/m3 LC","22","WORCESTER SUMMER STREET","1","100.0000","88101","PM2.5 - Local Conditions","145","R & P Model 2025 PM-2.5 Sequential Air Sampler w/VSCC","49340","Worcester, MA-CT","25","Massachusetts","027","Worcester","42.2639545825909","-71.7943222531487"
"03/22/2020","AQS","250270023","1","7.5","ug/m3 LC","42","WORCESTER SUMMER STREET","1","100.0000","88101","PM2.5 - Local Conditions","145","R & P Model 2025 PM-2.5 Sequential Air Sampler w/VSCC","49340","Worcester, MA-CT","25","Massachusetts","027","Worcester","42.2639545825909","-71.7943222531487"
"03/28/2020","AQS","250270023","1","9.5","ug/m3 LC","52","WORCESTER SUMMER STREET","1","100.0000","88101","PM2.5 - Local Conditions","145","R & P Model 2025 PM-2.5 Sequential Air Sampler w/VSCC","49340","Worcester, MA-CT","25","Massachusetts","027","Worcester","42.2639545825909","-71.7943222531487"
"04/03/2020","AQS","250270023","1","6.2","ug/m3 LC","34","WORCESTER SUMMER STREET","1","100.0000","88101","PM2.5 - Local Conditions","145","R & P Model 2025 PM-2.5 Sequential Air Sampler w/VSCC","49340","Worcester, MA-CT","25","Massachusetts","027","Worcester","42.2639545825909","-71.7943222531487"
"04/09/2020","AQS","250270023","1","9.4","ug/m3 LC","52","WORCESTER SUMMER STREET","1","100.0000","88101","PM2.5 - Local Conditions","145","R & P Model 2025 PM-2.5 Sequential Air Sampler w/VSCC","49340","Worcester, MA-CT","25","Massachusetts","027","Worcester","42.2639545825909","-71.7943222531487"
"04/15/2020","AQS","250270023","1","6.4","ug/m3 LC","36","WORCESTER SUMMER STREET","1","100.0000","88101","PM2.5 - Local Conditions","145","R & P Model 2025 PM-2.5 Sequential Air Sampler w/VSCC","49340","Worcester, MA-CT","25","Massachusetts","027","Worcester","42.2639545825909","-71.7943222531487"
"04/21/2020","AQS","250270023","1","5.8","ug/m3 LC","32","WORCESTER SUMMER STREET","1","100.0000","88101","PM2.5 - Local Conditions","145","R & P Model 2025 PM-2.5 Sequential Air Sampler w/VSCC","49340","Worcester, MA-CT","25","Massachusetts","027","Worcester","42.2639545825909","-71.7943222531487"
"04/27/2020","AQS","250270023","1","3.4","ug/m3 LC","19","WORCESTER SUMMER STREET","1","100.0000","88101","PM2.5 - Local Conditions","145","R & P Model 2025 PM-2.5 Sequential Air Sampler w/VSCC","49340","Worcester, MA-CT","25","Massachusetts","027","Worcester","42.2639545825909","-71.7943222531487"
"05/03/2020","AQS","250270023","1","10.1","ug/m3 LC","53","WORCESTER SUMMER STREET","1","100.0000","88101","PM2.5 - Local Conditions","145","R & P Model 2025 PM-2.5 Sequential Air Sampler w/VSCC","49340","Worcester, MA-CT","25","Massachusetts","027","Worcester","42.2639545825909","-71.7943222531487"
"05/09/2020","AQS","250270023","1","2.7","ug/m3 LC","15","WORCESTER SUMMER STREET","1","100.0000","88101","PM2.5 - Local Conditions","145","R & P Model 2025 PM-2.5 Sequential Air Sampler w/VSCC","49340","Worcester, MA-CT","25","Massachusetts","027","Worcester","42.2639545825909","-71.7943222531487"
"05/15/2020","AQS","250270023","1","8.6","ug/m3 LC","48","WORCESTER SUMMER STREET","1","100.0000","88101","PM2.5 - Local Conditions","145","R & P Model 2025 PM-2.5 Sequential Air Sampler w/VSCC","49340","Worcester, MA-CT","25","Massachusetts","027","Worcester","42.2639545825909","-71.7943222531487"
"05/21/2020","AQS","250270023","1","5.6","ug/m3 LC","31","WORCESTER SUMMER STREET","1","100.0000","88101","PM2.5 - Local Conditions","145","R & P Model 2025 PM-2.5 Sequential Air Sampler w/VSCC","49340","Worcester, MA-CT","25","Massachusetts","027","Worcester","42.2639545825909","-71.7943222531487"
"05/27/2020","AQS","250270023","1","4.6","ug/m3 LC","26","WORCESTER SUMMER STREET","1","100.0000","88101","PM2.5 - Local Conditions","145","R & P Model 2025 PM-2.5 Sequential Air Sampler w/VSCC","49340","Worcester, MA-CT","25","Massachusetts","027","Worcester","42.2639545825909","-71.7943222531487"
"06/02/2020","AQS","250270023","1","4.9","ug/m3 LC","27","WORCESTER SUMMER STREET","1","100.0000","88101","PM2.5 - Local Conditions","145","R & P Model 2025 PM-2.5 Sequential Air Sampler w/VSCC","49340","Worcester, MA-CT","25","Massachusetts","027","Worcester","42.2639545825909","-71.7943222531487"
"06/08/2020","AQS","250270023","1","6.1","ug/m3 LC","34","WORCESTER SUMMER STREET","1","100.0000","88101","PM2.5 - Local Conditions","145","R & P Model 2025 PM-2.5 Sequential Air Sampler w/VSCC","49340","Worcester, MA-CT","25","Massachusetts","027","Worcester","42.2639545825909","-71.7943222531487"
"06/14/2020","AQS","250270023","1","6.2","ug/m3 LC","34","WORCESTER SUMMER STREET","1","100.0000","88101","PM2.5 - Local Conditions","145","R & P Model 2025 PM-2.5 Sequential Air Sampler w/VSCC","49340","Worcester, MA-CT","25","Massachusetts","027","Worcester","42.2639545825909","-71.7943222531487"
"06/20/2020","AQS","250270023","1","8.6","ug/m3 LC","48","WORCESTER SUMMER STREET","1","100.0000","88101","PM2.5 - Local Conditions","145","R & P Model 2025 PM-2.5 Sequential Air Sampler w/VSCC","49340","Worcester, MA-CT","25","Massachusetts","027","Worcester","42.2639545825909","-71.7943222531487"
"06/26/2020","AQS","250270023","1","8.1","ug/m3 LC","45","WORCESTER SUMMER STREET","1","100.0000","88101","PM2.5 - Local Conditions","145","R & P Model 2025 PM-2.5 Sequential Air Sampler w/VSCC","49340","Worcester, MA-CT","25","Massachusetts","027","Worcester","42.2639545825909","-71.7943222531487"
"07/02/2020","AQS","250270023","1","6.4","ug/m3 LC","36","WORCESTER SUMMER STREET","1","100.0000","88101","PM2.5 - Local Conditions","145","R & P Model 2025 PM-2.5 Sequential Air Sampler w/VSCC","49340","Worcester, MA-CT","25","Massachusetts","027","Worcester","42.2639545825909","-71.7943222531487"
"07/08/2020","AQS","250270023","1","8.7","ug/m3 LC","48","WORCESTER SUMMER STREET","1","100.0000","88101","PM2.5 - Local Conditions","145","R & P Model 2025 PM-2.5 Sequential Air Sampler w/VSCC","49340","Worcester, MA-CT","25","Massachusetts","027","Worcester","42.2639545825909","-71.7943222531487"
"07/14/2020","AQS","250270023","1","6.5","ug/m3 LC","36","WORCESTER SUMMER STREET","1","100.0000","88101","PM2.5 - Local Conditions","145","R & P Model 2025 PM-2.5 Sequential Air Sampler w/VSCC","49340","Worcester, MA-CT","25","Massachusetts","027","Worcester","42.2639545825909","-71.7943222531487"
"07/20/2020","AQS","250270023","1","10.3","ug/m3 LC","53","WORCESTER SUMMER STREET","1","100.0000","88101","PM2.5 - Local Conditions","145","R & P Model 2025 PM-2.5 Sequential Air Sampler w/VSCC","49340","Worcester, MA-CT","25","Massachusetts","027","Worcester","42.2639545825909","-71.7943222531487"
"07/26/2020","AQS","250270023","1","9.5","ug/m3 LC","52","WORCESTER SUMMER STREET","1","100.0000","88101","PM2.5 - Local Conditions","145","R & P Model 2025 PM-2.5 Sequential Air Sampler w/VSCC","49340","Worcester, MA-CT","25","Massachusetts","027","Worcester","42.2639545825909","-71.7943222531487"
"08/07/2020","AQS","250270023","1","7.7","ug/m3 LC","43","WORCESTER SUMMER STREET","1","100.0000","88101","PM2.5 - Local Conditions","145","R & P Model 2025 PM-2.5 Sequential Air Sampler w/VSCC","49340","Worcester, MA-CT","25","Massachusetts","027","Worcester","42.2639545825909","-71.7943222531487"
"08/13/2020","AQS","250270023","1","8.3","ug/m3 LC","46","WORCESTER SUMMER STREET","1","100.0000","88101","PM2.5 - Local Conditions","145","R & P Model 2025 PM-2.5 Sequential Air Sampler w/VSCC","49340","Worcester, MA-CT","25","Massachusetts","027","Worcester","42.2639545825909","-71.7943222531487"
"08/19/2020","AQS","250270023","1","5.4","ug/m3 LC","30","WORCESTER SUMMER STREET","1","100.0000","88101","PM2.5 - Local Conditions","145","R & P Model 2025 PM-2.5 Sequential Air Sampler w/VSCC","49340","Worcester, MA-CT","25","Massachusetts","027","Worcester","42.2639545825909","-71.7943222531487"
"08/25/2020","AQS","250270023","1","9","ug/m3 LC","50","WORCESTER SUMMER STREET","1","100.0000","88101","PM2.5 - Local Conditions","145","R & P Model 2025 PM-2.5 Sequential Air Sampler w/VSCC","49340","Worcester, MA-CT","25","Massachusetts","027","Worcester","42.2639545825909","-71.7943222531487"
"08/31/2020","AQS","250270023","1","4.5","ug/m3 LC","25","WORCESTER SUMMER STREET","1","100.0000","88101","PM2.5 - Local Conditions","145","R & P Model 2025 PM-2.5 Sequential Air Sampler w/VSCC","49340","Worcester, MA-CT","25","Massachusetts","027","Worcester","42.2639545825909","-71.7943222531487"
"09/06/2020","AQS","250270023","1","10.5","ug/m3 LC","54","WORCESTER SUMMER STREET","1","100.0000","88101","PM2.5 - Local Conditions","145","R & P Model 2025 PM-2.5 Sequential Air Sampler w/VSCC","49340","Worcester, MA-CT","25","Massachusetts","027","Worcester","42.2639545825909","-71.7943222531487"
"09/12/2020","AQS","250270023","1","5.4","ug/m3 LC","30","WORCESTER SUMMER STREET","1","100.0000","88101","PM2.5 - Local Conditions","145","R & P Model 2025 PM-2.5 Sequential Air Sampler w/VSCC","49340","Worcester, MA-CT","25","Massachusetts","027","Worcester","42.2639545825909","-71.7943222531487"
"09/18/2020","AQS","250270023","1","8.8","ug/m3 LC","49","WORCESTER SUMMER STREET","1","100.0000","88101","PM2.5 - Local Conditions","145","R & P Model 2025 PM-2.5 Sequential Air Sampler w/VSCC","49340","Worcester, MA-CT","25","Massachusetts","027","Worcester","42.2639545825909","-71.7943222531487"
"09/24/2020","AQS","250270023","1","13.3","ug/m3 LC","59","WORCESTER SUMMER STREET","1","100.0000","88101","PM2.5 - Local Conditions","145","R & P Model 2025 PM-2.5 Sequential Air Sampler w/VSCC","49340","Worcester, MA-CT","25","Massachusetts","027","Worcester","42.2639545825909","-71.7943222531487"
"09/30/2020","AQS","250270023","1","3.8","ug/m3 LC","21","WORCESTER SUMMER STREET","1","100.0000","88101","PM2.5 - Local Conditions","145","R & P Model 2025 PM-2.5 Sequential Air Sampler w/VSCC","49340","Worcester, MA-CT","25","Massachusetts","027","Worcester","42.2639545825909","-71.7943222531487"
"10/06/2020","AQS","250270023","1","10.4","ug/m3 LC","53","WORCESTER SUMMER STREET","1","100.0000","88101","PM2.5 - Local Conditions","145","R & P Model 2025 PM-2.5 Sequential Air Sampler w/VSCC","49340","Worcester, MA-CT","25","Massachusetts","027","Worcester","42.2639545825909","-71.7943222531487"
"10/12/2020","AQS","250270023","1","5.8","ug/m3 LC","32","WORCESTER SUMMER STREET","1","100.0000","88101","PM2.5 - Local Conditions","145","R & P Model 2025 PM-2.5 Sequential Air Sampler w/VSCC","49340","Worcester, MA-CT","25","Massachusetts","027","Worcester","42.2639545825909","-71.7943222531487"
"10/18/2020","AQS","250270023","1","10.3","ug/m3 LC","53","WORCESTER SUMMER STREET","1","100.0000","88101","PM2.5 - Local Conditions","145","R & P Model 2025 PM-2.5 Sequential Air Sampler w/VSCC","49340","Worcester, MA-CT","25","Massachusetts","027","Worcester","42.2639545825909","-71.7943222531487"
"10/24/2020","AQS","250270023","1","5.5","ug/m3 LC","31","WORCESTER SUMMER STREET","1","100.0000","88101","PM2.5 - Local Conditions","145","R & P Model 2025 PM-2.5 Sequential Air Sampler w/VSCC","49340","Worcester, MA-CT","25","Massachusetts","027","Worcester","42.2639545825909","-71.7943222531487"
"10/30/2020","AQS","250270023","1","8.7","ug/m3 LC","48","WORCESTER SUMMER STREET","1","100.0000","88101","PM2.5 - Local Conditions","145","R & P Model 2025 PM-2.5 Sequential Air Sampler w/VSCC","49340","Worcester, MA-CT","25","Massachusetts","027","Worcester","42.2639545825909","-71.7943222531487"
"11/05/2020","AQS","250270023","1","6.7","ug/m3 LC","37","WORCESTER SUMMER STREET","1","100.0000","88101","PM2.5 - Local Conditions","145","R & P Model 2025 PM-2.5 Sequential Air Sampler w/VSCC","49340","Worcester, MA-CT","25","Massachusetts","027","Worcester","42.2639545825909","-71.7943222531487"
"11/11/2020","AQS","250270023","1","5","ug/m3 LC","28","WORCESTER SUMMER STREET","1","100.0000","88101","PM2.5 - Local Conditions","145","R & P Model 2025 PM-2.5 Sequential Air Sampler w/VSCC","49340","Worcester, MA-CT","25","Massachusetts","027","Worcester","42.2639545825909","-71.7943222531487"
"11/17/2020","AQS","250270023","1","6.8","ug/m3 LC","38","WORCESTER SUMMER STREET","1","100.0000","88101","PM2.5 - Local Conditions","145","R & P Model 2025 PM-2.5 Sequential Air Sampler w/VSCC","49340","Worcester, MA-CT","25","Massachusetts","027","Worcester","42.2639545825909","-71.7943222531487"
"11/23/2020","AQS","250270023","1","3.9","ug/m3 LC","22","WORCESTER SUMMER STREET","1","100.0000","88101","PM2.5 - Local Conditions","145","R & P Model 2025 PM-2.5 Sequential Air Sampler w/VSCC","49340","Worcester, MA-CT","25","Massachusetts","027","Worcester","42.2639545825909","-71.7943222531487"
"11/29/2020","AQS","250270023","1","7.9","ug/m3 LC","44","WORCESTER SUMMER STREET","1","100.0000","88101","PM2.5 - Local Conditions","145","R & P Model 2025 PM-2.5 Sequential Air Sampler w/VSCC","49340","Worcester, MA-CT","25","Massachusetts","027","Worcester","42.2639545825909","-71.7943222531487"
"12/05/2020","AQS","250270023","1","6.6","ug/m3 LC","37","WORCESTER SUMMER STREET","1","100.0000","88101","PM2.5 - Local Conditions","145","R & P Model 2025 PM-2.5 Sequential Air Sampler w/VSCC","49340","Worcester, MA-CT","25","Massachusetts","027","Worcester","42.2639545825909","-71.7943222531487"
"12/11/2020","AQS","250270023","1","15.4","ug/m3 LC","63","WORCESTER SUMMER STREET","1","100.0000","88101","PM2.5 - Local Conditions","145","R & P Model 2025 PM-2.5 Sequential Air Sampler w/VSCC","49340","Worcester, MA-CT","25","Massachusetts","027","Worcester","42.2639545825909","-71.7943222531487"
"12/17/2020","AQS","250270023","1","7","ug/m3 LC","39","WORCESTER SUMMER STREET","1","100.0000","88101","PM2.5 - Local Conditions","145","R & P Model 2025 PM-2.5 Sequential Air Sampler w/VSCC","49340","Worcester, MA-CT","25","Massachusetts","027","Worcester","42.2639545825909","-71.7943222531487"
"12/23/2020","AQS","250270023","1","9.8","ug/m3 LC","52","WORCESTER SUMMER STREET","1","100.0000","88101","PM2.5 - Local Conditions","145","R & P Model 2025 PM-2.5 Sequential Air Sampler w/VSCC","49340","Worcester, MA-CT","25","Massachusetts","027","Worcester","42.2639545825909","-71.7943222531487"
"12/29/2020","AQS","250270023","1","5.7","ug/m3 LC","32","WORCESTER SUMMER STREET","1","100.0000","88101","PM2.5 - Local Conditions","145","R & P Model 2025 PM-2.5 Sequential Air Sampler w/VSCC","49340","Worcester, MA-CT","25","Massachusetts","027","Worcester","42.2639545825909","-71.7943222531487"
"01/01/2020","AQS","250270023","3","3.5","ug/m3 LC","19","WORCESTER SUMMER STREET","1","100.0000","88101","PM2.5 - Local Conditions","170","Met One BAM-1020 Mass Monitor w/VSCC","49340","Worcester, MA-CT","25","Massachusetts","027","Worcester","42.2639545825909","-71.7943222531487"
"01/02/2020","AQS","250270023","3","10","ug/m3 LC","53","WORCESTER SUMMER STREET","1","100.0000","88101","PM2.5 - Local Conditions","170","Met One BAM-1020 Mass Monitor w/VSCC","49340","Worcester, MA-CT","25","Massachusetts","027","Worcester","42.2639545825909","-71.7943222531487"
"01/03/2020","AQS","250270023","3","13.2","ug/m3 LC","59","WORCESTER SUMMER STREET","1","100.0000","88101","PM2.5 - Local Conditions","170","Met One BAM-1020 Mass Monitor w/VSCC","49340","Worcester, MA-CT","25","Massachusetts","027","Worcester","42.2639545825909","-71.7943222531487"
"01/04/2020","AQS","250270023","3","12.7","ug/m3 LC","58","WORCESTER SUMMER STREET","1","100.0000","88101","PM2.5 - Local Conditions","170","Met One BAM-1020 Mass Monitor w/VSCC","49340","Worcester, MA-CT","25","Massachusetts","027","Worcester","42.2639545825909","-71.7943222531487"
"01/05/2020","AQS","250270023","3","3.5","ug/m3 LC","19","WORCESTER SUMMER STREET","1","100.0000","88101","PM2.5 - Local Conditions","170","Met One BAM-1020 Mass Monitor w/VSCC","49340","Worcester, MA-CT","25","Massachusetts","027","Worcester","42.2639545825909","-71.7943222531487"
"01/06/2020","AQS","250270023","3","8.3","ug/m3 LC","46","WORCESTER SUMMER STREET","1","100.0000","88101","PM2.5 - Local Conditions","170","Met One BAM-1020 Mass Monitor w/VSCC","49340","Worcester, MA-CT","25","Massachusetts","027","Worcester","42.2639545825909","-71.7943222531487"
"01/07/2020","AQS","250270023","3","7.5","ug/m3 LC","42","WORCESTER SUMMER STREET","1","100.0000","88101","PM2.5 - Local Conditions","170","Met One BAM-1020 Mass Monitor w/VSCC","49340","Worcester, MA-CT","25","Massachusetts","027","Worcester","42.2639545825909","-71.7943222531487"
"01/08/2020","AQS","250270023","3","7.7","ug/m3 LC","43","WORCESTER SUMMER STREET","1","100.0000","88101","PM2.5 - Local Conditions","170","Met One BAM-1020 Mass Monitor w/VSCC","49340","Worcester, MA-CT","25","Massachusetts","027","Worcester","42.2639545825909","-71.7943222531487"
"01/09/2020","AQS","250270023","3","7.7","ug/m3 LC","43","WORCESTER SUMMER STREET","1","100.0000","88101","PM2.5 - Local Conditions","170","Met One BAM-1020 Mass Monitor w/VSCC","49340","Worcester, MA-CT","25","Massachusetts","027","Worcester","42.2639545825909","-71.7943222531487"
"01/10/2020","AQS","250270023","3","9.1","ug/m3 LC","51","WORCESTER SUMMER STREET","1","100.0000","88101","PM2.5 - Local Conditions","170","Met One BAM-1020 Mass Monitor w/VSCC","49340","Worcester, MA-CT","25","Massachusetts","027","Worcester","42.2639545825909","-71.7943222531487"
"01/11/2020","AQS","250270023","3","7.4","ug/m3 LC","41","WORCESTER SUMMER STREET","1","100.0000","88101","PM2.5 - Local Conditions","170","Met One BAM-1020 Mass Monitor w/VSCC","49340","Worcester, MA-CT","25","Massachusetts","027","Worcester","42.2639545825909","-71.7943222531487"
"01/12/2020","AQS","250270023","3","3.6","ug/m3 LC","20","WORCESTER SUMMER STREET","1","100.0000","88101","PM2.5 - Local Conditions","170","Met One BAM-1020 Mass Monitor w/VSCC","49340","Worcester, MA-CT","25","Massachusetts","027","Worcester","42.2639545825909","-71.7943222531487"
"01/13/2020","AQS","250270023","3","9","ug/m3 LC","50","WORCESTER SUMMER STREET","1","100.0000","88101","PM2.5 - Local Conditions","170","Met One BAM-1020 Mass Monitor w/VSCC","49340","Worcester, MA-CT","25","Massachusetts","027","Worcester","42.2639545825909","-71.7943222531487"
"01/14/2020","AQS","250270023","3","10.5","ug/m3 LC","54","WORCESTER SUMMER STREET","1","100.0000","88101","PM2.5 - Local Conditions","170","Met One BAM-1020 Mass Monitor w/VSCC","49340","Worcester, MA-CT","25","Massachusetts","027","Worcester","42.2639545825909","-71.7943222531487"
"01/15/2020","AQS","250270023","3","9","ug/m3 LC","50","WORCESTER SUMMER STREET","1","100.0000","88101","PM2.5 - Local Conditions","170","Met One BAM-1020 Mass Monitor w/VSCC","49340","Worcester, MA-CT","25","Massachusetts","027","Worcester","42.2639545825909","-71.7943222531487"
"01/16/2020","AQS","250270023","3","6.5","ug/m3 LC","36","WORCESTER SUMMER STREET","1","100.0000","88101","PM2.5 - Local Conditions","170","Met One BAM-1020 Mass Monitor w/VSCC","49340","Worcester, MA-CT","25","Massachusetts","027","Worcester","42.2639545825909","-71.7943222531487"
"01/17/2020","AQS","250270023","3","6.9","ug/m3 LC","38","WORCESTER SUMMER STREET","1","100.0000","88101","PM2.5 - Local Conditions","170","Met One BAM-1020 Mass Monitor w/VSCC","49340","Worcester, MA-CT","25","Massachusetts","027","Worcester","42.2639545825909","-71.7943222531487"
"01/18/2020","AQS","250270023","3","7.7","ug/m3 LC","43","WORCESTER SUMMER STREET","1","100.0000","88101","PM2.5 - Local Conditions","170","Met One BAM-1020 Mass Monitor w/VSCC","49340","Worcester, MA-CT","25","Massachusetts","027","Worcester","42.2639545825909","-71.7943222531487"
"01/19/2020","AQS","250270023","3","9.2","ug/m3 LC","51","WORCESTER SUMMER STREET","1","100.0000","88101","PM2.5 - Local Conditions","170","Met One BAM-1020 Mass Monitor w/VSCC","49340","Worcester, MA-CT","25","Massachusetts","027","Worcester","42.2639545825909","-71.7943222531487"
"01/20/2020","AQS","250270023","3","7","ug/m3 LC","39","WORCESTER SUMMER STREET","1","100.0000","88101","PM2.5 - Local Conditions","170","Met One BAM-1020 Mass Monitor w/VSCC","49340","Worcester, MA-CT","25","Massachusetts","027","Worcester","42.2639545825909","-71.7943222531487"
"01/21/2020","AQS","250270023","3","8.4","ug/m3 LC","47","WORCESTER SUMMER STREET","1","100.0000","88101","PM2.5 - Local Conditions","170","Met One BAM-1020 Mass Monitor w/VSCC","49340","Worcester, MA-CT","25","Massachusetts","027","Worcester","42.2639545825909","-71.7943222531487"
"01/22/2020","AQS","250270023","3","16.3","ug/m3 LC","64","WORCESTER SUMMER STREET","1","100.0000","88101","PM2.5 - Local Conditions","170","Met One BAM-1020 Mass Monitor w/VSCC","49340","Worcester, MA-CT","25","Massachusetts","027","Worcester","42.2639545825909","-71.7943222531487"
"01/23/2020","AQS","250270023","3","18","ug/m3 LC","68","WORCESTER SUMMER STREET","1","100.0000","88101","PM2.5 - Local Conditions","170","Met One BAM-1020 Mass Monitor w/VSCC","49340","Worcester, MA-CT","25","Massachusetts","027","Worcester","42.2639545825909","-71.7943222531487"
"01/24/2020","AQS","250270023","3","17.4","ug/m3 LC","66","WORCESTER SUMMER STREET","1","100.0000","88101","PM2.5 - Local Conditions","170","Met One BAM-1020 Mass Monitor w/VSCC","49340","Worcester, MA-CT","25","Massachusetts","027","Worcester","42.2639545825909","-71.7943222531487"
"01/25/2020","AQS","250270023","3","8.8","ug/m3 LC","49","WORCESTER SUMMER STREET","1","100.0000","88101","PM2.5 - Local Conditions","170","Met One BAM-1020 Mass Monitor w/VSCC","49340","Worcester, MA-CT","25","Massachusetts","027","Worcester","42.2639545825909","-71.7943222531487"
"01/26/2020","AQS","250270023","3","4","ug/m3 LC","22","WORCESTER SUMMER STREET","1","100.0000","88101","PM2.5 - Local Conditions","170","Met One BAM-1020 Mass Monitor w/VSCC","49340","Worcester, MA-CT","25","Massachusetts","027","Worcester","42.2639545825909","-71.7943222531487"
"01/27/2020","AQS","250270023","3","5","ug/m3 LC","28","WORCESTER SUMMER STREET","1","100.0000","88101","PM2.5 - Local Conditions","170","Met One BAM-1020 Mass Monitor w/VSCC","49340","Worcester, MA-CT","25","Massachusetts","027","Worcester","42.2639545825909","-71.7943222531487"
"01/28/2020","AQS","250270023","3","3.8","ug/m3 LC","21","WORCESTER SUMMER STREET","1","100.0000","88101","PM2.5 - Local Conditions","170","Met One BAM-1020 Mass Monitor w/VSCC","49340","Worcester, MA-CT","25","Massachusetts","027","Worcester","42.2639545825909","-71.7943222531487"
"01/29/2020","AQS","250270023","3","6.2","ug/m3 LC","34","WORCESTER SUMMER STREET","1","100.0000","88101","PM2.5 - Local Conditions","170","Met One BAM-1020 Mass Monitor w/VSCC","49340","Worcester, MA-CT","25","Massachusetts","027","Worcester","42.2639545825909","-71.7943222531487"
"01/30/2020","AQS","250270023","3","9.6","ug/m3 LC","52","WORCESTER SUMMER STREET","1","100.0000","88101","PM2.5 - Local Conditions","170","Met One BAM-1020 Mass Monitor w/VSCC","49340","Worcester, MA-CT","25","Massachusetts","027","Worcester","42.2639545825909","-71.7943222531487"
"01/31/2020","AQS","250270023","3","12","ug/m3 LC","56","WORCESTER SUMMER STREET","1","100.0000","88101","PM2.5 - Local Conditions","170","Met One BAM-1020 Mass Monitor w/VSCC","49340","Worcester, MA-CT","25","Massachusetts","027","Worcester","42.2639545825909","-71.7943222531487"
"02/01/2020","AQS","250270023","3","11.7","ug/m3 LC","56","WORCESTER SUMMER STREET","1","100.0000","88101","PM2.5 - Local Conditions","170","Met One BAM-1020 Mass Monitor w/VSCC","49340","Worcester, MA-CT","25","Massachusetts","027","Worcester","42.2639545825909","-71.7943222531487"
"02/02/2020","AQS","250270023","3","11.6","ug/m3 LC","56","WORCESTER SUMMER STREET","1","100.0000","88101","PM2.5 - Local Conditions","170","Met One BAM-1020 Mass Monitor w/VSCC","49340","Worcester, MA-CT","25","Massachusetts","027","Worcester","42.2639545825909","-71.7943222531487"
"02/03/2020","AQS","250270023","3","11.6","ug/m3 LC","56","WORCESTER SUMMER STREET","1","100.0000","88101","PM2.5 - Local Conditions","170","Met One BAM-1020 Mass Monitor w/VSCC","49340","Worcester, MA-CT","25","Massachusetts","027","Worcester","42.2639545825909","-71.7943222531487"
"02/04/2020","AQS","250270023","3","15.4","ug/m3 LC","63","WORCESTER SUMMER STREET","1","100.0000","88101","PM2.5 - Local Conditions","170","Met One BAM-1020 Mass Monitor w/VSCC","49340","Worcester, MA-CT","25","Massachusetts","027","Worcester","42.2639545825909","-71.7943222531487"
"02/05/2020","AQS","250270023","3","8.2","ug/m3 LC","46","WORCESTER SUMMER STREET","1","100.0000","88101","PM2.5 - Local Conditions","170","Met One BAM-1020 Mass Monitor w/VSCC","49340","Worcester, MA-CT","25","Massachusetts","027","Worcester","42.2639545825909","-71.7943222531487"
"02/06/2020","AQS","250270023","3","7.7","ug/m3 LC","43","WORCESTER SUMMER STREET","1","100.0000","88101","PM2.5 - Local Conditions","170","Met One BAM-1020 Mass Monitor w/VSCC","49340","Worcester, MA-CT","25","Massachusetts","027","Worcester","42.2639545825909","-71.7943222531487"
"02/07/2020","AQS","250270023","3","4","ug/m3 LC","22","WORCESTER SUMMER STREET","1","100.0000","88101","PM2.5 - Local Conditions","170","Met One BAM-1020 Mass Monitor w/VSCC","49340","Worcester, MA-CT","25","Massachusetts","027","Worcester","42.2639545825909","-71.7943222531487"
"02/08/2020","AQS","250270023","3","7.5","ug/m3 LC","42","WORCESTER SUMMER STREET","1","100.0000","88101","PM2.5 - Local Conditions","170","Met One BAM-1020 Mass Monitor w/VSCC","49340","Worcester, MA-CT","25","Massachusetts","027","Worcester","42.2639545825909","-71.7943222531487"
"02/09/2020","AQS","250270023","3","12.1","ug/m3 LC","57","WORCESTER SUMMER STREET","1","100.0000","88101","PM2.5 - Local Conditions","170","Met One BAM-1020 Mass Monitor w/VSCC","49340","Worcester, MA-CT","25","Massachusetts","027","Worcester","42.2639545825909","-71.7943222531487"
"02/10/2020","AQS","250270023","3","10.4","ug/m3 LC","53","WORCESTER SUMMER STREET","1","100.0000","88101","PM2.5 - Local Conditions","170","Met One BAM-1020 Mass Monitor w/VSCC","49340","Worcester, MA-CT","25","Massachusetts","027","Worcester","42.2639545825909","-71.7943222531487"
"02/11/2020","AQS","250270023","3","11.3","ug/m3 LC","55","WORCESTER SUMMER STREET","1","100.0000","88101","PM2.5 - Local Conditions","170","Met One BAM-1020 Mass Monitor w/VSCC","49340","Worcester, MA-CT","25","Massachusetts","027","Worcester","42.2639545825909","-71.7943222531487"
"02/12/2020","AQS","250270023","3","7.7","ug/m3 LC","43","WORCESTER SUMMER STREET","1","100.0000","88101","PM2.5 - Local Conditions","170","Met One BAM-1020 Mass Monitor w/VSCC","49340","Worcester, MA-CT","25","Massachusetts","027","Worcester","42.2639545825909","-71.7943222531487"
"02/13/2020","AQS","250270023","3","7.6","ug/m3 LC","42","WORCESTER SUMMER STREET","1","100.0000","88101","PM2.5 - Local Conditions","170","Met One BAM-1020 Mass Monitor w/VSCC","49340","Worcester, MA-CT","25","Massachusetts","027","Worcester","42.2639545825909","-71.7943222531487"
"02/14/2020","AQS","250270023","3","7.4","ug/m3 LC","41","WORCESTER SUMMER STREET","1","100.0000","88101","PM2.5 - Local Conditions","170","Met One BAM-1020 Mass Monitor w/VSCC","49340","Worcester, MA-CT","25","Massachusetts","027","Worcester","42.2639545825909","-71.7943222531487"
"02/15/2020","AQS","250270023","3","8.2","ug/m3 LC","46","WORCESTER SUMMER STREET","1","100.0000","88101","PM2.5 - Local Conditions","170","Met One BAM-1020 Mass Monitor w/VSCC","49340","Worcester, MA-CT","25","Massachusetts","027","Worcester","42.2639545825909","-71.7943222531487"
"02/16/2020","AQS","250270023","3","12.7","ug/m3 LC","58","WORCESTER SUMMER STREET","1","100.0000","88101","PM2.5 - Local Conditions","170","Met One BAM-1020 Mass Monitor w/VSCC","49340","Worcester, MA-CT","25","Massachusetts","027","Worcester","42.2639545825909","-71.7943222531487"
"02/17/2020","AQS","250270023","3","12.3","ug/m3 LC","57","WORCESTER SUMMER STREET","1","100.0000","88101","PM2.5 - Local Conditions","170","Met One BAM-1020 Mass Monitor w/VSCC","49340","Worcester, MA-CT","25","Massachusetts","027","Worcester","42.2639545825909","-71.7943222531487"
"02/18/2020","AQS","250270023","3","8.7","ug/m3 LC","48","WORCESTER SUMMER STREET","1","100.0000","88101","PM2.5 - Local Conditions","170","Met One BAM-1020 Mass Monitor w/VSCC","49340","Worcester, MA-CT","25","Massachusetts","027","Worcester","42.2639545825909","-71.7943222531487"
"02/19/2020","AQS","250270023","3","4.5","ug/m3 LC","25","WORCESTER SUMMER STREET","1","100.0000","88101","PM2.5 - Local Conditions","170","Met One BAM-1020 Mass Monitor w/VSCC","49340","Worcester, MA-CT","25","Massachusetts","027","Worcester","42.2639545825909","-71.7943222531487"
"02/20/2020","AQS","250270023","3","5.5","ug/m3 LC","31","WORCESTER SUMMER STREET","1","100.0000","88101","PM2.5 - Local Conditions","170","Met One BAM-1020 Mass Monitor w/VSCC","49340","Worcester, MA-CT","25","Massachusetts","027","Worcester","42.2639545825909","-71.7943222531487"
"02/21/2020","AQS","250270023","3","7.1","ug/m3 LC","39","WORCESTER SUMMER STREET","1","100.0000","88101","PM2.5 - Local Conditions","170","Met One BAM-1020 Mass Monitor w/VSCC","49340","Worcester, MA-CT","25","Massachusetts","027","Worcester","42.2639545825909","-71.7943222531487"
"02/22/2020","AQS","250270023","3","10.2","ug/m3 LC","53","WORCESTER SUMMER STREET","1","100.0000","88101","PM2.5 - Local Conditions","170","Met One BAM-1020 Mass Monitor w/VSCC","49340","Worcester, MA-CT","25","Massachusetts","027","Worcester","42.2639545825909","-71.7943222531487"
"02/23/2020","AQS","250270023","3","14","ug/m3 LC","60","WORCESTER SUMMER STREET","1","100.0000","88101","PM2.5 - Local Conditions","170","Met One BAM-1020 Mass Monitor w/VSCC","49340","Worcester, MA-CT","25","Massachusetts","027","Worcester","42.2639545825909","-71.7943222531487"
"02/24/2020","AQS","250270023","3","13","ug/m3 LC","58","WORCESTER SUMMER STREET","1","100.0000","88101","PM2.5 - Local Conditions","170","Met One BAM-1020 Mass Monitor w/VSCC","49340","Worcester, MA-CT","25","Massachusetts","027","Worcester","42.2639545825909","-71.7943222531487"
"02/25/2020","AQS","250270023","3","16.8","ug/m3 LC","65","WORCESTER SUMMER STREET","1","100.0000","88101","PM2.5 - Local Conditions","170","Met One BAM-1020 Mass Monitor w/VSCC","49340","Worcester, MA-CT","25","Massachusetts","027","Worcester","42.2639545825909","-71.7943222531487"
"02/26/2020","AQS","250270023","3","14.5","ug/m3 LC","61","WORCESTER SUMMER STREET","1","100.0000","88101","PM2.5 - Local Conditions","170","Met One BAM-1020 Mass Monitor w/VSCC","49340","Worcester, MA-CT","25","Massachusetts","027","Worcester","42.2639545825909","-71.7943222531487"
"02/27/2020","AQS","250270023","3","3.9","ug/m3 LC","22","WORCESTER SUMMER STREET","1","100.0000","88101","PM2.5 - Local Conditions","170","Met One BAM-1020 Mass Monitor w/VSCC","49340","Worcester, MA-CT","25","Massachusetts","027","Worcester","42.2639545825909","-71.7943222531487"
"02/28/2020","AQS","250270023","3","5.4","ug/m3 LC","30","WORCESTER SUMMER STREET","1","100.0000","88101","PM2.5 - Local Conditions","170","Met One BAM-1020 Mass Monitor w/VSCC","49340","Worcester, MA-CT","25","Massachusetts","027","Worcester","42.2639545825909","-71.7943222531487"
"02/29/2020","AQS","250270023","3","7.7","ug/m3 LC","43","WORCESTER SUMMER STREET","1","100.0000","88101","PM2.5 - Local Conditions","170","Met One BAM-1020 Mass Monitor w/VSCC","49340","Worcester, MA-CT","25","Massachusetts","027","Worcester","42.2639545825909","-71.7943222531487"
"03/01/2020","AQS","250270023","3","6.8","ug/m3 LC","38","WORCESTER SUMMER STREET","1","100.0000","88101","PM2.5 - Local Conditions","170","Met One BAM-1020 Mass Monitor w/VSCC","49340","Worcester, MA-CT","25","Massachusetts","027","Worcester","42.2639545825909","-71.7943222531487"
"03/02/2020","AQS","250270023","3","12.4","ug/m3 LC","57","WORCESTER SUMMER STREET","1","100.0000","88101","PM2.5 - Local Conditions","170","Met One BAM-1020 Mass Monitor w/VSCC","49340","Worcester, MA-CT","25","Massachusetts","027","Worcester","42.2639545825909","-71.7943222531487"
"03/03/2020","AQS","250270023","3","10.7","ug/m3 LC","54","WORCESTER SUMMER STREET","1","100.0000","88101","PM2.5 - Local Conditions","170","Met One BAM-1020 Mass Monitor w/VSCC","49340","Worcester, MA-CT","25","Massachusetts","027","Worcester","42.2639545825909","-71.7943222531487"
"03/04/2020","AQS","250270023","3","6.8","ug/m3 LC","38","WORCESTER SUMMER STREET","1","100.0000","88101","PM2.5 - Local Conditions","170","Met One BAM-1020 Mass Monitor w/VSCC","49340","Worcester, MA-CT","25","Massachusetts","027","Worcester","42.2639545825909","-71.7943222531487"
"03/05/2020","AQS","250270023","3","7.8","ug/m3 LC","43","WORCESTER SUMMER STREET","1","100.0000","88101","PM2.5 - Local Conditions","170","Met One BAM-1020 Mass Monitor w/VSCC","49340","Worcester, MA-CT","25","Massachusetts","027","Worcester","42.2639545825909","-71.7943222531487"
"03/06/2020","AQS","250270023","3","9.9","ug/m3 LC","52","WORCESTER SUMMER STREET","1","100.0000","88101","PM2.5 - Local Conditions","170","Met One BAM-1020 Mass Monitor w/VSCC","49340","Worcester, MA-CT","25","Massachusetts","027","Worcester","42.2639545825909","-71.7943222531487"
"03/07/2020","AQS","250270023","3","5","ug/m3 LC","28","WORCESTER SUMMER STREET","1","100.0000","88101","PM2.5 - Local Conditions","170","Met One BAM-1020 Mass Monitor w/VSCC","49340","Worcester, MA-CT","25","Massachusetts","027","Worcester","42.2639545825909","-71.7943222531487"
"03/08/2020","AQS","250270023","3","7.3","ug/m3 LC","41","WORCESTER SUMMER STREET","1","100.0000","88101","PM2.5 - Local Conditions","170","Met One BAM-1020 Mass Monitor w/VSCC","49340","Worcester, MA-CT","25","Massachusetts","027","Worcester","42.2639545825909","-71.7943222531487"
"03/09/2020","AQS","250270023","3","8.7","ug/m3 LC","48","WORCESTER SUMMER STREET","1","100.0000","88101","PM2.5 - Local Conditions","170","Met One BAM-1020 Mass Monitor w/VSCC","49340","Worcester, MA-CT","25","Massachusetts","027","Worcester","42.2639545825909","-71.7943222531487"
"03/10/2020","AQS","250270023","3","11","ug/m3 LC","55","WORCESTER SUMMER STREET","1","100.0000","88101","PM2.5 - Local Conditions","170","Met One BAM-1020 Mass Monitor w/VSCC","49340","Worcester, MA-CT","25","Massachusetts","027","Worcester","42.2639545825909","-71.7943222531487"
"03/11/2020","AQS","250270023","3","4.1","ug/m3 LC","23","WORCESTER SUMMER STREET","1","100.0000","88101","PM2.5 - Local Conditions","170","Met One BAM-1020 Mass Monitor w/VSCC","49340","Worcester, MA-CT","25","Massachusetts","027","Worcester","42.2639545825909","-71.7943222531487"
"03/12/2020","AQS","250270023","3","8.6","ug/m3 LC","48","WORCESTER SUMMER STREET","1","100.0000","88101","PM2.5 - Local Conditions","170","Met One BAM-1020 Mass Monitor w/VSCC","49340","Worcester, MA-CT","25","Massachusetts","027","Worcester","42.2639545825909","-71.7943222531487"
"03/13/2020","AQS","250270023","3","5.7","ug/m3 LC","32","WORCESTER SUMMER STREET","1","100.0000","88101","PM2.5 - Local Conditions","170","Met One BAM-1020 Mass Monitor w/VSCC","49340","Worcester, MA-CT","25","Massachusetts","027","Worcester","42.2639545825909","-71.7943222531487"
"03/14/2020","AQS","250270023","3","6","ug/m3 LC","33","WORCESTER SUMMER STREET","1","100.0000","88101","PM2.5 - Local Conditions","170","Met One BAM-1020 Mass Monitor w/VSCC","49340","Worcester, MA-CT","25","Massachusetts","027","Worcester","42.2639545825909","-71.7943222531487"
"03/15/2020","AQS","250270023","3","5.9","ug/m3 LC","33","WORCESTER SUMMER STREET","1","100.0000","88101","PM2.5 - Local Conditions","170","Met One BAM-1020 Mass Monitor w/VSCC","49340","Worcester, MA-CT","25","Massachusetts","027","Worcester","42.2639545825909","-71.7943222531487"
"03/16/2020","AQS","250270023","3","6.8","ug/m3 LC","38","WORCESTER SUMMER STREET","1","100.0000","88101","PM2.5 - Local Conditions","170","Met One BAM-1020 Mass Monitor w/VSCC","49340","Worcester, MA-CT","25","Massachusetts","027","Worcester","42.2639545825909","-71.7943222531487"
"03/17/2020","AQS","250270023","3","8.1","ug/m3 LC","45","WORCESTER SUMMER STREET","1","100.0000","88101","PM2.5 - Local Conditions","170","Met One BAM-1020 Mass Monitor w/VSCC","49340","Worcester, MA-CT","25","Massachusetts","027","Worcester","42.2639545825909","-71.7943222531487"
"03/18/2020","AQS","250270023","3","5.9","ug/m3 LC","33","WORCESTER SUMMER STREET","1","100.0000","88101","PM2.5 - Local Conditions","170","Met One BAM-1020 Mass Monitor w/VSCC","49340","Worcester, MA-CT","25","Massachusetts","027","Worcester","42.2639545825909","-71.7943222531487"
"03/19/2020","AQS","250270023","3","5","ug/m3 LC","28","WORCESTER SUMMER STREET","1","100.0000","88101","PM2.5 - Local Conditions","170","Met One BAM-1020 Mass Monitor w/VSCC","49340","Worcester, MA-CT","25","Massachusetts","027","Worcester","42.2639545825909","-71.7943222531487"
"03/20/2020","AQS","250270023","3","7.2","ug/m3 LC","40","WORCESTER SUMMER STREET","1","100.0000","88101","PM2.5 - Local Conditions","170","Met One BAM-1020 Mass Monitor w/VSCC","49340","Worcester, MA-CT","25","Massachusetts","027","Worcester","42.2639545825909","-71.7943222531487"
"03/21/2020","AQS","250270023","3","5.7","ug/m3 LC","32","WORCESTER SUMMER STREET","1","100.0000","88101","PM2.5 - Local Conditions","170","Met One BAM-1020 Mass Monitor w/VSCC","49340","Worcester, MA-CT","25","Massachusetts","027","Worcester","42.2639545825909","-71.7943222531487"
"03/22/2020","AQS","250270023","3","8.3","ug/m3 LC","46","WORCESTER SUMMER STREET","1","100.0000","88101","PM2.5 - Local Conditions","170","Met One BAM-1020 Mass Monitor w/VSCC","49340","Worcester, MA-CT","25","Massachusetts","027","Worcester","42.2639545825909","-71.7943222531487"
"03/23/2020","AQS","250270023","3","7","ug/m3 LC","39","WORCESTER SUMMER STREET","1","100.0000","88101","PM2.5 - Local Conditions","170","Met One BAM-1020 Mass Monitor w/VSCC","49340","Worcester, MA-CT","25","Massachusetts","027","Worcester","42.2639545825909","-71.7943222531487"
"03/24/2020","AQS","250270023","3","4.2","ug/m3 LC","23","WORCESTER SUMMER STREET","1","100.0000","88101","PM2.5 - Local Conditions","170","Met One BAM-1020 Mass Monitor w/VSCC","49340","Worcester, MA-CT","25","Massachusetts","027","Worcester","42.2639545825909","-71.7943222531487"
"03/25/2020","AQS","250270023","3","8.3","ug/m3 LC","46","WORCESTER SUMMER STREET","1","100.0000","88101","PM2.5 - Local Conditions","170","Met One BAM-1020 Mass Monitor w/VSCC","49340","Worcester, MA-CT","25","Massachusetts","027","Worcester","42.2639545825909","-71.7943222531487"
"03/26/2020","AQS","250270023","3","9.1","ug/m3 LC","51","WORCESTER SUMMER STREET","1","100.0000","88101","PM2.5 - Local Conditions","170","Met One BAM-1020 Mass Monitor w/VSCC","49340","Worcester, MA-CT","25","Massachusetts","027","Worcester","42.2639545825909","-71.7943222531487"
"03/27/2020","AQS","250270023","3","6.7","ug/m3 LC","37","WORCESTER SUMMER STREET","1","100.0000","88101","PM2.5 - Local Conditions","170","Met One BAM-1020 Mass Monitor w/VSCC","49340","Worcester, MA-CT","25","Massachusetts","027","Worcester","42.2639545825909","-71.7943222531487"
"03/28/2020","AQS","250270023","3","9.5","ug/m3 LC","52","WORCESTER SUMMER STREET","1","100.0000","88101","PM2.5 - Local Conditions","170","Met One BAM-1020 Mass Monitor w/VSCC","49340","Worcester, MA-CT","25","Massachusetts","027","Worcester","42.2639545825909","-71.7943222531487"
"03/29/2020","AQS","250270023","3","4","ug/m3 LC","22","WORCESTER SUMMER STREET","1","100.0000","88101","PM2.5 - Local Conditions","170","Met One BAM-1020 Mass Monitor w/VSCC","49340","Worcester, MA-CT","25","Massachusetts","027","Worcester","42.2639545825909","-71.7943222531487"
"03/30/2020","AQS","250270023","3","5.2","ug/m3 LC","29","WORCESTER SUMMER STREET","1","100.0000","88101","PM2.5 - Local Conditions","170","Met One BAM-1020 Mass Monitor w/VSCC","49340","Worcester, MA-CT","25","Massachusetts","027","Worcester","42.2639545825909","-71.7943222531487"
"03/31/2020","AQS","250270023","3","6.8","ug/m3 LC","38","WORCESTER SUMMER STREET","1","100.0000","88101","PM2.5 - Local Conditions","170","Met One BAM-1020 Mass Monitor w/VSCC","49340","Worcester, MA-CT","25","Massachusetts","027","Worcester","42.2639545825909","-71.7943222531487"
"04/01/2020","AQS","250270023","3","6.9","ug/m3 LC","38","WORCESTER SUMMER STREET","1","100.0000","88101","PM2.5 - Local Conditions","170","Met One BAM-1020 Mass Monitor w/VSCC","49340","Worcester, MA-CT","25","Massachusetts","027","Worcester","42.2639545825909","-71.7943222531487"
"04/02/2020","AQS","250270023","3","2.8","ug/m3 LC","16","WORCESTER SUMMER STREET","1","100.0000","88101","PM2.5 - Local Conditions","170","Met One BAM-1020 Mass Monitor w/VSCC","49340","Worcester, MA-CT","25","Massachusetts","027","Worcester","42.2639545825909","-71.7943222531487"
"04/03/2020","AQS","250270023","3","3.2","ug/m3 LC","18","WORCESTER SUMMER STREET","1","100.0000","88101","PM2.5 - Local Conditions","170","Met One BAM-1020 Mass Monitor w/VSCC","49340","Worcester, MA-CT","25","Massachusetts","027","Worcester","42.2639545825909","-71.7943222531487"
"04/04/2020","AQS","250270023","3","6.7","ug/m3 LC","37","WORCESTER SUMMER STREET","1","100.0000","88101","PM2.5 - Local Conditions","170","Met One BAM-1020 Mass Monitor w/VSCC","49340","Worcester, MA-CT","25","Massachusetts","027","Worcester","42.2639545825909","-71.7943222531487"
"04/05/2020","AQS","250270023","3","10.2","ug/m3 LC","53","WORCESTER SUMMER STREET","1","100.0000","88101","PM2.5 - Local Conditions","170","Met One BAM-1020 Mass Monitor w/VSCC","49340","Worcester, MA-CT","25","Massachusetts","027","Worcester","42.2639545825909","-71.7943222531487"
"04/06/2020","AQS","250270023","3","5.7","ug/m3 LC","32","WORCESTER SUMMER STREET","1","100.0000","88101","PM2.5 - Local Conditions","170","Met One BAM-1020 Mass Monitor w/VSCC","49340","Worcester, MA-CT","25","Massachusetts","027","Worcester","42.2639545825909","-71.7943222531487"
"04/07/2020","AQS","250270023","3","7.2","ug/m3 LC","40","WORCESTER SUMMER STREET","1","100.0000","88101","PM2.5 - Local Conditions","170","Met One BAM-1020 Mass Monitor w/VSCC","49340","Worcester, MA-CT","25","Massachusetts","027","Worcester","42.2639545825909","-71.7943222531487"
"04/08/2020","AQS","250270023","3","8.2","ug/m3 LC","46","WORCESTER SUMMER STREET","1","100.0000","88101","PM2.5 - Local Conditions","170","Met One BAM-1020 Mass Monitor w/VSCC","49340","Worcester, MA-CT","25","Massachusetts","027","Worcester","42.2639545825909","-71.7943222531487"
"04/09/2020","AQS","250270023","3","7","ug/m3 LC","39","WORCESTER SUMMER STREET","1","100.0000","88101","PM2.5 - Local Conditions","170","Met One BAM-1020 Mass Monitor w/VSCC","49340","Worcester, MA-CT","25","Massachusetts","027","Worcester","42.2639545825909","-71.7943222531487"
"04/10/2020","AQS","250270023","3","2.4","ug/m3 LC","13","WORCESTER SUMMER STREET","1","100.0000","88101","PM2.5 - Local Conditions","170","Met One BAM-1020 Mass Monitor w/VSCC","49340","Worcester, MA-CT","25","Massachusetts","027","Worcester","42.2639545825909","-71.7943222531487"
"04/11/2020","AQS","250270023","3","5.6","ug/m3 LC","31","WORCESTER SUMMER STREET","1","100.0000","88101","PM2.5 - Local Conditions","170","Met One BAM-1020 Mass Monitor w/VSCC","49340","Worcester, MA-CT","25","Massachusetts","027","Worcester","42.2639545825909","-71.7943222531487"
"04/15/2020","AQS","250270023","3","6.9","ug/m3 LC","38","WORCESTER SUMMER STREET","1","100.0000","88101","PM2.5 - Local Conditions","170","Met One BAM-1020 Mass Monitor w/VSCC","49340","Worcester, MA-CT","25","Massachusetts","027","Worcester","42.2639545825909","-71.7943222531487"
"04/16/2020","AQS","250270023","3","7.1","ug/m3 LC","39","WORCESTER SUMMER STREET","1","100.0000","88101","PM2.5 - Local Conditions","170","Met One BAM-1020 Mass Monitor w/VSCC","49340","Worcester, MA-CT","25","Massachusetts","027","Worcester","42.2639545825909","-71.7943222531487"
"04/17/2020","AQS","250270023","3","7.9","ug/m3 LC","44","WORCESTER SUMMER STREET","1","100.0000","88101","PM2.5 - Local Conditions","170","Met One BAM-1020 Mass Monitor w/VSCC","49340","Worcester, MA-CT","25","Massachusetts","027","Worcester","42.2639545825909","-71.7943222531487"
"04/18/2020","AQS","250270023","3","7.2","ug/m3 LC","40","WORCESTER SUMMER STREET","1","100.0000","88101","PM2.5 - Local Conditions","170","Met One BAM-1020 Mass Monitor w/VSCC","49340","Worcester, MA-CT","25","Massachusetts","027","Worcester","42.2639545825909","-71.7943222531487"
"04/19/2020","AQS","250270023","3","9.2","ug/m3 LC","51","WORCESTER SUMMER STREET","1","100.0000","88101","PM2.5 - Local Conditions","170","Met One BAM-1020 Mass Monitor w/VSCC","49340","Worcester, MA-CT","25","Massachusetts","027","Worcester","42.2639545825909","-71.7943222531487"
"04/20/2020","AQS","250270023","3","6.5","ug/m3 LC","36","WORCESTER SUMMER STREET","1","100.0000","88101","PM2.5 - Local Conditions","170","Met One BAM-1020 Mass Monitor w/VSCC","49340","Worcester, MA-CT","25","Massachusetts","027","Worcester","42.2639545825909","-71.7943222531487"
"04/21/2020","AQS","250270023","3","8.5","ug/m3 LC","47","WORCESTER SUMMER STREET","1","100.0000","88101","PM2.5 - Local Conditions","170","Met One BAM-1020 Mass Monitor w/VSCC","49340","Worcester, MA-CT","25","Massachusetts","027","Worcester","42.2639545825909","-71.7943222531487"
"04/22/2020","AQS","250270023","3","6.1","ug/m3 LC","34","WORCESTER SUMMER STREET","1","100.0000","88101","PM2.5 - Local Conditions","170","Met One BAM-1020 Mass Monitor w/VSCC","49340","Worcester, MA-CT","25","Massachusetts","027","Worcester","42.2639545825909","-71.7943222531487"
"04/23/2020","AQS","250270023","3","7.1","ug/m3 LC","39","WORCESTER SUMMER STREET","1","100.0000","88101","PM2.5 - Local Conditions","170","Met One BAM-1020 Mass Monitor w/VSCC","49340","Worcester, MA-CT","25","Massachusetts","027","Worcester","42.2639545825909","-71.7943222531487"
"04/24/2020","AQS","250270023","3","11","ug/m3 LC","55","WORCESTER SUMMER STREET","1","100.0000","88101","PM2.5 - Local Conditions","170","Met One BAM-1020 Mass Monitor w/VSCC","49340","Worcester, MA-CT","25","Massachusetts","027","Worcester","42.2639545825909","-71.7943222531487"
"04/25/2020","AQS","250270023","3","10.7","ug/m3 LC","54","WORCESTER SUMMER STREET","1","100.0000","88101","PM2.5 - Local Conditions","170","Met One BAM-1020 Mass Monitor w/VSCC","49340","Worcester, MA-CT","25","Massachusetts","027","Worcester","42.2639545825909","-71.7943222531487"
"04/26/2020","AQS","250270023","3","7.8","ug/m3 LC","43","WORCESTER SUMMER STREET","1","100.0000","88101","PM2.5 - Local Conditions","170","Met One BAM-1020 Mass Monitor w/VSCC","49340","Worcester, MA-CT","25","Massachusetts","027","Worcester","42.2639545825909","-71.7943222531487"
"04/27/2020","AQS","250270023","3","3.9","ug/m3 LC","22","WORCESTER SUMMER STREET","1","100.0000","88101","PM2.5 - Local Conditions","170","Met One BAM-1020 Mass Monitor w/VSCC","49340","Worcester, MA-CT","25","Massachusetts","027","Worcester","42.2639545825909","-71.7943222531487"
"04/28/2020","AQS","250270023","3","6.6","ug/m3 LC","37","WORCESTER SUMMER STREET","1","100.0000","88101","PM2.5 - Local Conditions","170","Met One BAM-1020 Mass Monitor w/VSCC","49340","Worcester, MA-CT","25","Massachusetts","027","Worcester","42.2639545825909","-71.7943222531487"
"04/29/2020","AQS","250270023","3","6.7","ug/m3 LC","37","WORCESTER SUMMER STREET","1","100.0000","88101","PM2.5 - Local Conditions","170","Met One BAM-1020 Mass Monitor w/VSCC","49340","Worcester, MA-CT","25","Massachusetts","027","Worcester","42.2639545825909","-71.7943222531487"
"04/30/2020","AQS","250270023","3","7.9","ug/m3 LC","44","WORCESTER SUMMER STREET","1","100.0000","88101","PM2.5 - Local Conditions","170","Met One BAM-1020 Mass Monitor w/VSCC","49340","Worcester, MA-CT","25","Massachusetts","027","Worcester","42.2639545825909","-71.7943222531487"
"05/01/2020","AQS","250270023","3","3.2","ug/m3 LC","18","WORCESTER SUMMER STREET","1","100.0000","88101","PM2.5 - Local Conditions","170","Met One BAM-1020 Mass Monitor w/VSCC","49340","Worcester, MA-CT","25","Massachusetts","027","Worcester","42.2639545825909","-71.7943222531487"
"05/02/2020","AQS","250270023","3","6.8","ug/m3 LC","38","WORCESTER SUMMER STREET","1","100.0000","88101","PM2.5 - Local Conditions","170","Met One BAM-1020 Mass Monitor w/VSCC","49340","Worcester, MA-CT","25","Massachusetts","027","Worcester","42.2639545825909","-71.7943222531487"
"05/03/2020","AQS","250270023","3","9.8","ug/m3 LC","52","WORCESTER SUMMER STREET","1","100.0000","88101","PM2.5 - Local Conditions","170","Met One BAM-1020 Mass Monitor w/VSCC","49340","Worcester, MA-CT","25","Massachusetts","027","Worcester","42.2639545825909","-71.7943222531487"
"05/04/2020","AQS","250270023","3","4.2","ug/m3 LC","23","WORCESTER SUMMER STREET","1","100.0000","88101","PM2.5 - Local Conditions","170","Met One BAM-1020 Mass Monitor w/VSCC","49340","Worcester, MA-CT","25","Massachusetts","027","Worcester","42.2639545825909","-71.7943222531487"
"05/05/2020","AQS","250270023","3","5.4","ug/m3 LC","30","WORCESTER SUMMER STREET","1","100.0000","88101","PM2.5 - Local Conditions","170","Met One BAM-1020 Mass Monitor w/VSCC","49340","Worcester, MA-CT","25","Massachusetts","027","Worcester","42.2639545825909","-71.7943222531487"
"05/06/2020","AQS","250270023","3","5.1","ug/m3 LC","28","WORCESTER SUMMER STREET","1","100.0000","88101","PM2.5 - Local Conditions","170","Met One BAM-1020 Mass Monitor w/VSCC","49340","Worcester, MA-CT","25","Massachusetts","027","Worcester","42.2639545825909","-71.7943222531487"
"05/07/2020","AQS","250270023","3","6.5","ug/m3 LC","36","WORCESTER SUMMER STREET","1","100.0000","88101","PM2.5 - Local Conditions","170","Met One BAM-1020 Mass Monitor w/VSCC","49340","Worcester, MA-CT","25","Massachusetts","027","Worcester","42.2639545825909","-71.7943222531487"
"05/08/2020","AQS","250270023","3","5.1","ug/m3 LC","28","WORCESTER SUMMER STREET","1","100.0000","88101","PM2.5 - Local Conditions","170","Met One BAM-1020 Mass Monitor w/VSCC","49340","Worcester, MA-CT","25","Massachusetts","027","Worcester","42.2639545825909","-71.7943222531487"
"05/09/2020","AQS","250270023","3","5.4","ug/m3 LC","30","WORCESTER SUMMER STREET","1","100.0000","88101","PM2.5 - Local Conditions","170","Met One BAM-1020 Mass Monitor w/VSCC","49340","Worcester, MA-CT","25","Massachusetts","027","Worcester","42.2639545825909","-71.7943222531487"
"05/10/2020","AQS","250270023","3","8","ug/m3 LC","44","WORCESTER SUMMER STREET","1","100.0000","88101","PM2.5 - Local Conditions","170","Met One BAM-1020 Mass Monitor w/VSCC","49340","Worcester, MA-CT","25","Massachusetts","027","Worcester","42.2639545825909","-71.7943222531487"
"05/11/2020","AQS","250270023","3","8.5","ug/m3 LC","47","WORCESTER SUMMER STREET","1","100.0000","88101","PM2.5 - Local Conditions","170","Met One BAM-1020 Mass Monitor w/VSCC","49340","Worcester, MA-CT","25","Massachusetts","027","Worcester","42.2639545825909","-71.7943222531487"
"05/12/2020","AQS","250270023","3","4","ug/m3 LC","22","WORCESTER SUMMER STREET","1","100.0000","88101","PM2.5 - Local Conditions","170","Met One BAM-1020 Mass Monitor w/VSCC","49340","Worcester, MA-CT","25","Massachusetts","027","Worcester","42.2639545825909","-71.7943222531487"
"05/13/2020","AQS","250270023","3","5.8","ug/m3 LC","32","WORCESTER SUMMER STREET","1","100.0000","88101","PM2.5 - Local Conditions","170","Met One BAM-1020 Mass Monitor w/VSCC","49340","Worcester, MA-CT","25","Massachusetts","027","Worcester","42.2639545825909","-71.7943222531487"
"05/14/2020","AQS","250270023","3","7.2","ug/m3 LC","40","WORCESTER SUMMER STREET","1","100.0000","88101","PM2.5 - Local Conditions","170","Met One BAM-1020 Mass Monitor w/VSCC","49340","Worcester, MA-CT","25","Massachusetts","027","Worcester","42.2639545825909","-71.7943222531487"
"05/15/2020","AQS","250270023","3","10.5","ug/m3 LC","54","WORCESTER SUMMER STREET","1","100.0000","88101","PM2.5 - Local Conditions","170","Met One BAM-1020 Mass Monitor w/VSCC","49340","Worcester, MA-CT","25","Massachusetts","027","Worcester","42.2639545825909","-71.7943222531487"
"05/16/2020","AQS","250270023","3","5.7","ug/m3 LC","32","WORCESTER SUMMER STREET","1","100.0000","88101","PM2.5 - Local Conditions","170","Met One BAM-1020 Mass Monitor w/VSCC","49340","Worcester, MA-CT","25","Massachusetts","027","Worcester","42.2639545825909","-71.7943222531487"
"05/17/2020","AQS","250270023","3","5.7","ug/m3 LC","32","WORCESTER SUMMER STREET","1","100.0000","88101","PM2.5 - Local Conditions","170","Met One BAM-1020 Mass Monitor w/VSCC","49340","Worcester, MA-CT","25","Massachusetts","027","Worcester","42.2639545825909","-71.7943222531487"
"05/18/2020","AQS","250270023","3","8.1","ug/m3 LC","45","WORCESTER SUMMER STREET","1","100.0000","88101","PM2.5 - Local Conditions","170","Met One BAM-1020 Mass Monitor w/VSCC","49340","Worcester, MA-CT","25","Massachusetts","027","Worcester","42.2639545825909","-71.7943222531487"
"05/19/2020","AQS","250270023","3","7.7","ug/m3 LC","43","WORCESTER SUMMER STREET","1","100.0000","88101","PM2.5 - Local Conditions","170","Met One BAM-1020 Mass Monitor w/VSCC","49340","Worcester, MA-CT","25","Massachusetts","027","Worcester","42.2639545825909","-71.7943222531487"
"05/20/2020","AQS","250270023","3","7","ug/m3 LC","39","WORCESTER SUMMER STREET","1","100.0000","88101","PM2.5 - Local Conditions","170","Met One BAM-1020 Mass Monitor w/VSCC","49340","Worcester, MA-CT","25","Massachusetts","027","Worcester","42.2639545825909","-71.7943222531487"
"05/21/2020","AQS","250270023","3","5.9","ug/m3 LC","33","WORCESTER SUMMER STREET","1","100.0000","88101","PM2.5 - Local Conditions","170","Met One BAM-1020 Mass Monitor w/VSCC","49340","Worcester, MA-CT","25","Massachusetts","027","Worcester","42.2639545825909","-71.7943222531487"
"05/22/2020","AQS","250270023","3","8.3","ug/m3 LC","46","WORCESTER SUMMER STREET","1","100.0000","88101","PM2.5 - Local Conditions","170","Met One BAM-1020 Mass Monitor w/VSCC","49340","Worcester, MA-CT","25","Massachusetts","027","Worcester","42.2639545825909","-71.7943222531487"
"05/23/2020","AQS","250270023","3","6.4","ug/m3 LC","36","WORCESTER SUMMER STREET","1","100.0000","88101","PM2.5 - Local Conditions","170","Met One BAM-1020 Mass Monitor w/VSCC","49340","Worcester, MA-CT","25","Massachusetts","027","Worcester","42.2639545825909","-71.7943222531487"
"05/24/2020","AQS","250270023","3","6.6","ug/m3 LC","37","WORCESTER SUMMER STREET","1","100.0000","88101","PM2.5 - Local Conditions","170","Met One BAM-1020 Mass Monitor w/VSCC","49340","Worcester, MA-CT","25","Massachusetts","027","Worcester","42.2639545825909","-71.7943222531487"
"05/25/2020","AQS","250270023","3","8.5","ug/m3 LC","47","WORCESTER SUMMER STREET","1","100.0000","88101","PM2.5 - Local Conditions","170","Met One BAM-1020 Mass Monitor w/VSCC","49340","Worcester, MA-CT","25","Massachusetts","027","Worcester","42.2639545825909","-71.7943222531487"
"05/26/2020","AQS","250270023","3","7.5","ug/m3 LC","42","WORCESTER SUMMER STREET","1","100.0000","88101","PM2.5 - Local Conditions","170","Met One BAM-1020 Mass Monitor w/VSCC","49340","Worcester, MA-CT","25","Massachusetts","027","Worcester","42.2639545825909","-71.7943222531487"
"05/27/2020","AQS","250270023","3","5.7","ug/m3 LC","32","WORCESTER SUMMER STREET","1","100.0000","88101","PM2.5 - Local Conditions","170","Met One BAM-1020 Mass Monitor w/VSCC","49340","Worcester, MA-CT","25","Massachusetts","027","Worcester","42.2639545825909","-71.7943222531487"
"05/28/2020","AQS","250270023","3","4.2","ug/m3 LC","23","WORCESTER SUMMER STREET","1","100.0000","88101","PM2.5 - Local Conditions","170","Met One BAM-1020 Mass Monitor w/VSCC","49340","Worcester, MA-CT","25","Massachusetts","027","Worcester","42.2639545825909","-71.7943222531487"
"05/29/2020","AQS","250270023","3","4.6","ug/m3 LC","26","WORCESTER SUMMER STREET","1","100.0000","88101","PM2.5 - Local Conditions","170","Met One BAM-1020 Mass Monitor w/VSCC","49340","Worcester, MA-CT","25","Massachusetts","027","Worcester","42.2639545825909","-71.7943222531487"
"05/30/2020","AQS","250270023","3","3.6","ug/m3 LC","20","WORCESTER SUMMER STREET","1","100.0000","88101","PM2.5 - Local Conditions","170","Met One BAM-1020 Mass Monitor w/VSCC","49340","Worcester, MA-CT","25","Massachusetts","027","Worcester","42.2639545825909","-71.7943222531487"
"05/31/2020","AQS","250270023","3","2.7","ug/m3 LC","15","WORCESTER SUMMER STREET","1","100.0000","88101","PM2.5 - Local Conditions","170","Met One BAM-1020 Mass Monitor w/VSCC","49340","Worcester, MA-CT","25","Massachusetts","027","Worcester","42.2639545825909","-71.7943222531487"
"06/01/2020","AQS","250270023","3","4.2","ug/m3 LC","23","WORCESTER SUMMER STREET","1","100.0000","88101","PM2.5 - Local Conditions","170","Met One BAM-1020 Mass Monitor w/VSCC","49340","Worcester, MA-CT","25","Massachusetts","027","Worcester","42.2639545825909","-71.7943222531487"
"06/02/2020","AQS","250270023","3","7.3","ug/m3 LC","41","WORCESTER SUMMER STREET","1","100.0000","88101","PM2.5 - Local Conditions","170","Met One BAM-1020 Mass Monitor w/VSCC","49340","Worcester, MA-CT","25","Massachusetts","027","Worcester","42.2639545825909","-71.7943222531487"
"06/03/2020","AQS","250270023","3","10.5","ug/m3 LC","54","WORCESTER SUMMER STREET","1","100.0000","88101","PM2.5 - Local Conditions","170","Met One BAM-1020 Mass Monitor w/VSCC","49340","Worcester, MA-CT","25","Massachusetts","027","Worcester","42.2639545825909","-71.7943222531487"
"06/04/2020","AQS","250270023","3","11.5","ug/m3 LC","55","WORCESTER SUMMER STREET","1","100.0000","88101","PM2.5 - Local Conditions","170","Met One BAM-1020 Mass Monitor w/VSCC","49340","Worcester, MA-CT","25","Massachusetts","027","Worcester","42.2639545825909","-71.7943222531487"
"06/09/2020","AQS","250270023","3","6.5","ug/m3 LC","36","WORCESTER SUMMER STREET","1","100.0000","88101","PM2.5 - Local Conditions","170","Met One BAM-1020 Mass Monitor w/VSCC","49340","Worcester, MA-CT","25","Massachusetts","027","Worcester","42.2639545825909","-71.7943222531487"
"06/10/2020","AQS","250270023","3","10.7","ug/m3 LC","54","WORCESTER SUMMER STREET","1","100.0000","88101","PM2.5 - Local Conditions","170","Met One BAM-1020 Mass Monitor w/VSCC","49340","Worcester, MA-CT","25","Massachusetts","027","Worcester","42.2639545825909","-71.7943222531487"
"06/11/2020","AQS","250270023","3","9","ug/m3 LC","50","WORCESTER SUMMER STREET","1","100.0000","88101","PM2.5 - Local Conditions","170","Met One BAM-1020 Mass Monitor w/VSCC","49340","Worcester, MA-CT","25","Massachusetts","027","Worcester","42.2639545825909","-71.7943222531487"
"06/12/2020","AQS","250270023","3","7.1","ug/m3 LC","39","WORCESTER SUMMER STREET","1","100.0000","88101","PM2.5 - Local Conditions","170","Met One BAM-1020 Mass Monitor w/VSCC","49340","Worcester, MA-CT","25","Massachusetts","027","Worcester","42.2639545825909","-71.7943222531487"
"06/13/2020","AQS","250270023","3","3.5","ug/m3 LC","19","WORCESTER SUMMER STREET","1","100.0000","88101","PM2.5 - Local Conditions","170","Met One BAM-1020 Mass Monitor w/VSCC","49340","Worcester, MA-CT","25","Massachusetts","027","Worcester","42.2639545825909","-71.7943222531487"
"06/14/2020","AQS","250270023","3","5.2","ug/m3 LC","29","WORCESTER SUMMER STREET","1","100.0000","88101","PM2.5 - Local Conditions","170","Met One BAM-1020 Mass Monitor w/VSCC","49340","Worcester, MA-CT","25","Massachusetts","027","Worcester","42.2639545825909","-71.7943222531487"
"06/15/2020","AQS","250270023","3","8.1","ug/m3 LC","45","WORCESTER SUMMER STREET","1","100.0000","88101","PM2.5 - Local Conditions","170","Met One BAM-1020 Mass Monitor w/VSCC","49340","Worcester, MA-CT","25","Massachusetts","027","Worcester","42.2639545825909","-71.7943222531487"
"06/16/2020","AQS","250270023","3","8.8","ug/m3 LC","49","WORCESTER SUMMER STREET","1","100.0000","88101","PM2.5 - Local Conditions","170","Met One BAM-1020 Mass Monitor w/VSCC","49340","Worcester, MA-CT","25","Massachusetts","027","Worcester","42.2639545825909","-71.7943222531487"
"06/17/2020","AQS","250270023","3","7.8","ug/m3 LC","43","WORCESTER SUMMER STREET","1","100.0000","88101","PM2.5 - Local Conditions","170","Met One BAM-1020 Mass Monitor w/VSCC","49340","Worcester, MA-CT","25","Massachusetts","027","Worcester","42.2639545825909","-71.7943222531487"
"06/18/2020","AQS","250270023","3","4.7","ug/m3 LC","26","WORCESTER SUMMER STREET","1","100.0000","88101","PM2.5 - Local Conditions","170","Met One BAM-1020 Mass Monitor w/VSCC","49340","Worcester, MA-CT","25","Massachusetts","027","Worcester","42.2639545825909","-71.7943222531487"
"06/19/2020","AQS","250270023","3","4.8","ug/m3 LC","27","WORCESTER SUMMER STREET","1","100.0000","88101","PM2.5 - Local Conditions","170","Met One BAM-1020 Mass Monitor w/VSCC","49340","Worcester, MA-CT","25","Massachusetts","027","Worcester","42.2639545825909","-71.7943222531487"
"06/20/2020","AQS","250270023","3","8.5","ug/m3 LC","47","WORCESTER SUMMER STREET","1","100.0000","88101","PM2.5 - Local Conditions","170","Met One BAM-1020 Mass Monitor w/VSCC","49340","Worcester, MA-CT","25","Massachusetts","027","Worcester","42.2639545825909","-71.7943222531487"
"06/21/2020","AQS","250270023","3","10.2","ug/m3 LC","53","WORCESTER SUMMER STREET","1","100.0000","88101","PM2.5 - Local Conditions","170","Met One BAM-1020 Mass Monitor w/VSCC","49340","Worcester, MA-CT","25","Massachusetts","027","Worcester","42.2639545825909","-71.7943222531487"
"06/22/2020","AQS","250270023","3","12.6","ug/m3 LC","58","WORCESTER SUMMER STREET","1","100.0000","88101","PM2.5 - Local Conditions","170","Met One BAM-1020 Mass Monitor w/VSCC","49340","Worcester, MA-CT","25","Massachusetts","027","Worcester","42.2639545825909","-71.7943222531487"
"06/23/2020","AQS","250270023","3","9.5","ug/m3 LC","52","WORCESTER SUMMER STREET","1","100.0000","88101","PM2.5 - Local Conditions","170","Met One BAM-1020 Mass Monitor w/VSCC","49340","Worcester, MA-CT","25","Massachusetts","027","Worcester","42.2639545825909","-71.7943222531487"
"06/24/2020","AQS","250270023","3","10","ug/m3 LC","53","WORCESTER SUMMER STREET","1","100.0000","88101","PM2.5 - Local Conditions","170","Met One BAM-1020 Mass Monitor w/VSCC","49340","Worcester, MA-CT","25","Massachusetts","027","Worcester","42.2639545825909","-71.7943222531487"
"06/25/2020","AQS","250270023","3","7.4","ug/m3 LC","41","WORCESTER SUMMER STREET","1","100.0000","88101","PM2.5 - Local Conditions","170","Met One BAM-1020 Mass Monitor w/VSCC","49340","Worcester, MA-CT","25","Massachusetts","027","Worcester","42.2639545825909","-71.7943222531487"
"06/26/2020","AQS","250270023","3","10.5","ug/m3 LC","54","WORCESTER SUMMER STREET","1","100.0000","88101","PM2.5 - Local Conditions","170","Met One BAM-1020 Mass Monitor w/VSCC","49340","Worcester, MA-CT","25","Massachusetts","027","Worcester","42.2639545825909","-71.7943222531487"
"06/27/2020","AQS","250270023","3","11.5","ug/m3 LC","55","WORCESTER SUMMER STREET","1","100.0000","88101","PM2.5 - Local Conditions","170","Met One BAM-1020 Mass Monitor w/VSCC","49340","Worcester, MA-CT","25","Massachusetts","027","Worcester","42.2639545825909","-71.7943222531487"
"06/28/2020","AQS","250270023","3","7.2","ug/m3 LC","40","WORCESTER SUMMER STREET","1","100.0000","88101","PM2.5 - Local Conditions","170","Met One BAM-1020 Mass Monitor w/VSCC","49340","Worcester, MA-CT","25","Massachusetts","027","Worcester","42.2639545825909","-71.7943222531487"
"06/29/2020","AQS","250270023","3","6.1","ug/m3 LC","34","WORCESTER SUMMER STREET","1","100.0000","88101","PM2.5 - Local Conditions","170","Met One BAM-1020 Mass Monitor w/VSCC","49340","Worcester, MA-CT","25","Massachusetts","027","Worcester","42.2639545825909","-71.7943222531487"
"06/30/2020","AQS","250270023","3","7.1","ug/m3 LC","39","WORCESTER SUMMER STREET","1","100.0000","88101","PM2.5 - Local Conditions","170","Met One BAM-1020 Mass Monitor w/VSCC","49340","Worcester, MA-CT","25","Massachusetts","027","Worcester","42.2639545825909","-71.7943222531487"
"07/01/2020","AQS","250270023","3","6.9","ug/m3 LC","38","WORCESTER SUMMER STREET","1","100.0000","88101","PM2.5 - Local Conditions","170","Met One BAM-1020 Mass Monitor w/VSCC","49340","Worcester, MA-CT","25","Massachusetts","027","Worcester","42.2639545825909","-71.7943222531487"
"07/02/2020","AQS","250270023","3","9.1","ug/m3 LC","51","WORCESTER SUMMER STREET","1","100.0000","88101","PM2.5 - Local Conditions","170","Met One BAM-1020 Mass Monitor w/VSCC","49340","Worcester, MA-CT","25","Massachusetts","027","Worcester","42.2639545825909","-71.7943222531487"
"07/03/2020","AQS","250270023","3","10.9","ug/m3 LC","54","WORCESTER SUMMER STREET","1","100.0000","88101","PM2.5 - Local Conditions","170","Met One BAM-1020 Mass Monitor w/VSCC","49340","Worcester, MA-CT","25","Massachusetts","027","Worcester","42.2639545825909","-71.7943222531487"
"07/04/2020","AQS","250270023","3","12","ug/m3 LC","56","WORCESTER SUMMER STREET","1","100.0000","88101","PM2.5 - Local Conditions","170","Met One BAM-1020 Mass Monitor w/VSCC","49340","Worcester, MA-CT","25","Massachusetts","027","Worcester","42.2639545825909","-71.7943222531487"
"07/05/2020","AQS","250270023","3","15.4","ug/m3 LC","63","WORCESTER SUMMER STREET","1","100.0000","88101","PM2.5 - Local Conditions","170","Met One BAM-1020 Mass Monitor w/VSCC","49340","Worcester, MA-CT","25","Massachusetts","027","Worcester","42.2639545825909","-71.7943222531487"
"07/06/2020","AQS","250270023","3","10.9","ug/m3 LC","54","WORCESTER SUMMER STREET","1","100.0000","88101","PM2.5 - Local Conditions","170","Met One BAM-1020 Mass Monitor w/VSCC","49340","Worcester, MA-CT","25","Massachusetts","027","Worcester","42.2639545825909","-71.7943222531487"
"07/07/2020","AQS","250270023","3","8.6","ug/m3 LC","48","WORCESTER SUMMER STREET","1","100.0000","88101","PM2.5 - Local Conditions","170","Met One BAM-1020 Mass Monitor w/VSCC","49340","Worcester, MA-CT","25","Massachusetts","027","Worcester","42.2639545825909","-71.7943222531487"
"07/08/2020","AQS","250270023","3","12","ug/m3 LC","56","WORCESTER SUMMER STREET","1","100.0000","88101","PM2.5 - Local Conditions","170","Met One BAM-1020 Mass Monitor w/VSCC","49340","Worcester, MA-CT","25","Massachusetts","027","Worcester","42.2639545825909","-71.7943222531487"
"07/09/2020","AQS","250270023","3","14.4","ug/m3 LC","61","WORCESTER SUMMER STREET","1","100.0000","88101","PM2.5 - Local Conditions","170","Met One BAM-1020 Mass Monitor w/VSCC","49340","Worcester, MA-CT","25","Massachusetts","027","Worcester","42.2639545825909","-71.7943222531487"
"07/10/2020","AQS","250270023","3","7.7","ug/m3 LC","43","WORCESTER SUMMER STREET","1","100.0000","88101","PM2.5 - Local Conditions","170","Met One BAM-1020 Mass Monitor w/VSCC","49340","Worcester, MA-CT","25","Massachusetts","027","Worcester","42.2639545825909","-71.7943222531487"
"07/11/2020","AQS","250270023","3","8.6","ug/m3 LC","48","WORCESTER SUMMER STREET","1","100.0000","88101","PM2.5 - Local Conditions","170","Met One BAM-1020 Mass Monitor w/VSCC","49340","Worcester, MA-CT","25","Massachusetts","027","Worcester","42.2639545825909","-71.7943222531487"
"07/12/2020","AQS","250270023","3","6.9","ug/m3 LC","38","WORCESTER SUMMER STREET","1","100.0000","88101","PM2.5 - Local Conditions","170","Met One BAM-1020 Mass Monitor w/VSCC","49340","Worcester, MA-CT","25","Massachusetts","027","Worcester","42.2639545825909","-71.7943222531487"
"07/13/2020","AQS","250270023","3","7.6","ug/m3 LC","42","WORCESTER SUMMER STREET","1","100.0000","88101","PM2.5 - Local Conditions","170","Met One BAM-1020 Mass Monitor w/VSCC","49340","Worcester, MA-CT","25","Massachusetts","027","Worcester","42.2639545825909","-71.7943222531487"
"07/14/2020","AQS","250270023","3","8.6","ug/m3 LC","48","WORCESTER SUMMER STREET","1","100.0000","88101","PM2.5 - Local Conditions","170","Met One BAM-1020 Mass Monitor w/VSCC","49340","Worcester, MA-CT","25","Massachusetts","027","Worcester","42.2639545825909","-71.7943222531487"
"07/15/2020","AQS","250270023","3","7.4","ug/m3 LC","41","WORCESTER SUMMER STREET","1","100.0000","88101","PM2.5 - Local Conditions","170","Met One BAM-1020 Mass Monitor w/VSCC","49340","Worcester, MA-CT","25","Massachusetts","027","Worcester","42.2639545825909","-71.7943222531487"
"07/16/2020","AQS","250270023","3","8.2","ug/m3 LC","46","WORCESTER SUMMER STREET","1","100.0000","88101","PM2.5 - Local Conditions","170","Met One BAM-1020 Mass Monitor w/VSCC","49340","Worcester, MA-CT","25","Massachusetts","027","Worcester","42.2639545825909","-71.7943222531487"
"07/17/2020","AQS","250270023","3","6.7","ug/m3 LC","37","WORCESTER SUMMER STREET","1","100.0000","88101","PM2.5 - Local Conditions","170","Met One BAM-1020 Mass Monitor w/VSCC","49340","Worcester, MA-CT","25","Massachusetts","027","Worcester","42.2639545825909","-71.7943222531487"
"07/18/2020","AQS","250270023","3","9","ug/m3 LC","50","WORCESTER SUMMER STREET","1","100.0000","88101","PM2.5 - Local Conditions","170","Met One BAM-1020 Mass Monitor w/VSCC","49340","Worcester, MA-CT","25","Massachusetts","027","Worcester","42.2639545825909","-71.7943222531487"
"07/19/2020","AQS","250270023","3","15.5","ug/m3 LC","63","WORCESTER SUMMER STREET","1","100.0000","88101","PM2.5 - Local Conditions","170","Met One BAM-1020 Mass Monitor w/VSCC","49340","Worcester, MA-CT","25","Massachusetts","027","Worcester","42.2639545825909","-71.7943222531487"
"07/20/2020","AQS","250270023","3","10.4","ug/m3 LC","53","WORCESTER SUMMER STREET","1","100.0000","88101","PM2.5 - Local Conditions","170","Met One BAM-1020 Mass Monitor w/VSCC","49340","Worcester, MA-CT","25","Massachusetts","027","Worcester","42.2639545825909","-71.7943222531487"
"07/21/2020","AQS","250270023","3","8.5","ug/m3 LC","47","WORCESTER SUMMER STREET","1","100.0000","88101","PM2.5 - Local Conditions","170","Met One BAM-1020 Mass Monitor w/VSCC","49340","Worcester, MA-CT","25","Massachusetts","027","Worcester","42.2639545825909","-71.7943222531487"
"07/22/2020","AQS","250270023","3","11","ug/m3 LC","55","WORCESTER SUMMER STREET","1","100.0000","88101","PM2.5 - Local Conditions","170","Met One BAM-1020 Mass Monitor w/VSCC","49340","Worcester, MA-CT","25","Massachusetts","027","Worcester","42.2639545825909","-71.7943222531487"
"07/23/2020","AQS","250270023","3","8.9","ug/m3 LC","49","WORCESTER SUMMER STREET","1","100.0000","88101","PM2.5 - Local Conditions","170","Met One BAM-1020 Mass Monitor w/VSCC","49340","Worcester, MA-CT","25","Massachusetts","027","Worcester","42.2639545825909","-71.7943222531487"
"07/24/2020","AQS","250270023","3","9.8","ug/m3 LC","52","WORCESTER SUMMER STREET","1","100.0000","88101","PM2.5 - Local Conditions","170","Met One BAM-1020 Mass Monitor w/VSCC","49340","Worcester, MA-CT","25","Massachusetts","027","Worcester","42.2639545825909","-71.7943222531487"
"07/25/2020","AQS","250270023","3","12.3","ug/m3 LC","57","WORCESTER SUMMER STREET","1","100.0000","88101","PM2.5 - Local Conditions","170","Met One BAM-1020 Mass Monitor w/VSCC","49340","Worcester, MA-CT","25","Massachusetts","027","Worcester","42.2639545825909","-71.7943222531487"
"07/26/2020","AQS","250270023","3","12.3","ug/m3 LC","57","WORCESTER SUMMER STREET","1","100.0000","88101","PM2.5 - Local Conditions","170","Met One BAM-1020 Mass Monitor w/VSCC","49340","Worcester, MA-CT","25","Massachusetts","027","Worcester","42.2639545825909","-71.7943222531487"
"07/27/2020","AQS","250270023","3","11.7","ug/m3 LC","56","WORCESTER SUMMER STREET","1","100.0000","88101","PM2.5 - Local Conditions","170","Met One BAM-1020 Mass Monitor w/VSCC","49340","Worcester, MA-CT","25","Massachusetts","027","Worcester","42.2639545825909","-71.7943222531487"
"07/28/2020","AQS","250270023","3","9.5","ug/m3 LC","52","WORCESTER SUMMER STREET","1","100.0000","88101","PM2.5 - Local Conditions","170","Met One BAM-1020 Mass Monitor w/VSCC","49340","Worcester, MA-CT","25","Massachusetts","027","Worcester","42.2639545825909","-71.7943222531487"
"07/29/2020","AQS","250270023","3","9","ug/m3 LC","50","WORCESTER SUMMER STREET","1","100.0000","88101","PM2.5 - Local Conditions","170","Met One BAM-1020 Mass Monitor w/VSCC","49340","Worcester, MA-CT","25","Massachusetts","027","Worcester","42.2639545825909","-71.7943222531487"
"07/30/2020","AQS","250270023","3","9.1","ug/m3 LC","51","WORCESTER SUMMER STREET","1","100.0000","88101","PM2.5 - Local Conditions","170","Met One BAM-1020 Mass Monitor w/VSCC","49340","Worcester, MA-CT","25","Massachusetts","027","Worcester","42.2639545825909","-71.7943222531487"
"07/31/2020","AQS","250270023","3","7.1","ug/m3 LC","39","WORCESTER SUMMER STREET","1","100.0000","88101","PM2.5 - Local Conditions","170","Met One BAM-1020 Mass Monitor w/VSCC","49340","Worcester, MA-CT","25","Massachusetts","027","Worcester","42.2639545825909","-71.7943222531487"
"08/01/2020","AQS","250270023","3","10.1","ug/m3 LC","53","WORCESTER SUMMER STREET","1","100.0000","88101","PM2.5 - Local Conditions","170","Met One BAM-1020 Mass Monitor w/VSCC","49340","Worcester, MA-CT","25","Massachusetts","027","Worcester","42.2639545825909","-71.7943222531487"
"08/02/2020","AQS","250270023","3","10.3","ug/m3 LC","53","WORCESTER SUMMER STREET","1","100.0000","88101","PM2.5 - Local Conditions","170","Met One BAM-1020 Mass Monitor w/VSCC","49340","Worcester, MA-CT","25","Massachusetts","027","Worcester","42.2639545825909","-71.7943222531487"
"08/03/2020","AQS","250270023","3","9","ug/m3 LC","50","WORCESTER SUMMER STREET","1","100.0000","88101","PM2.5 - Local Conditions","170","Met One BAM-1020 Mass Monitor w/VSCC","49340","Worcester, MA-CT","25","Massachusetts","027","Worcester","42.2639545825909","-71.7943222531487"
"08/04/2020","AQS","250270023","3","11.2","ug/m3 LC","55","WORCESTER SUMMER STREET","1","100.0000","88101","PM2.5 - Local Conditions","170","Met One BAM-1020 Mass Monitor w/VSCC","49340","Worcester, MA-CT","25","Massachusetts","027","Worcester","42.2639545825909","-71.7943222531487"
"08/05/2020","AQS","250270023","3","8.3","ug/m3 LC","46","WORCESTER SUMMER STREET","1","100.0000","88101","PM2.5 - Local Conditions","170","Met One BAM-1020 Mass Monitor w/VSCC","49340","Worcester, MA-CT","25","Massachusetts","027","Worcester","42.2639545825909","-71.7943222531487"
"08/06/2020","AQS","250270023","3","8.6","ug/m3 LC","48","WORCESTER SUMMER STREET","1","100.0000","88101","PM2.5 - Local Conditions","170","Met One BAM-1020 Mass Monitor w/VSCC","49340","Worcester, MA-CT","25","Massachusetts","027","Worcester","42.2639545825909","-71.7943222531487"
"08/07/2020","AQS","250270023","3","9.5","ug/m3 LC","52","WORCESTER SUMMER STREET","1","100.0000","88101","PM2.5 - Local Conditions","170","Met One BAM-1020 Mass Monitor w/VSCC","49340","Worcester, MA-CT","25","Massachusetts","027","Worcester","42.2639545825909","-71.7943222531487"
"08/08/2020","AQS","250270023","3","10.9","ug/m3 LC","54","WORCESTER SUMMER STREET","1","100.0000","88101","PM2.5 - Local Conditions","170","Met One BAM-1020 Mass Monitor w/VSCC","49340","Worcester, MA-CT","25","Massachusetts","027","Worcester","42.2639545825909","-71.7943222531487"
"08/09/2020","AQS","250270023","3","12","ug/m3 LC","56","WORCESTER SUMMER STREET","1","100.0000","88101","PM2.5 - Local Conditions","170","Met One BAM-1020 Mass Monitor w/VSCC","49340","Worcester, MA-CT","25","Massachusetts","027","Worcester","42.2639545825909","-71.7943222531487"
"08/10/2020","AQS","250270023","3","11.3","ug/m3 LC","55","WORCESTER SUMMER STREET","1","100.0000","88101","PM2.5 - Local Conditions","170","Met One BAM-1020 Mass Monitor w/VSCC","49340","Worcester, MA-CT","25","Massachusetts","027","Worcester","42.2639545825909","-71.7943222531487"
"08/11/2020","AQS","250270023","3","16.3","ug/m3 LC","64","WORCESTER SUMMER STREET","1","100.0000","88101","PM2.5 - Local Conditions","170","Met One BAM-1020 Mass Monitor w/VSCC","49340","Worcester, MA-CT","25","Massachusetts","027","Worcester","42.2639545825909","-71.7943222531487"
"08/12/2020","AQS","250270023","3","8","ug/m3 LC","44","WORCESTER SUMMER STREET","1","100.0000","88101","PM2.5 - Local Conditions","170","Met One BAM-1020 Mass Monitor w/VSCC","49340","Worcester, MA-CT","25","Massachusetts","027","Worcester","42.2639545825909","-71.7943222531487"
"08/13/2020","AQS","250270023","3","10.1","ug/m3 LC","53","WORCESTER SUMMER STREET","1","100.0000","88101","PM2.5 - Local Conditions","170","Met One BAM-1020 Mass Monitor w/VSCC","49340","Worcester, MA-CT","25","Massachusetts","027","Worcester","42.2639545825909","-71.7943222531487"
"08/14/2020","AQS","250270023","3","11","ug/m3 LC","55","WORCESTER SUMMER STREET","1","100.0000","88101","PM2.5 - Local Conditions","170","Met One BAM-1020 Mass Monitor w/VSCC","49340","Worcester, MA-CT","25","Massachusetts","027","Worcester","42.2639545825909","-71.7943222531487"
"08/15/2020","AQS","250270023","3","10.8","ug/m3 LC","54","WORCESTER SUMMER STREET","1","100.0000","88101","PM2.5 - Local Conditions","170","Met One BAM-1020 Mass Monitor w/VSCC","49340","Worcester, MA-CT","25","Massachusetts","027","Worcester","42.2639545825909","-71.7943222531487"
"08/16/2020","AQS","250270023","3","9.9","ug/m3 LC","52","WORCESTER SUMMER STREET","1","100.0000","88101","PM2.5 - Local Conditions","170","Met One BAM-1020 Mass Monitor w/VSCC","49340","Worcester, MA-CT","25","Massachusetts","027","Worcester","42.2639545825909","-71.7943222531487"
"08/17/2020","AQS","250270023","3","9.8","ug/m3 LC","52","WORCESTER SUMMER STREET","1","100.0000","88101","PM2.5 - Local Conditions","170","Met One BAM-1020 Mass Monitor w/VSCC","49340","Worcester, MA-CT","25","Massachusetts","027","Worcester","42.2639545825909","-71.7943222531487"
"08/18/2020","AQS","250270023","3","7.5","ug/m3 LC","42","WORCESTER SUMMER STREET","1","100.0000","88101","PM2.5 - Local Conditions","170","Met One BAM-1020 Mass Monitor w/VSCC","49340","Worcester, MA-CT","25","Massachusetts","027","Worcester","42.2639545825909","-71.7943222531487"
"08/19/2020","AQS","250270023","3","8.4","ug/m3 LC","47","WORCESTER SUMMER STREET","1","100.0000","88101","PM2.5 - Local Conditions","170","Met One BAM-1020 Mass Monitor w/VSCC","49340","Worcester, MA-CT","25","Massachusetts","027","Worcester","42.2639545825909","-71.7943222531487"
"08/20/2020","AQS","250270023","3","7.1","ug/m3 LC","39","WORCESTER SUMMER STREET","1","100.0000","88101","PM2.5 - Local Conditions","170","Met One BAM-1020 Mass Monitor w/VSCC","49340","Worcester, MA-CT","25","Massachusetts","027","Worcester","42.2639545825909","-71.7943222531487"
"08/21/2020","AQS","250270023","3","10.3","ug/m3 LC","53","WORCESTER SUMMER STREET","1","100.0000","88101","PM2.5 - Local Conditions","170","Met One BAM-1020 Mass Monitor w/VSCC","49340","Worcester, MA-CT","25","Massachusetts","027","Worcester","42.2639545825909","-71.7943222531487"
"08/22/2020","AQS","250270023","3","13.8","ug/m3 LC","60","WORCESTER SUMMER STREET","1","100.0000","88101","PM2.5 - Local Conditions","170","Met One BAM-1020 Mass Monitor w/VSCC","49340","Worcester, MA-CT","25","Massachusetts","027","Worcester","42.2639545825909","-71.7943222531487"
"08/23/2020","AQS","250270023","3","10.7","ug/m3 LC","54","WORCESTER SUMMER STREET","1","100.0000","88101","PM2.5 - Local Conditions","170","Met One BAM-1020 Mass Monitor w/VSCC","49340","Worcester, MA-CT","25","Massachusetts","027","Worcester","42.2639545825909","-71.7943222531487"
"08/24/2020","AQS","250270023","3","11.6","ug/m3 LC","56","WORCESTER SUMMER STREET","1","100.0000","88101","PM2.5 - Local Conditions","170","Met One BAM-1020 Mass Monitor w/VSCC","49340","Worcester, MA-CT","25","Massachusetts","027","Worcester","42.2639545825909","-71.7943222531487"
"08/25/2020","AQS","250270023","3","10","ug/m3 LC","53","WORCESTER SUMMER STREET","1","100.0000","88101","PM2.5 - Local Conditions","170","Met One BAM-1020 Mass Monitor w/VSCC","49340","Worcester, MA-CT","25","Massachusetts","027","Worcester","42.2639545825909","-71.7943222531487"
"08/26/2020","AQS","250270023","3","3.7","ug/m3 LC","21","WORCESTER SUMMER STREET","1","100.0000","88101","PM2.5 - Local Conditions","170","Met One BAM-1020 Mass Monitor w/VSCC","49340","Worcester, MA-CT","25","Massachusetts","027","Worcester","42.2639545825909","-71.7943222531487"
"08/27/2020","AQS","250270023","3","6.6","ug/m3 LC","37","WORCESTER SUMMER STREET","1","100.0000","88101","PM2.5 - Local Conditions","170","Met One BAM-1020 Mass Monitor w/VSCC","49340","Worcester, MA-CT","25","Massachusetts","027","Worcester","42.2639545825909","-71.7943222531487"
"08/28/2020","AQS","250270023","3","6.5","ug/m3 LC","36","WORCESTER SUMMER STREET","1","100.0000","88101","PM2.5 - Local Conditions","170","Met One BAM-1020 Mass Monitor w/VSCC","49340","Worcester, MA-CT","25","Massachusetts","027","Worcester","42.2639545825909","-71.7943222531487"
"08/29/2020","AQS","250270023","3","8.5","ug/m3 LC","47","WORCESTER SUMMER STREET","1","100.0000","88101","PM2.5 - Local Conditions","170","Met One BAM-1020 Mass Monitor w/VSCC","49340","Worcester, MA-CT","25","Massachusetts","027","Worcester","42.2639545825909","-71.7943222531487"
"08/30/2020","AQS","250270023","3","5.1","ug/m3 LC","28","WORCESTER SUMMER STREET","1","100.0000","88101","PM2.5 - Local Conditions","170","Met One BAM-1020 Mass Monitor w/VSCC","49340","Worcester, MA-CT","25","Massachusetts","027","Worcester","42.2639545825909","-71.7943222531487"
"08/31/2020","AQS","250270023","3","7.2","ug/m3 LC","40","WORCESTER SUMMER STREET","1","100.0000","88101","PM2.5 - Local Conditions","170","Met One BAM-1020 Mass Monitor w/VSCC","49340","Worcester, MA-CT","25","Massachusetts","027","Worcester","42.2639545825909","-71.7943222531487"
"09/01/2020","AQS","250270023","3","7.4","ug/m3 LC","41","WORCESTER SUMMER STREET","1","100.0000","88101","PM2.5 - Local Conditions","170","Met One BAM-1020 Mass Monitor w/VSCC","49340","Worcester, MA-CT","25","Massachusetts","027","Worcester","42.2639545825909","-71.7943222531487"
"09/02/2020","AQS","250270023","3","6.7","ug/m3 LC","37","WORCESTER SUMMER STREET","1","100.0000","88101","PM2.5 - Local Conditions","170","Met One BAM-1020 Mass Monitor w/VSCC","49340","Worcester, MA-CT","25","Massachusetts","027","Worcester","42.2639545825909","-71.7943222531487"
"09/03/2020","AQS","250270023","3","5.2","ug/m3 LC","29","WORCESTER SUMMER STREET","1","100.0000","88101","PM2.5 - Local Conditions","170","Met One BAM-1020 Mass Monitor w/VSCC","49340","Worcester, MA-CT","25","Massachusetts","027","Worcester","42.2639545825909","-71.7943222531487"
"09/04/2020","AQS","250270023","3","6.7","ug/m3 LC","37","WORCESTER SUMMER STREET","1","100.0000","88101","PM2.5 - Local Conditions","170","Met One BAM-1020 Mass Monitor w/VSCC","49340","Worcester, MA-CT","25","Massachusetts","027","Worcester","42.2639545825909","-71.7943222531487"
"09/05/2020","AQS","250270023","3","6.7","ug/m3 LC","37","WORCESTER SUMMER STREET","1","100.0000","88101","PM2.5 - Local Conditions","170","Met One BAM-1020 Mass Monitor w/VSCC","49340","Worcester, MA-CT","25","Massachusetts","027","Worcester","42.2639545825909","-71.7943222531487"
"09/06/2020","AQS","250270023","3","10.1","ug/m3 LC","53","WORCESTER SUMMER STREET","1","100.0000","88101","PM2.5 - Local Conditions","170","Met One BAM-1020 Mass Monitor w/VSCC","49340","Worcester, MA-CT","25","Massachusetts","027","Worcester","42.2639545825909","-71.7943222531487"
"09/07/2020","AQS","250270023","3","7","ug/m3 LC","39","WORCESTER SUMMER STREET","1","100.0000","88101","PM2.5 - Local Conditions","170","Met One BAM-1020 Mass Monitor w/VSCC","49340","Worcester, MA-CT","25","Massachusetts","027","Worcester","42.2639545825909","-71.7943222531487"
"09/08/2020","AQS","250270023","3","7.5","ug/m3 LC","42","WORCESTER SUMMER STREET","1","100.0000","88101","PM2.5 - Local Conditions","170","Met One BAM-1020 Mass Monitor w/VSCC","49340","Worcester, MA-CT","25","Massachusetts","027","Worcester","42.2639545825909","-71.7943222531487"
"09/09/2020","AQS","250270023","3","7.2","ug/m3 LC","40","WORCESTER SUMMER STREET","1","100.0000","88101","PM2.5 - Local Conditions","170","Met One BAM-1020 Mass Monitor w/VSCC","49340","Worcester, MA-CT","25","Massachusetts","027","Worcester","42.2639545825909","-71.7943222531487"
"09/10/2020","AQS","250270023","3","6","ug/m3 LC","33","WORCESTER SUMMER STREET","1","100.0000","88101","PM2.5 - Local Conditions","170","Met One BAM-1020 Mass Monitor w/VSCC","49340","Worcester, MA-CT","25","Massachusetts","027","Worcester","42.2639545825909","-71.7943222531487"
"09/11/2020","AQS","250270023","3","6.9","ug/m3 LC","38","WORCESTER SUMMER STREET","1","100.0000","88101","PM2.5 - Local Conditions","170","Met One BAM-1020 Mass Monitor w/VSCC","49340","Worcester, MA-CT","25","Massachusetts","027","Worcester","42.2639545825909","-71.7943222531487"
"09/12/2020","AQS","250270023","3","6.6","ug/m3 LC","37","WORCESTER SUMMER STREET","1","100.0000","88101","PM2.5 - Local Conditions","170","Met One BAM-1020 Mass Monitor w/VSCC","49340","Worcester, MA-CT","25","Massachusetts","027","Worcester","42.2639545825909","-71.7943222531487"
"09/13/2020","AQS","250270023","3","7.7","ug/m3 LC","43","WORCESTER SUMMER STREET","1","100.0000","88101","PM2.5 - Local Conditions","170","Met One BAM-1020 Mass Monitor w/VSCC","49340","Worcester, MA-CT","25","Massachusetts","027","Worcester","42.2639545825909","-71.7943222531487"
"09/14/2020","AQS","250270023","3","4.5","ug/m3 LC","25","WORCESTER SUMMER STREET","1","100.0000","88101","PM2.5 - Local Conditions","170","Met One BAM-1020 Mass Monitor w/VSCC","49340","Worcester, MA-CT","25","Massachusetts","027","Worcester","42.2639545825909","-71.7943222531487"
"09/15/2020","AQS","250270023","3","4.6","ug/m3 LC","26","WORCESTER SUMMER STREET","1","100.0000","88101","PM2.5 - Local Conditions","170","Met One BAM-1020 Mass Monitor w/VSCC","49340","Worcester, MA-CT","25","Massachusetts","027","Worcester","42.2639545825909","-71.7943222531487"
"09/16/2020","AQS","250270023","3","5.7","ug/m3 LC","32","WORCESTER SUMMER STREET","1","100.0000","88101","PM2.5 - Local Conditions","170","Met One BAM-1020 Mass Monitor w/VSCC","49340","Worcester, MA-CT","25","Massachusetts","027","Worcester","42.2639545825909","-71.7943222531487"
"09/17/2020","AQS","250270023","3","6.7","ug/m3 LC","37","WORCESTER SUMMER STREET","1","100.0000","88101","PM2.5 - Local Conditions","170","Met One BAM-1020 Mass Monitor w/VSCC","49340","Worcester, MA-CT","25","Massachusetts","027","Worcester","42.2639545825909","-71.7943222531487"
"09/18/2020","AQS","250270023","3","5.5","ug/m3 LC","31","WORCESTER SUMMER STREET","1","100.0000","88101","PM2.5 - Local Conditions","170","Met One BAM-1020 Mass Monitor w/VSCC","49340","Worcester, MA-CT","25","Massachusetts","027","Worcester","42.2639545825909","-71.7943222531487"
"09/19/2020","AQS","250270023","3","5.2","ug/m3 LC","29","WORCESTER SUMMER STREET","1","100.0000","88101","PM2.5 - Local Conditions","170","Met One BAM-1020 Mass Monitor w/VSCC","49340","Worcester, MA-CT","25","Massachusetts","027","Worcester","42.2639545825909","-71.7943222531487"
"09/20/2020","AQS","250270023","3","6.5","ug/m3 LC","36","WORCESTER SUMMER STREET","1","100.0000","88101","PM2.5 - Local Conditions","170","Met One BAM-1020 Mass Monitor w/VSCC","49340","Worcester, MA-CT","25","Massachusetts","027","Worcester","42.2639545825909","-71.7943222531487"
"09/21/2020","AQS","250270023","3","5.7","ug/m3 LC","32","WORCESTER SUMMER STREET","1","100.0000","88101","PM2.5 - Local Conditions","170","Met One BAM-1020 Mass Monitor w/VSCC","49340","Worcester, MA-CT","25","Massachusetts","027","Worcester","42.2639545825909","-71.7943222531487"
"09/22/2020","AQS","250270023","3","4.9","ug/m3 LC","27","WORCESTER SUMMER STREET","1","100.0000","88101","PM2.5 - Local Conditions","170","Met One BAM-1020 Mass Monitor w/VSCC","49340","Worcester, MA-CT","25","Massachusetts","027","Worcester","42.2639545825909","-71.7943222531487"
"09/23/2020","AQS","250270023","3","7.7","ug/m3 LC","43","WORCESTER SUMMER STREET","1","100.0000","88101","PM2.5 - Local Conditions","170","Met One BAM-1020 Mass Monitor w/VSCC","49340","Worcester, MA-CT","25","Massachusetts","027","Worcester","42.2639545825909","-71.7943222531487"
"09/24/2020","AQS","250270023","3","12.1","ug/m3 LC","57","WORCESTER SUMMER STREET","1","100.0000","88101","PM2.5 - Local Conditions","170","Met One BAM-1020 Mass Monitor w/VSCC","49340","Worcester, MA-CT","25","Massachusetts","027","Worcester","42.2639545825909","-71.7943222531487"
"09/25/2020","AQS","250270023","3","17.4","ug/m3 LC","66","WORCESTER SUMMER STREET","1","100.0000","88101","PM2.5 - Local Conditions","170","Met One BAM-1020 Mass Monitor w/VSCC","49340","Worcester, MA-CT","25","Massachusetts","027","Worcester","42.2639545825909","-71.7943222531487"
"09/26/2020","AQS","250270023","3","15.1","ug/m3 LC","62","WORCESTER SUMMER STREET","1","100.0000","88101","PM2.5 - Local Conditions","170","Met One BAM-1020 Mass Monitor w/VSCC","49340","Worcester, MA-CT","25","Massachusetts","027","Worcester","42.2639545825909","-71.7943222531487"
"09/27/2020","AQS","250270023","3","7.3","ug/m3 LC","41","WORCESTER SUMMER STREET","1","100.0000","88101","PM2.5 - Local Conditions","170","Met One BAM-1020 Mass Monitor w/VSCC","49340","Worcester, MA-CT","25","Massachusetts","027","Worcester","42.2639545825909","-71.7943222531487"
"09/28/2020","AQS","250270023","3","5.9","ug/m3 LC","33","WORCESTER SUMMER STREET","1","100.0000","88101","PM2.5 - Local Conditions","170","Met One BAM-1020 Mass Monitor w/VSCC","49340","Worcester, MA-CT","25","Massachusetts","027","Worcester","42.2639545825909","-71.7943222531487"
"09/30/2020","AQS","250270023","3","3","ug/m3 LC","17","WORCESTER SUMMER STREET","1","100.0000","88101","PM2.5 - Local Conditions","170","Met One BAM-1020 Mass Monitor w/VSCC","49340","Worcester, MA-CT","25","Massachusetts","027","Worcester","42.2639545825909","-71.7943222531487"
"10/01/2020","AQS","250270023","3","8.9","ug/m3 LC","49","WORCESTER SUMMER STREET","1","100.0000","88101","PM2.5 - Local Conditions","170","Met One BAM-1020 Mass Monitor w/VSCC","49340","Worcester, MA-CT","25","Massachusetts","027","Worcester","42.2639545825909","-71.7943222531487"
"10/02/2020","AQS","250270023","3","7.9","ug/m3 LC","44","WORCESTER SUMMER STREET","1","100.0000","88101","PM2.5 - Local Conditions","170","Met One BAM-1020 Mass Monitor w/VSCC","49340","Worcester, MA-CT","25","Massachusetts","027","Worcester","42.2639545825909","-71.7943222531487"
"10/03/2020","AQS","250270023","3","6.3","ug/m3 LC","35","WORCESTER SUMMER STREET","1","100.0000","88101","PM2.5 - Local Conditions","170","Met One BAM-1020 Mass Monitor w/VSCC","49340","Worcester, MA-CT","25","Massachusetts","027","Worcester","42.2639545825909","-71.7943222531487"
"10/04/2020","AQS","250270023","3","5.8","ug/m3 LC","32","WORCESTER SUMMER STREET","1","100.0000","88101","PM2.5 - Local Conditions","170","Met One BAM-1020 Mass Monitor w/VSCC","49340","Worcester, MA-CT","25","Massachusetts","027","Worcester","42.2639545825909","-71.7943222531487"
"10/05/2020","AQS","250270023","3","9.2","ug/m3 LC","51","WORCESTER SUMMER STREET","1","100.0000","88101","PM2.5 - Local Conditions","170","Met One BAM-1020 Mass Monitor w/VSCC","49340","Worcester, MA-CT","25","Massachusetts","027","Worcester","42.2639545825909","-71.7943222531487"
"10/06/2020","AQS","250270023","3","6.4","ug/m3 LC","36","WORCESTER SUMMER STREET","1","100.0000","88101","PM2.5 - Local Conditions","170","Met One BAM-1020 Mass Monitor w/VSCC","49340","Worcester, MA-CT","25","Massachusetts","027","Worcester","42.2639545825909","-71.7943222531487"
"10/07/2020","AQS","250270023","3","6.9","ug/m3 LC","38","WORCESTER SUMMER STREET","1","100.0000","88101","PM2.5 - Local Conditions","170","Met One BAM-1020 Mass Monitor w/VSCC","49340","Worcester, MA-CT","25","Massachusetts","027","Worcester","42.2639545825909","-71.7943222531487"
"10/08/2020","AQS","250270023","3","4","ug/m3 LC","22","WORCESTER SUMMER STREET","1","100.0000","88101","PM2.5 - Local Conditions","170","Met One BAM-1020 Mass Monitor w/VSCC","49340","Worcester, MA-CT","25","Massachusetts","027","Worcester","42.2639545825909","-71.7943222531487"
"10/09/2020","AQS","250270023","3","6.2","ug/m3 LC","34","WORCESTER SUMMER STREET","1","100.0000","88101","PM2.5 - Local Conditions","170","Met One BAM-1020 Mass Monitor w/VSCC","49340","Worcester, MA-CT","25","Massachusetts","027","Worcester","42.2639545825909","-71.7943222531487"
"10/10/2020","AQS","250270023","3","9.5","ug/m3 LC","52","WORCESTER SUMMER STREET","1","100.0000","88101","PM2.5 - Local Conditions","170","Met One BAM-1020 Mass Monitor w/VSCC","49340","Worcester, MA-CT","25","Massachusetts","027","Worcester","42.2639545825909","-71.7943222531487"
"10/11/2020","AQS","250270023","3","6.5","ug/m3 LC","36","WORCESTER SUMMER STREET","1","100.0000","88101","PM2.5 - Local Conditions","170","Met One BAM-1020 Mass Monitor w/VSCC","49340","Worcester, MA-CT","25","Massachusetts","027","Worcester","42.2639545825909","-71.7943222531487"
"10/12/2020","AQS","250270023","3","5.8","ug/m3 LC","32","WORCESTER SUMMER STREET","1","100.0000","88101","PM2.5 - Local Conditions","170","Met One BAM-1020 Mass Monitor w/VSCC","49340","Worcester, MA-CT","25","Massachusetts","027","Worcester","42.2639545825909","-71.7943222531487"
"10/13/2020","AQS","250270023","3","3.6","ug/m3 LC","20","WORCESTER SUMMER STREET","1","100.0000","88101","PM2.5 - Local Conditions","170","Met One BAM-1020 Mass Monitor w/VSCC","49340","Worcester, MA-CT","25","Massachusetts","027","Worcester","42.2639545825909","-71.7943222531487"
"10/14/2020","AQS","250270023","3","4.8","ug/m3 LC","27","WORCESTER SUMMER STREET","1","100.0000","88101","PM2.5 - Local Conditions","170","Met One BAM-1020 Mass Monitor w/VSCC","49340","Worcester, MA-CT","25","Massachusetts","027","Worcester","42.2639545825909","-71.7943222531487"
"10/15/2020","AQS","250270023","3","10.1","ug/m3 LC","53","WORCESTER SUMMER STREET","1","100.0000","88101","PM2.5 - Local Conditions","170","Met One BAM-1020 Mass Monitor w/VSCC","49340","Worcester, MA-CT","25","Massachusetts","027","Worcester","42.2639545825909","-71.7943222531487"
"10/16/2020","AQS","250270023","3","4.8","ug/m3 LC","27","WORCESTER SUMMER STREET","1","100.0000","88101","PM2.5 - Local Conditions","170","Met One BAM-1020 Mass Monitor w/VSCC","49340","Worcester, MA-CT","25","Massachusetts","027","Worcester","42.2639545825909","-71.7943222531487"
"10/17/2020","AQS","250270023","3","7.5","ug/m3 LC","42","WORCESTER SUMMER STREET","1","100.0000","88101","PM2.5 - Local Conditions","170","Met One BAM-1020 Mass Monitor w/VSCC","49340","Worcester, MA-CT","25","Massachusetts","027","Worcester","42.2639545825909","-71.7943222531487"
"10/18/2020","AQS","250270023","3","10.5","ug/m3 LC","54","WORCESTER SUMMER STREET","1","100.0000","88101","PM2.5 - Local Conditions","170","Met One BAM-1020 Mass Monitor w/VSCC","49340","Worcester, MA-CT","25","Massachusetts","027","Worcester","42.2639545825909","-71.7943222531487"
"10/19/2020","AQS","250270023","3","10.3","ug/m3 LC","53","WORCESTER SUMMER STREET","1","100.0000","88101","PM2.5 - Local Conditions","170","Met One BAM-1020 Mass Monitor w/VSCC","49340","Worcester, MA-CT","25","Massachusetts","027","Worcester","42.2639545825909","-71.7943222531487"
"10/20/2020","AQS","250270023","3","6.3","ug/m3 LC","35","WORCESTER SUMMER STREET","1","100.0000","88101","PM2.5 - Local Conditions","170","Met One BAM-1020 Mass Monitor w/VSCC","49340","Worcester, MA-CT","25","Massachusetts","027","Worcester","42.2639545825909","-71.7943222531487"
"10/21/2020","AQS","250270023","3","7.5","ug/m3 LC","42","WORCESTER SUMMER STREET","1","100.0000","88101","PM2.5 - Local Conditions","170","Met One BAM-1020 Mass Monitor w/VSCC","49340","Worcester, MA-CT","25","Massachusetts","027","Worcester","42.2639545825909","-71.7943222531487"
"10/22/2020","AQS","250270023","3","8.1","ug/m3 LC","45","WORCESTER SUMMER STREET","1","100.0000","88101","PM2.5 - Local Conditions","170","Met One BAM-1020 Mass Monitor w/VSCC","49340","Worcester, MA-CT","25","Massachusetts","027","Worcester","42.2639545825909","-71.7943222531487"
"10/23/2020","AQS","250270023","3","9.1","ug/m3 LC","51","WORCESTER SUMMER STREET","1","100.0000","88101","PM2.5 - Local Conditions","170","Met One BAM-1020 Mass Monitor w/VSCC","49340","Worcester, MA-CT","25","Massachusetts","027","Worcester","42.2639545825909","-71.7943222531487"
"10/24/2020","AQS","250270023","3","6.5","ug/m3 LC","36","WORCESTER SUMMER STREET","1","100.0000","88101","PM2.5 - Local Conditions","170","Met One BAM-1020 Mass Monitor w/VSCC","49340","Worcester, MA-CT","25","Massachusetts","027","Worcester","42.2639545825909","-71.7943222531487"
"10/25/2020","AQS","250270023","3","5.4","ug/m3 LC","30","WORCESTER SUMMER STREET","1","100.0000","88101","PM2.5 - Local Conditions","170","Met One BAM-1020 Mass Monitor w/VSCC","49340","Worcester, MA-CT","25","Massachusetts","027","Worcester","42.2639545825909","-71.7943222531487"
"10/26/2020","AQS","250270023","3","8.2","ug/m3 LC","46","WORCESTER SUMMER STREET","1","100.0000","88101","PM2.5 - Local Conditions","170","Met One BAM-1020 Mass Monitor w/VSCC","49340","Worcester, MA-CT","25","Massachusetts","027","Worcester","42.2639545825909","-71.7943222531487"
"10/27/2020","AQS","250270023","3","3.6","ug/m3 LC","20","WORCESTER SUMMER STREET","1","100.0000","88101","PM2.5 - Local Conditions","170","Met One BAM-1020 Mass Monitor w/VSCC","49340","Worcester, MA-CT","25","Massachusetts","027","Worcester","42.2639545825909","-71.7943222531487"
"10/28/2020","AQS","250270023","3","5.5","ug/m3 LC","31","WORCESTER SUMMER STREET","1","100.0000","88101","PM2.5 - Local Conditions","170","Met One BAM-1020 Mass Monitor w/VSCC","49340","Worcester, MA-CT","25","Massachusetts","027","Worcester","42.2639545825909","-71.7943222531487"
"10/29/2020","AQS","250270023","3","6.9","ug/m3 LC","38","WORCESTER SUMMER STREET","1","100.0000","88101","PM2.5 - Local Conditions","170","Met One BAM-1020 Mass Monitor w/VSCC","49340","Worcester, MA-CT","25","Massachusetts","027","Worcester","42.2639545825909","-71.7943222531487"
"10/30/2020","AQS","250270023","3","5.2","ug/m3 LC","29","WORCESTER SUMMER STREET","1","100.0000","88101","PM2.5 - Local Conditions","170","Met One BAM-1020 Mass Monitor w/VSCC","49340","Worcester, MA-CT","25","Massachusetts","027","Worcester","42.2639545825909","-71.7943222531487"
"10/31/2020","AQS","250270023","3","12.7","ug/m3 LC","58","WORCESTER SUMMER STREET","1","100.0000","88101","PM2.5 - Local Conditions","170","Met One BAM-1020 Mass Monitor w/VSCC","49340","Worcester, MA-CT","25","Massachusetts","027","Worcester","42.2639545825909","-71.7943222531487"
"11/01/2020","AQS","250270023","3","9.3","ug/m3 LC","51","WORCESTER SUMMER STREET","1","100.0000","88101","PM2.5 - Local Conditions","170","Met One BAM-1020 Mass Monitor w/VSCC","49340","Worcester, MA-CT","25","Massachusetts","027","Worcester","42.2639545825909","-71.7943222531487"
"11/02/2020","AQS","250270023","3","4.7","ug/m3 LC","26","WORCESTER SUMMER STREET","1","100.0000","88101","PM2.5 - Local Conditions","170","Met One BAM-1020 Mass Monitor w/VSCC","49340","Worcester, MA-CT","25","Massachusetts","027","Worcester","42.2639545825909","-71.7943222531487"
"11/03/2020","AQS","250270023","3","5.3","ug/m3 LC","29","WORCESTER SUMMER STREET","1","100.0000","88101","PM2.5 - Local Conditions","170","Met One BAM-1020 Mass Monitor w/VSCC","49340","Worcester, MA-CT","25","Massachusetts","027","Worcester","42.2639545825909","-71.7943222531487"
"11/04/2020","AQS","250270023","3","7.5","ug/m3 LC","42","WORCESTER SUMMER STREET","1","100.0000","88101","PM2.5 - Local Conditions","170","Met One BAM-1020 Mass Monitor w/VSCC","49340","Worcester, MA-CT","25","Massachusetts","027","Worcester","42.2639545825909","-71.7943222531487"
"11/05/2020","AQS","250270023","3","7.6","ug/m3 LC","42","WORCESTER SUMMER STREET","1","100.0000","88101","PM2.5 - Local Conditions","170","Met One BAM-1020 Mass Monitor w/VSCC","49340","Worcester, MA-CT","25","Massachusetts","027","Worcester","42.2639545825909","-71.7943222531487"
"11/06/2020","AQS","250270023","3","7.8","ug/m3 LC","43","WORCESTER SUMMER STREET","1","100.0000","88101","PM2.5 - Local Conditions","170","Met One BAM-1020 Mass Monitor w/VSCC","49340","Worcester, MA-CT","25","Massachusetts","027","Worcester","42.2639545825909","-71.7943222531487"
"11/07/2020","AQS","250270023","3","12.3","ug/m3 LC","57","WORCESTER SUMMER STREET","1","100.0000","88101","PM2.5 - Local Conditions","170","Met One BAM-1020 Mass Monitor w/VSCC","49340","Worcester, MA-CT","25","Massachusetts","027","Worcester","42.2639545825909","-71.7943222531487"
"11/08/2020","AQS","250270023","3","17.1","ug/m3 LC","66","WORCESTER SUMMER STREET","1","100.0000","88101","PM2.5 - Local Conditions","170","Met One BAM-1020 Mass Monitor w/VSCC","49340","Worcester, MA-CT","25","Massachusetts","027","Worcester","42.2639545825909","-71.7943222531487"
"11/09/2020","AQS","250270023","3","17.5","ug/m3 LC","67","WORCESTER SUMMER STREET","1","100.0000","88101","PM2.5 - Local Conditions","170","Met One BAM-1020 Mass Monitor w/VSCC","49340","Worcester, MA-CT","25","Massachusetts","027","Worcester","42.2639545825909","-71.7943222531487"
"11/10/2020","AQS","250270023","3","15","ug/m3 LC","62","WORCESTER SUMMER STREET","1","100.0000","88101","PM2.5 - Local Conditions","170","Met One BAM-1020 Mass Monitor w/VSCC","49340","Worcester, MA-CT","25","Massachusetts","027","Worcester","42.2639545825909","-71.7943222531487"
"11/11/2020","AQS","250270023","3","3.7","ug/m3 LC","21","WORCESTER SUMMER STREET","1","100.0000","88101","PM2.5 - Local Conditions","170","Met One BAM-1020 Mass Monitor w/VSCC","49340","Worcester, MA-CT","25","Massachusetts","027","Worcester","42.2639545825909","-71.7943222531487"
"11/12/2020","AQS","250270023","3","3.3","ug/m3 LC","18","WORCESTER SUMMER STREET","1","100.0000","88101","PM2.5 - Local Conditions","170","Met One BAM-1020 Mass Monitor w/VSCC","49340","Worcester, MA-CT","25","Massachusetts","027","Worcester","42.2639545825909","-71.7943222531487"
"11/13/2020","AQS","250270023","3","5.2","ug/m3 LC","29","WORCESTER SUMMER STREET","1","100.0000","88101","PM2.5 - Local Conditions","170","Met One BAM-1020 Mass Monitor w/VSCC","49340","Worcester, MA-CT","25","Massachusetts","027","Worcester","42.2639545825909","-71.7943222531487"
"11/14/2020","AQS","250270023","3","6.3","ug/m3 LC","35","WORCESTER SUMMER STREET","1","100.0000","88101","PM2.5 - Local Conditions","170","Met One BAM-1020 Mass Monitor w/VSCC","49340","Worcester, MA-CT","25","Massachusetts","027","Worcester","42.2639545825909","-71.7943222531487"
"11/15/2020","AQS","250270023","3","7.8","ug/m3 LC","43","WORCESTER SUMMER STREET","1","100.0000","88101","PM2.5 - Local Conditions","170","Met One BAM-1020 Mass Monitor w/VSCC","49340","Worcester, MA-CT","25","Massachusetts","027","Worcester","42.2639545825909","-71.7943222531487"
"11/16/2020","AQS","250270023","3","2.7","ug/m3 LC","15","WORCESTER SUMMER STREET","1","100.0000","88101","PM2.5 - Local Conditions","170","Met One BAM-1020 Mass Monitor w/VSCC","49340","Worcester, MA-CT","25","Massachusetts","027","Worcester","42.2639545825909","-71.7943222531487"
"11/17/2020","AQS","250270023","3","6.8","ug/m3 LC","38","WORCESTER SUMMER STREET","1","100.0000","88101","PM2.5 - Local Conditions","170","Met One BAM-1020 Mass Monitor w/VSCC","49340","Worcester, MA-CT","25","Massachusetts","027","Worcester","42.2639545825909","-71.7943222531487"
"11/18/2020","AQS","250270023","3","6.5","ug/m3 LC","36","WORCESTER SUMMER STREET","1","100.0000","88101","PM2.5 - Local Conditions","170","Met One BAM-1020 Mass Monitor w/VSCC","49340","Worcester, MA-CT","25","Massachusetts","027","Worcester","42.2639545825909","-71.7943222531487"
"11/19/2020","AQS","250270023","3","8.2","ug/m3 LC","46","WORCESTER SUMMER STREET","1","100.0000","88101","PM2.5 - Local Conditions","170","Met One BAM-1020 Mass Monitor w/VSCC","49340","Worcester, MA-CT","25","Massachusetts","027","Worcester","42.2639545825909","-71.7943222531487"
"11/20/2020","AQS","250270023","3","8.4","ug/m3 LC","47","WORCESTER SUMMER STREET","1","100.0000","88101","PM2.5 - Local Conditions","170","Met One BAM-1020 Mass Monitor w/VSCC","49340","Worcester, MA-CT","25","Massachusetts","027","Worcester","42.2639545825909","-71.7943222531487"
"11/21/2020","AQS","250270023","3","9.6","ug/m3 LC","52","WORCESTER SUMMER STREET","1","100.0000","88101","PM2.5 - Local Conditions","170","Met One BAM-1020 Mass Monitor w/VSCC","49340","Worcester, MA-CT","25","Massachusetts","027","Worcester","42.2639545825909","-71.7943222531487"
"11/22/2020","AQS","250270023","3","7.4","ug/m3 LC","41","WORCESTER SUMMER STREET","1","100.0000","88101","PM2.5 - Local Conditions","170","Met One BAM-1020 Mass Monitor w/VSCC","49340","Worcester, MA-CT","25","Massachusetts","027","Worcester","42.2639545825909","-71.7943222531487"
"11/23/2020","AQS","250270023","3","2.9","ug/m3 LC","16","WORCESTER SUMMER STREET","1","100.0000","88101","PM2.5 - Local Conditions","170","Met One BAM-1020 Mass Monitor w/VSCC","49340","Worcester, MA-CT","25","Massachusetts","027","Worcester","42.2639545825909","-71.7943222531487"
"11/25/2020","AQS","250270023","3","8.4","ug/m3 LC","47","WORCESTER SUMMER STREET","1","100.0000","88101","PM2.5 - Local Conditions","170","Met One BAM-1020 Mass Monitor w/VSCC","49340","Worcester, MA-CT","25","Massachusetts","027","Worcester","42.2639545825909","-71.7943222531487"
"11/26/2020","AQS","250270023","3","7.4","ug/m3 LC","41","WORCESTER SUMMER STREET","1","100.0000","88101","PM2.5 - Local Conditions","170","Met One BAM-1020 Mass Monitor w/VSCC","49340","Worcester, MA-CT","25","Massachusetts","027","Worcester","42.2639545825909","-71.7943222531487"
"11/27/2020","AQS","250270023","3","6.5","ug/m3 LC","36","WORCESTER SUMMER STREET","1","100.0000","88101","PM2.5 - Local Conditions","170","Met One BAM-1020 Mass Monitor w/VSCC","49340","Worcester, MA-CT","25","Massachusetts","027","Worcester","42.2639545825909","-71.7943222531487"
"11/28/2020","AQS","250270023","3","5.5","ug/m3 LC","31","WORCESTER SUMMER STREET","1","100.0000","88101","PM2.5 - Local Conditions","170","Met One BAM-1020 Mass Monitor w/VSCC","49340","Worcester, MA-CT","25","Massachusetts","027","Worcester","42.2639545825909","-71.7943222531487"
"11/29/2020","AQS","250270023","3","6.9","ug/m3 LC","38","WORCESTER SUMMER STREET","1","100.0000","88101","PM2.5 - Local Conditions","170","Met One BAM-1020 Mass Monitor w/VSCC","49340","Worcester, MA-CT","25","Massachusetts","027","Worcester","42.2639545825909","-71.7943222531487"
"11/30/2020","AQS","250270023","3","9.7","ug/m3 LC","52","WORCESTER SUMMER STREET","1","100.0000","88101","PM2.5 - Local Conditions","170","Met One BAM-1020 Mass Monitor w/VSCC","49340","Worcester, MA-CT","25","Massachusetts","027","Worcester","42.2639545825909","-71.7943222531487"
"12/01/2020","AQS","250270023","3","6.2","ug/m3 LC","34","WORCESTER SUMMER STREET","1","100.0000","88101","PM2.5 - Local Conditions","170","Met One BAM-1020 Mass Monitor w/VSCC","49340","Worcester, MA-CT","25","Massachusetts","027","Worcester","42.2639545825909","-71.7943222531487"
"12/02/2020","AQS","250270023","3","5.5","ug/m3 LC","31","WORCESTER SUMMER STREET","1","100.0000","88101","PM2.5 - Local Conditions","170","Met One BAM-1020 Mass Monitor w/VSCC","49340","Worcester, MA-CT","25","Massachusetts","027","Worcester","42.2639545825909","-71.7943222531487"
"12/03/2020","AQS","250270023","3","7.7","ug/m3 LC","43","WORCESTER SUMMER STREET","1","100.0000","88101","PM2.5 - Local Conditions","170","Met One BAM-1020 Mass Monitor w/VSCC","49340","Worcester, MA-CT","25","Massachusetts","027","Worcester","42.2639545825909","-71.7943222531487"
"12/04/2020","AQS","250270023","3","7.5","ug/m3 LC","42","WORCESTER SUMMER STREET","1","100.0000","88101","PM2.5 - Local Conditions","170","Met One BAM-1020 Mass Monitor w/VSCC","49340","Worcester, MA-CT","25","Massachusetts","027","Worcester","42.2639545825909","-71.7943222531487"
"12/05/2020","AQS","250270023","3","5.1","ug/m3 LC","28","WORCESTER SUMMER STREET","1","100.0000","88101","PM2.5 - Local Conditions","170","Met One BAM-1020 Mass Monitor w/VSCC","49340","Worcester, MA-CT","25","Massachusetts","027","Worcester","42.2639545825909","-71.7943222531487"
"12/06/2020","AQS","250270023","3","1.8","ug/m3 LC","10","WORCESTER SUMMER STREET","1","100.0000","88101","PM2.5 - Local Conditions","170","Met One BAM-1020 Mass Monitor w/VSCC","49340","Worcester, MA-CT","25","Massachusetts","027","Worcester","42.2639545825909","-71.7943222531487"
"12/07/2020","AQS","250270023","3","4.7","ug/m3 LC","26","WORCESTER SUMMER STREET","1","100.0000","88101","PM2.5 - Local Conditions","170","Met One BAM-1020 Mass Monitor w/VSCC","49340","Worcester, MA-CT","25","Massachusetts","027","Worcester","42.2639545825909","-71.7943222531487"
"12/08/2020","AQS","250270023","3","5.7","ug/m3 LC","32","WORCESTER SUMMER STREET","1","100.0000","88101","PM2.5 - Local Conditions","170","Met One BAM-1020 Mass Monitor w/VSCC","49340","Worcester, MA-CT","25","Massachusetts","027","Worcester","42.2639545825909","-71.7943222531487"
"12/09/2020","AQS","250270023","3","9","ug/m3 LC","50","WORCESTER SUMMER STREET","1","100.0000","88101","PM2.5 - Local Conditions","170","Met One BAM-1020 Mass Monitor w/VSCC","49340","Worcester, MA-CT","25","Massachusetts","027","Worcester","42.2639545825909","-71.7943222531487"
"12/10/2020","AQS","250270023","3","7.4","ug/m3 LC","41","WORCESTER SUMMER STREET","1","100.0000","88101","PM2.5 - Local Conditions","170","Met One BAM-1020 Mass Monitor w/VSCC","49340","Worcester, MA-CT","25","Massachusetts","027","Worcester","42.2639545825909","-71.7943222531487"
"12/11/2020","AQS","250270023","3","14.7","ug/m3 LC","61","WORCESTER SUMMER STREET","1","100.0000","88101","PM2.5 - Local Conditions","170","Met One BAM-1020 Mass Monitor w/VSCC","49340","Worcester, MA-CT","25","Massachusetts","027","Worcester","42.2639545825909","-71.7943222531487"
"12/12/2020","AQS","250270023","3","15.8","ug/m3 LC","63","WORCESTER SUMMER STREET","1","100.0000","88101","PM2.5 - Local Conditions","170","Met One BAM-1020 Mass Monitor w/VSCC","49340","Worcester, MA-CT","25","Massachusetts","027","Worcester","42.2639545825909","-71.7943222531487"
"12/13/2020","AQS","250270023","3","7.8","ug/m3 LC","43","WORCESTER SUMMER STREET","1","100.0000","88101","PM2.5 - Local Conditions","170","Met One BAM-1020 Mass Monitor w/VSCC","49340","Worcester, MA-CT","25","Massachusetts","027","Worcester","42.2639545825909","-71.7943222531487"
"12/14/2020","AQS","250270023","3","6.6","ug/m3 LC","37","WORCESTER SUMMER STREET","1","100.0000","88101","PM2.5 - Local Conditions","170","Met One BAM-1020 Mass Monitor w/VSCC","49340","Worcester, MA-CT","25","Massachusetts","027","Worcester","42.2639545825909","-71.7943222531487"
"12/15/2020","AQS","250270023","3","6.3","ug/m3 LC","35","WORCESTER SUMMER STREET","1","100.0000","88101","PM2.5 - Local Conditions","170","Met One BAM-1020 Mass Monitor w/VSCC","49340","Worcester, MA-CT","25","Massachusetts","027","Worcester","42.2639545825909","-71.7943222531487"
"12/16/2020","AQS","250270023","3","7.6","ug/m3 LC","42","WORCESTER SUMMER STREET","1","100.0000","88101","PM2.5 - Local Conditions","170","Met One BAM-1020 Mass Monitor w/VSCC","49340","Worcester, MA-CT","25","Massachusetts","027","Worcester","42.2639545825909","-71.7943222531487"
"12/17/2020","AQS","250270023","3","4.3","ug/m3 LC","24","WORCESTER SUMMER STREET","1","100.0000","88101","PM2.5 - Local Conditions","170","Met One BAM-1020 Mass Monitor w/VSCC","49340","Worcester, MA-CT","25","Massachusetts","027","Worcester","42.2639545825909","-71.7943222531487"
"12/22/2020","AQS","250270023","3","12.6","ug/m3 LC","58","WORCESTER SUMMER STREET","1","100.0000","88101","PM2.5 - Local Conditions","170","Met One BAM-1020 Mass Monitor w/VSCC","49340","Worcester, MA-CT","25","Massachusetts","027","Worcester","42.2639545825909","-71.7943222531487"
"12/23/2020","AQS","250270023","3","11.4","ug/m3 LC","55","WORCESTER SUMMER STREET","1","100.0000","88101","PM2.5 - Local Conditions","170","Met One BAM-1020 Mass Monitor w/VSCC","49340","Worcester, MA-CT","25","Massachusetts","027","Worcester","42.2639545825909","-71.7943222531487"
"12/24/2020","AQS","250270023","3","13.2","ug/m3 LC","59","WORCESTER SUMMER STREET","1","100.0000","88101","PM2.5 - Local Conditions","170","Met One BAM-1020 Mass Monitor w/VSCC","49340","Worcester, MA-CT","25","Massachusetts","027","Worcester","42.2639545825909","-71.7943222531487"
"12/25/2020","AQS","250270023","3","4.9","ug/m3 LC","27","WORCESTER SUMMER STREET","1","100.0000","88101","PM2.5 - Local Conditions","170","Met One BAM-1020 Mass Monitor w/VSCC","49340","Worcester, MA-CT","25","Massachusetts","027","Worcester","42.2639545825909","-71.7943222531487"
"12/26/2020","AQS","250270023","3","8","ug/m3 LC","44","WORCESTER SUMMER STREET","1","100.0000","88101","PM2.5 - Local Conditions","170","Met One BAM-1020 Mass Monitor w/VSCC","49340","Worcester, MA-CT","25","Massachusetts","027","Worcester","42.2639545825909","-71.7943222531487"
"12/27/2020","AQS","250270023","3","12.6","ug/m3 LC","58","WORCESTER SUMMER STREET","1","100.0000","88101","PM2.5 - Local Conditions","170","Met One BAM-1020 Mass Monitor w/VSCC","49340","Worcester, MA-CT","25","Massachusetts","027","Worcester","42.2639545825909","-71.7943222531487"
"12/28/2020","AQS","250270023","3","15.7","ug/m3 LC","63","WORCESTER SUMMER STREET","1","100.0000","88101","PM2.5 - Local Conditions","170","Met One BAM-1020 Mass Monitor w/VSCC","49340","Worcester, MA-CT","25","Massachusetts","027","Worcester","42.2639545825909","-71.7943222531487"
"12/29/2020","AQS","250270023","3","5.7","ug/m3 LC","32","WORCESTER SUMMER STREET","1","100.0000","88101","PM2.5 - Local Conditions","170","Met One BAM-1020 Mass Monitor w/VSCC","49340","Worcester, MA-CT","25","Massachusetts","027","Worcester","42.2639545825909","-71.7943222531487"
"12/30/2020","AQS","250270023","3","8.7","ug/m3 LC","48","WORCESTER SUMMER STREET","1","100.0000","88101","PM2.5 - Local Conditions","170","Met One BAM-1020 Mass Monitor w/VSCC","49340","Worcester, MA-CT","25","Massachusetts","027","Worcester","42.2639545825909","-71.7943222531487"
"12/31/2020","AQS","250270023","3","8","ug/m3 LC","44","WORCESTER SUMMER STREET","1","100.0000","88101","PM2.5 - Local Conditions","170","Met One BAM-1020 Mass Monitor w/VSCC","49340","Worcester, MA-CT","25","Massachusetts","027","Worcester","42.2639545825909","-71.7943222531487"
